infobel_url,scrape_date,business_name,address,postal_code,city,category,phone,email,website,tva,hours,financial_url,financial_company_name,financial_registered_office,financial_creation_date,financial_tva,financial_fiscal_year,financial_administrators,position,first_name,last_name,financial_nacebel,financial_employee_count
https://www.infobel.com/fr/belgium/rocourt/liege/BE106476086-042630168/businessdetails.aspx,2026-07-29,ROCOURT à Liège - Chaussée de Tongres 269,Chaussée de Tongres 269 4000 Liège LIEGE,4000,Liège,,0474 94 60 69; 04 263 01 68,serviceclients.be@msmode.com,https://www.msmode.be/fr,BE2278529802,Lu: 09:30-19:00; Ma: 09:30-19:00; Me: 09:30-19:00; Je: 09:30-19:00; Ve: 09:30-19:00; Sa: 09:30-19:00,https://www.infobel.com/fr/belgium/financial/vat/BE2278529802,VN Rocourt,Chaussée de Tongres 269 4000 Liège LIEGE,09/08/2018,BE2278529802,,,,,,"Commerce de détail de vêtements, de sous-vêtements et d'accessoires pour dame, homme, enfant et bébé, assortiment général",
https://www.infobel.com/fr/belgium/taverne_saint_paul/liege/BE106410242-042690256/businessdetails.aspx,2026-07-29,Taverne Saint Paul à Liège,Rue Saint-Paul 8 4000 Liège LIEGE,4000,Liège,,04 269 02 56,info@tavernesaintpaul.be,https://tavernesaintpaul.be/,BE2346003297,Lu: 10:30-23:00; Ma: 10:30-23:00; Me: 10:30-23:00; Je: 10:30-01:00; Ve: 10:30-02:00; Sa: 10:30-02:00; Di: 14:00-21:00,https://www.infobel.com/fr/belgium/financial/vat/BE2346003297,Taverne Saint-Paul,Rue Saint-Paul 8 4000 Liège LIEGE,15/06/2023,BE2346003297,,,,,,Cafés et bars,
https://www.infobel.com/fr/belgium/kfc_rocourt/liege/BE106375786-043319359/businessdetails.aspx,2026-07-29,KFC - Rocourt à Liège,Chaussée de Tongres 294 4000 Liège LIEGE,2976,évaluations),,04 331 93 59,,https://www.kfcrestaurants.be/,BE2309199024,Lu: 11:00-23:00; Ma: 11:00-23:00; Me: 11:00-23:00; Je: 11:00-23:00; Ve: 11:00-00:00; Sa: 11:00-00:00; Di: 11:00-23:00,https://www.infobel.com/fr/belgium/financial/vat/BE2309199024,KFC Rocourt,Chaussée de Tongres 294 4000 Liège LIEGE,01/11/2020,BE2309199024,,,,,,"Vente au comptoir ou par téléphone, fax, internet d'aliments et de boissons : services au volant (drive-in)",
https://www.infobel.com/fr/belgium/jambon_violon/liege/BE105983446-042213572/businessdetails.aspx,2026-07-29,Jambon Violon à Liège,Quai de la Dérivation 39 4020 Liège LIEGE,4020,Liège,,04 221 35 72,info@jambonviolon.be,https://jambonviolon.be/,BE0744683450,,https://www.infobel.com/fr/belgium/financial/vat/BE0744683450,Foguenne Tom,Quai de la Dérivation 39 4020 Liège LIEGE,03/03/2020,BE0744683450,31/12/2025,Tom Foguenne,Administrateur,Tom,Foguenne,Restauration à service complet,"2 (2025) 2024 2025 0 1 2 3 4 5 6 7 8 9 10 3 2 Marge Brute16 328 € (2025) 2024 2025 0 € 10,000 € 20,000 € 30,000 € 40,000 € 50,000 € 60,000 € 70,000 € 58,609 16,328"
https://www.infobel.com/fr/belgium/brasserie_grand_curtius/liege/BE105927909-042216840/businessdetails.aspx,2026-07-29,Brasserie - Grand Curtius à Liège,Féronstrée 136 4000 Liège LIEGE,4000,Liège,,0499 34 68 43; 04 221 68 40,,http://www.grandcurtiusliege.be,BE1028760719,Me: 10:00-18:00; Je: 10:00-18:00; Ve: 10:00-18:00; Sa: 10:00-18:00; Di: 10:00-18:00,https://www.infobel.com/fr/belgium/financial/vat/BE1028760719,Brasserie Du Grand Musée Curtius,Féronstrée 136 4000 Liège LIEGE,01/11/2025,BE1028760719,,Jennifer Kempenaire,Administrateur,Jennifer,Kempenaire,"Restauration à service restreint, à l'exclusion de restauration mobile",
https://www.infobel.com/fr/belgium/article_xxiii/liege/BE105491880-042230333/businessdetails.aspx,2026-07-29,Article XXIII à Liège - Chaussée des Prés 44,Chaussée des Prés 44 4020 Liège LIEGE,4020,Liège,,04 223 03 33; 04 222 46 91,info@alest.be,http://www.article23.eu,BE0479622537,Lu: 09:00-16:00; Ma: 09:00-16:00; Me: 09:00-16:00; Je: 09:00-16:00; Ve: 09:00-16:00,https://www.infobel.com/fr/belgium/financial/vat/BE0479622537,Article XXIII,Chaussée des Prés 44 4020 Liège LIEGE,13/12/2002,BE0479622537,31/12/2024,Geneviève Mohamed; Charles Victor Delvaux; Serge Smal,Administrateur,Geneviève,Mohamed,Restauration à service complet,"30 (2024) 2022 2023 2024 26 26 27 27 28 28 29 29 30 30 31 27 28 30 Marge Brute268 902 € (2024) 2022 2023 2024 -100,000 € -80,000 € -60,000 € -40,000 € -20,000 € 0 € 20,000 € 40,000 € -45,883 29,697 -80,443"
https://www.infobel.com/fr/belgium/la_petite_provence/liege/BE100129843-042272747/businessdetails.aspx,2026-07-29,La Petite Provence à Liège,Rue Saint-Léonard 651 4000 Liège LIEGE,4000,Liège,,0471 86 08 91; 04 227 27 47,,https://www.facebook.com/PetiteProvenceCoronmeuse/,BE0662944817,Lu: 07:00-15:00; Ma: 07:00-15:00; Me: 07:00-15:00; Je: 07:00-15:00; Ve: 07:00-15:00,https://www.infobel.com/fr/belgium/financial/vat/BE0662944817,Ernens Laura,Rue Saint-Léonard 651 4000 Liège LIEGE,03/10/2016,BE0662944817,,Laura Ernens,Administrateur,Laura,Ernens,"Restauration à service restreint, à l'exclusion de restauration mobile",
https://www.infobel.com/fr/belgium/investissements_hoteliers/liege/BE100646972-042240272/businessdetails.aspx,2026-07-29,Investissements Hôteliers à Liège,Rue Jean-Baptiste Juppin 17 4000 Liège LIEGE,2094,évaluations),,04 224 02 72; 04 224 03 80,,http://www.campanile-anvers.be/,BE0440809075,,https://www.infobel.com/fr/belgium/financial/vat/BE0440809075,Hotel Gril Campanile,Rue Jean-Baptiste Juppin 17 4000 Liège LIEGE,03/05/1990,BE0440809075,31/12/2024,Jean-Pierre Léon Louis Berghmans; José Vaz Guedes Henriques De Mello; Johan Despeghel,Administrateur,Jean-Pierre,Léon Louis Berghmans,Hôtels et hébergement similaire,"13 (2024) 2022 2024 0 2 4 6 8 10 12 14 9 13 Marge Brute172 364 € (2024) 2022 2023 2024 0 € 20,000 € 40,000 € 60,000 € 80,000 € 100,000 € 120,000 € 140,000 € 160,000 € 180,000 € 70,898 144,338 172,364"
https://www.infobel.com/fr/belgium/o_palmier/liege/BE105933880-042220928/businessdetails.aspx,2026-07-29,Ô Palmier à Liège,Rue Saint-Gilles 165 4000 Liège LIEGE,4000,Liège,,0473 26 71 28; 04 222 09 28,,https://www.facebook.com/opalmiersafi/,BE0833977789,Lu: 11:15-15:30; Ma: 11:15-15:30; Me: 11:15-15:30; Je: 11:15-15:30; Ve: 11:15-15:30; Di: 18:00-23:00,https://www.infobel.com/fr/belgium/financial/vat/BE0833977789,Turgut Kemalettin,Rue Saint-Gilles 165 4000 Liège LIEGE,02/03/2011,BE0833977789,,Kemalettin Turgut,Administrateur,Kemalettin,Turgut,"Restauration à service restreint, à l'exclusion de restauration mobile",
https://www.infobel.com/fr/belgium/exki/liege/BE100853328-043441113/businessdetails.aspx,2026-07-29,EXKi à Liège,Quai des Vennes 1 4020 Luik LUIK,4031,Liège,,04 344 11 13; 04 344 41 70,hello@exki.com,http://www.exki.com,BE2206157805,Lu: 08:00-19:00; Ma: 08:00-19:00; Me: 08:00-19:00; Je: 08:00-19:00; Ve: 08:00-20:00; Sa: 08:00-19:00,https://www.infobel.com/fr/belgium/financial/vat/BE2206157805,Exki,Quai des Vennes 1 4020 Luik LUIK,09/12/2011,BE2206157805,,,,,,Commerce de plats cuisinés frais et prêts à emporter,
https://www.infobel.com/fr/belgium/wokman/liege/BE100225696-042505650/businessdetails.aspx,2026-07-29,Wokman à Liège,Rue Pont d'Avroy 20 4000 Liège LIEGE,4000,Liège,,0489 00 12 42; 04 250 56 50,,https://www.facebook.com/Wokman-1730441577178208/?hc_ref=PAGES_TIMELINE&fref=nf,BE1018574531,Lu: 11:00-23:00; Ma: 11:00-23:00; Me: 11:00-23:00; Je: 11:00-23:00; Ve: 11:00-23:00; Sa: 11:00-23:00,https://www.infobel.com/fr/belgium/financial/vat/BE1018574531,Wokman,Rue Pont d'Avroy 20 4000 Liège LIEGE,10/01/2025,BE1018574531,,Liang Sun,Administrateur,Liang,Sun,Restauration à service complet,
https://www.infobel.com/fr/belgium/le_venitien/liege/BE100143605-043550801/businessdetails.aspx,2026-07-29,Le Vénitien à Liège,Rue de Herve 61 4030 Liège LIEGE,4020,Liège,,04 355 08 01,,https://lemontecassino.be/,BE2323139904,,https://www.infobel.com/fr/belgium/financial/vat/BE2323139904,Montecassino,Rue de Herve 61 4030 Liège LIEGE,19/05/2021,BE2323139904,,,,,,Activités de traiteur événementiel,
https://www.infobel.com/fr/belgium/la_patisserie_vegan/liege/BE106575541/businessdetails.aspx,2026-07-29,La Pâtisserie Vegan à Liège,Rue Vieux Chemin de Jupille 14 4610 Beyne-Heusay LIEGE,4000,Liège,,0470 81 65 36,lapavegan.liege@gmail.com,http://lapatisserievegan.be/,BE0769358864,Ma: 08:00-17:00; Me: 08:00-17:00; Je: 08:00-17:00; Ve: 08:00-17:00; Sa: 08:00-17:00; Di: 08:00-17:00,https://www.infobel.com/fr/belgium/financial/vat/BE0769358864,Bastille Nicolas,Rue Vieux Chemin de Jupille 14 4610 Beyne-Heusay LIEGE,04/06/2021,BE0769358864,31/12/2024,Nicolas Bastille,Administrateur,Nicolas,Bastille,Fabrication artisanale de pain et de pâtisserie fraîche,"6 (2024) 2022 2023 2024 0 1 2 3 4 5 6 7 8 9 10 6 4 6 Marge Brute4 432 € (2024) 2022 2023 2024 -35,000 € -30,000 € -25,000 € -20,000 € -15,000 € -10,000 € -5,000 € 0 € 5,000 € 10,000 € -29,647 -16,200 4,432"
https://www.infobel.com/fr/belgium/cabale/liege/BE106162415-042536763/businessdetails.aspx,2026-07-29,Cabale à Liège,Rue des Mineurs 6 4000 Liège LIEGE,4000,Liège,,0496 40 22 42; 04 253 67 63,,https://www.facebook.com/cabale.liege,BE0751622613,Lu: 18:30-21:00; Je: 18:30-21:00; Ve: 18:30-21:00; Sa: 18:30-21:00; Di: 12:00-14:00,https://www.infobel.com/fr/belgium/financial/vat/BE0751622613,CABALE,Rue des Mineurs 6 4000 Liège LIEGE,30/07/2020,BE0751622613,31/12/2024,Yann Stroobant; Tinatin Beridze,Administrateur,Yann,Stroobant,Restauration à service complet,"2 (2024) 2023 2024 0 1 2 3 4 5 6 7 8 9 10 3 2 Marge Brute11 123 € (2024) 2022 2023 2024 0 € 2,000 € 4,000 € 6,000 € 8,000 € 10,000 € 12,000 € 2,193 4,508 11,123"
https://www.infobel.com/fr/belgium/allant_droit_allant_verre/liege/BE105910600-042213924/businessdetails.aspx,2026-07-29,Allant Droit Allant Verre à Liège,Rue Saint-Remy 21 4000 Liège LIEGE,4000,Liège,,04 221 39 24,,https://allant-droit-allant-verre.odoo.com/,BE0734731052,Ma: 16:30-22:00; Me: 16:30-22:00; Je: 16:30-22:00; Ve: 16:30-22:00,https://www.infobel.com/fr/belgium/financial/vat/BE0734731052,Lemaire Sophie,Rue Saint-Remy 21 4000 Liège LIEGE,01/10/2019,BE0734731052,,ophie Lemaire,Administrateur,ophie,Lemaire,Cafés et bars,
https://www.infobel.com/fr/belgium/get_your_mug/liege/BE105509854/businessdetails.aspx,2026-07-29,GET YOUR MUG à Liège,Rue des Carmes 17 4000 Liège LIEGE,4000,Liège,,0471 90 82 63,getyourmug@gmail.com,http://getyourmugcoffee.com/,BE2229374061,Lu: 07:30-17:30; Ma: 07:30-17:30; Me: 07:30-17:30; Je: 07:30-17:30; Ve: 07:30-17:30; Sa: 10:00-17:30,https://www.infobel.com/fr/belgium/financial/vat/BE2229374061,Get Your Mug,Rue des Carmes 17 4000 Liège LIEGE,01/06/2014,BE2229374061,,,,,,"Vente au comptoir ou par téléphone, fax, internet d'aliments et de boissons : croissanteries, crêperies et gaufreries",
https://www.infobel.com/fr/belgium/le_vaudree_4/liege/BE100429072-043850501/businessdetails.aspx,2026-07-29,Le Vaudrée 4 à Liège,Rue des Vennes 38 4020 Liège LIEGE,1233,évaluations),,04 385 05 01; 04 385 05 01,,https://search.infobelpro.com/belgium/fr/liege/liege,BE0871652391,,https://www.infobel.com/fr/belgium/financial/vat/BE0871652391,Le Vaudree 4,Rue des Vennes 38 4020 Liège LIEGE,01/02/2005,BE0871652391,31/12/2024,Yves Albert Marie Collette; Yves Albert Marie Collette; Christine Alice Colette Dirickx,Administrateur,Yves,Albert Marie Collette,"Cafés et bars Marge Brute-11 373 € (2024) 2022 2023 2024 -20,000 € -18,000 € -16,000 € -14,000 € -12,000 € -10,000 € -8,000 € -6,000 € -4,000 € -2,000 € 0 € -3,837 -17,744 -11,373",
https://www.infobel.com/fr/belgium/la_fine_frite/liege/BE100373040/businessdetails.aspx,2026-07-29,La Fine Frite à Liège,Rue de la Cité 5 4000 Liège LIEGE,4000,Liège,,0495 53 22 65,,http://lafinefrite.be/,BE1009093968,,https://www.infobel.com/fr/belgium/financial/vat/BE1009093968,La Fine Frite,Rue de la Cité 5 4000 Liège LIEGE,02/05/2024,BE1009093968,,Kevin Toutsidis,Administrateur,Kevin,Toutsidis,"Restauration à service restreint, à l'exclusion de restauration mobile",
https://www.infobel.com/fr/belgium/simar_jean_michel/liege/BE100373109-042621985/businessdetails.aspx,2026-07-29,Simar/Jean Michel à Liège,,4000,Liège,,04 262 19 85,,http://www.laigledor.beer/,BE2213690547,Lu: 11:00-01:00; Ma: 11:00-01:00; Me: 11:00-01:00; Je: 11:00-01:00; Ve: 11:00-02:00; Sa: 16:00-01:00,https://www.infobel.com/fr/belgium/financial/vat/BE2213690547,,,,,,,,,,,
https://www.infobel.com/fr/belgium/chez_yaya/liege/BE100131341-043431707/businessdetails.aspx,2026-07-29,Chez Yaya à Liège,Rue Roture 27 4020 Liège LIEGE,4020,Liège,,04 343 17 07,,http://www.resto.be/restaurant/liege/4020-liege/3719-yaya-restaurant,BE0457287494,Lu: 18:00-22:00; Me: 18:00-22:00; Je: 18:00-22:00; Ve: 18:00-22:00; Sa: 18:00-22:00; Di: 12:00-15:00,https://www.infobel.com/fr/belgium/financial/vat/BE0457287494,A M Victoire,Rue Roture 27 4020 Liège LIEGE,16/02/1996,BE0457287494,31/12/2024,Houcine Jaara,Administrateur,Houcine,Jaara,"Restauration à service complet Marge Brute-7 055 € (2024) 2022 2023 2024 -20,000 € -15,000 € -10,000 € -5,000 € 0 € 5,000 € 10,000 € 15,000 € 20,000 € -16,565 16,565 -7,055",
https://www.infobel.com/fr/belgium/infobel_kapitol/uccle/BE100005416-023792940/businessdetails.aspx,2026-07-29,INFOBEL à Uccle,Avenue Louise 231 1050 Bruxelles,1050,Uccle,,023792940; 023792988,,http://www.infobel.be,BE0453604761,,https://www.infobel.com/fr/belgium/financial/vat/BE0453604761,Infobel,Avenue Louise 231 1050 Bruxelles,02/11/1994,BE0453604761,31/12/2024,,,,,Activités de conseil en informatique et de gestion d’installations informatiques,"11 (2024) 2022 2023 2024 8 9 9 10 10 11 11 12 10 9 11 Marge Brute1 311 537 € (2024) 2022 2023 2024 0 € 500,000 € 1,000,000 € 1,500,000 € 2,000,000 € 2,500,000 € 3,000,000 € 1,488,892 2,756,988 1,311,537"
https://www.infobel.com/fr/belgium/l_eperon_cercle_royal_equestre_de_liege/liege/BE100660273-043360567/businessdetails.aspx,2026-07-29,L'Éperon - Cercle Royal Équestre de Liège - à Liège,Rue du Vieux Frêne 21 4031 Liège LIEGE,4031,Liège,,0476 35 33 55; 04 336 05 67; 04 336 05 67,,http://www.eperon.be/,BE0406745150,Lu: 09:00-20:00; Ma: 09:00-20:00; Me: 09:00-20:00; Je: 09:00-20:00; Ve: 09:00-20:00; Sa: 09:00-18:00; Di: 09:00-18:00,https://www.infobel.com/fr/belgium/financial/vat/BE0406745150,l'Eperon Royal Cercle Equestre de Liège,Rue du Vieux Frêne 21 4031 Liège LIEGE,31/12/1949,BE0406745150,,Bernadette Brouwers; Bernadette Brouwers; Céline Renkin,Administrateur,Bernadette,Brouwers,Activités des clubs équestres,
https://www.infobel.com/fr/belgium/burger_king/liege/BE105751867-043435584/businessdetails.aspx,2026-07-29,Burger King à Liège,Avenue Louise 231 1050 Bruxelles,4020,Liège,,043435584,infofranchise@burgerking.be,https://www.burgerking.be/fr/stores/#!/l/liege/boulevard-raymond-poincare-7/4720840,BE0453604761,,https://www.infobel.com/fr/belgium/financial/vat/BE0453604761,Infobel,Avenue Louise 231 1050 Bruxelles,02/11/1994,BE0453604761,31/12/2024,,,,,Activités de conseil en informatique et de gestion d’installations informatiques,"11 (2024) 2022 2023 2024 8 9 9 10 10 11 11 12 10 9 11 Marge Brute1 311 537 € (2024) 2022 2023 2024 0 € 500,000 € 1,000,000 € 1,500,000 € 2,000,000 € 2,500,000 € 3,000,000 € 1,488,892 2,756,988 1,311,537"
https://www.infobel.com/fr/belgium/la_ferme_des_carmes/liege/BE107071870/businessdetails.aspx,2026-07-29,La Ferme des Carmes à Liège,Avenue Louise 231 1050 Bruxelles,4020,Liège,,0494 88 20 78,,https://search.infobelpro.com/belgium/fr/liege/liege,BE0453604761,Lu: 10:00-20:00; Ma: 10:00-20:00; Me: 10:00-20:00; Je: 10:00-20:00; Ve: 10:00-20:00; Sa: 10:00-19:00,https://www.infobel.com/fr/belgium/financial/vat/BE0453604761,Infobel,Avenue Louise 231 1050 Bruxelles,02/11/1994,BE0453604761,31/12/2024,,,,,Activités de conseil en informatique et de gestion d’installations informatiques,"11 (2024) 2022 2023 2024 8 9 9 10 10 11 11 12 10 9 11 Marge Brute1 311 537 € (2024) 2022 2023 2024 0 € 500,000 € 1,000,000 € 1,500,000 € 2,000,000 € 2,500,000 € 3,000,000 € 1,488,892 2,756,988 1,311,537"
https://www.infobel.com/fr/belgium/trilogie/liege/BE107002654/businessdetails.aspx,2026-07-29,Trilogie à Liège,Rue des Vennes 42 4020 Liège LIEGE,4020,Liège,,0470 45 36 93,,http://trilogie-restaurant.be/,BE1027143589,Ma: 12:00-13:45; Me: 12:00-13:45; Je: 12:00-13:45; Ve: 12:00-13:45; Sa: 19:00-20:45,https://www.infobel.com/fr/belgium/financial/vat/BE1027143589,Trilogie,Rue des Vennes 42 4020 Liège LIEGE,02/09/2025,BE1027143589,,Jonathan Hernandez Peralta; Quentin Penoit; Thomas Kozera,Administrateur,Jonathan,Hernandez Peralta,Restauration à service complet,
https://www.infobel.com/fr/belgium/wabi_sabi_liege/liege/BE106791426/businessdetails.aspx,2026-07-29,Wabi Sabi Liège à Liège,Boulevard Saucy 9 4020 Liège LIEGE,4020,Liège,,0479 38 60 44,contact@wabisabiliege.be,https://www.wabisabiliege.be/,BE0790873464,Lu: 18:00-22:00; Me: 11:30-22:00; Je: 11:30-22:00; Ve: 11:30-22:00; Sa: 11:30-22:00; Di: 11:30-15:00,https://www.infobel.com/fr/belgium/financial/vat/BE0790873464,WABI SABI CONCEPT,Boulevard Saucy 9 4020 Liège LIEGE,01/10/2022,BE0790873464,,Vincent Renard,Administrateur,Vincent,Renard,Cafés et bars,
https://www.infobel.com/fr/belgium/mange_bois_aime/liege/BE106616785/businessdetails.aspx,2026-07-29,Mange Bois Aime à Liège,Avenue Louise 231 1050 Bruxelles,4000,Liège,,0471 22 56 36,mangeboisaime0@gmail.com,https://www.mangeboisaime.be/,BE0453604761,Ma: 12:00-14:30; Me: 12:00-14:30; Je: 12:00-14:30; Ve: 12:00-14:30; Sa: 12:00-14:30,https://www.infobel.com/fr/belgium/financial/vat/BE0453604761,Infobel,Avenue Louise 231 1050 Bruxelles,02/11/1994,BE0453604761,31/12/2024,,,,,Activités de conseil en informatique et de gestion d’installations informatiques,"11 (2024) 2022 2023 2024 8 9 9 10 10 11 11 12 10 9 11 Marge Brute1 311 537 € (2024) 2022 2023 2024 0 € 500,000 € 1,000,000 € 1,500,000 € 2,000,000 € 2,500,000 € 3,000,000 € 1,488,892 2,756,988 1,311,537"
https://www.infobel.com/fr/belgium/le_shanghai/liege/BE106530746-042222263/businessdetails.aspx,2026-07-29,Le Shanghai à Liège - Rue de la Cathédrale 102,Galerie Cathédrale 102 4000 Liège LIEGE,3470,évaluations),,04 222 22 63; 04 223 00 50,,http://www.leshanghai.be/,BE2083959183,Lu: 12:00-14:30; Me: 12:00-14:30; Je: 12:00-14:30; Ve: 12:00-14:30; Sa: 12:00-14:30; Di: 12:00-14:30,https://www.infobel.com/fr/belgium/financial/vat/BE2083959183,Le Shanghai,Galerie Cathédrale 102 4000 Liège LIEGE,28/10/1997,BE2083959183,,,,,,Restauration de type traditionnel,
https://www.infobel.com/fr/belgium/kiosq_comptoir_traiteur/liege/BE106041283-042574656/businessdetails.aspx,2026-07-29,Kiosq - Comptoir Traiteur à Liège,Rue du Puits 1 /a 4000 Liège LIEGE,4000,Liège,,04 257 46 56,info@kiosq.be,http://www.kiosq.be/,BE2302880067,Ma: 10:00-19:00; Me: 10:00-22:00; Je: 10:00-22:00; Ve: 10:00-22:00,https://www.infobel.com/fr/belgium/financial/vat/BE2302880067,Kiosq,Rue du Puits 1 /a 4000 Liège LIEGE,01/09/2020,BE2302880067,,,,,,Restauration à service complet,
https://www.infobel.com/fr/belgium/le_lion_d_or/liege/BE105862305-043530439/businessdetails.aspx,2026-07-29,Le Lion D'Or à Liège,Place Delcour 5 4020 Liège LIEGE,4020,Liège,,0492 05 08 15; 04 353 04 39,,https://www.facebook.com/Liondorrr/,BE0691600201,Lu: 10:00-22:00; Ma: 10:00-22:00; Me: 10:00-22:00; Je: 10:00-22:00; Ve: 10:00-22:00; Sa: 15:00-22:00; Di: 10:00-22:00,https://www.infobel.com/fr/belgium/financial/vat/BE0691600201,Woitiez Margot,Place Delcour 5 4020 Liège LIEGE,01/03/2018,BE0691600201,,Margot Woitiez,Administrateur,Margot,Woitiez,Cafés et bars,
https://www.infobel.com/fr/belgium/cpas_de_liege/liege/BE105186480-042205811/businessdetails.aspx,2026-07-29,CPAS de Liège à Liège,Avenue Louise 231 1050 Bruxelles,4000,Liège,,04 220 58 11; 04 223 61 23,,http://www.cpasdeliege.be/,BE0453604761,Lu: 09:00-12:00; Ma: 09:00-12:00; Me: 09:00-12:00; Je: 09:00-12:00; Ve: 09:00-12:00,https://www.infobel.com/fr/belgium/financial/vat/BE0453604761,Infobel,Avenue Louise 231 1050 Bruxelles,02/11/1994,BE0453604761,31/12/2024,,,,,Activités de conseil en informatique et de gestion d’installations informatiques,"11 (2024) 2022 2023 2024 8 9 9 10 10 11 11 12 10 9 11 Marge Brute1 311 537 € (2024) 2022 2023 2024 0 € 500,000 € 1,000,000 € 1,500,000 € 2,000,000 € 2,500,000 € 3,000,000 € 1,488,892 2,756,988 1,311,537"
https://www.infobel.com/fr/belgium/riva_brasserie/liege/BE104920343-042222723/businessdetails.aspx,2026-07-29,Riva brasserie à Liège,Esplanade Albert Ier 7 4000 Liège LIEGE,4000,Liège,,0475 25 55 72; 04 222 27 23,info@riva-brasserie.com,http://www.riva-brasserie.com/,BE0630762789,Lu: 12:00-14:30; Ma: 12:00-14:30; Me: 12:00-14:30; Je: 12:00-14:30; Ve: 12:00-14:30; Sa: 12:00-14:30; Di: 12:00-14:30,https://www.infobel.com/fr/belgium/financial/vat/BE0630762789,GF 2,Esplanade Albert Ier 7 4000 Liège LIEGE,21/05/2015,BE0630762789,31/12/2024,,,,,Restauration à service complet,"14 (2024) 2022 2023 2024 0 2 4 6 8 10 12 14 16 10 14 14 Marge Brute305 € (2024) 2022 2023 2024 0 € 10,000 € 20,000 € 30,000 € 40,000 € 50,000 € 60,000 € 51,526 16,978 305"
https://www.infobel.com/fr/belgium/point_chaud/liege/BE101961910-042525216/businessdetails.aspx,2026-07-29,Point Chaud à Liège - Rue Saint-Gilles 445,Rue Saint-Gilles 445 4000 Liège LIEGE,4000,Liège,,04 252 52 16; 04 252 52 82,info@pointchaud.be,http://www.pointchaud.be,BE0663916104,Lu: 06:00-18:00; Ma: 06:00-18:00; Me: 06:00-18:00; Je: 06:00-18:00; Ve: 06:00-18:00; Sa: 06:00-17:00; Di: 07:00-18:00,https://www.infobel.com/fr/belgium/financial/vat/BE0663916104,Point Chaud,Rue Saint-Gilles 445 4000 Liège LIEGE,06/10/2016,BE0663916104,31/12/2024,Gaetano Lavuri,Administrateur,Gaetano,Lavuri,"Restauration à service restreint, à l'exclusion de restauration mobile","9 (2024) 2022 2023 2024 0 2 4 6 8 10 12 8 11 9 Marge Brute05 € (2024) 2022 2023 2024 0 € 1,000 € 2,000 € 3,000 € 4,000 € 5,000 € 6,000 € 7,000 € 8,000 € 9,000 € 10,000 € 5,573 9,204 5"
https://www.infobel.com/fr/belgium/le_shanghai/liege/BE100498698-042222263/businessdetails.aspx,2026-07-29,Le Shanghai à Liège,Rue Charles Magnette 104 4000 Liège LIEGE,3432,évaluations),,04 222 22 63; 04 223 00 50,,http://www.leshanghai.be/,BE0436143771,Lu: 12:00-14:30; Me: 12:00-14:30; Je: 12:00-14:30; Ve: 12:00-14:30; Sa: 12:00-14:30; Di: 12:00-14:30,https://www.infobel.com/fr/belgium/financial/vat/BE0436143771,Restaurant Le Shangai,Rue Charles Magnette 104 4000 Liège LIEGE,21/12/1988,BE0436143771,31/12/2024,Pin Chou Pai; Zhao Pai Pin; Pin Chou Pai,Administrateur,Pin,Chou Pai,"Commerce de détail de boissons, assortiment général Marge Brute1 887 € (2024) 2022 2023 2024 0 € 10,000 € 20,000 € 30,000 € 40,000 € 50,000 € 60,000 € 70,000 € 80,000 € 69,508 51,924 1,887",
https://www.infobel.com/fr/belgium/brasserie_toussaint/liege/BE100131235-043436998/businessdetails.aspx,2026-07-29,Brasserie Toussaint à Liège,Rue Ernest de Bavière 1 4020 Liège LIEGE,2060,évaluations),,0493 15 83 53; 04 343 69 98,brasserie@letoussaint.be,http://www.letoussaint.be/,BE0460018936,Lu: 10:00-22:30; Ma: 10:00-22:30; Me: 10:00-22:30; Je: 10:00-22:30; Ve: 07:00-23:00; Sa: 10:00-23:00; Di: 10:00-22:30,https://www.infobel.com/fr/belgium/financial/vat/BE0460018936,Toussaint Ier,Rue Ernest de Bavière 1 4020 Liège LIEGE,29/01/1997,BE0460018936,31/12/2024,Annia Szczepaniec; Franciszek Karczewski,Administrateur,Annia,Szczepaniec,Cafés et bars,"13 (2024) 2022 2023 2024 0 2 4 6 8 10 12 14 5 12 13 Marge Brute74 094 € (2024) 2022 2023 2024 -150,000 € -100,000 € -50,000 € 0 € 50,000 € 100,000 € 54,150 -131,894 74,094"
https://www.infobel.com/fr/belgium/pentahotel_liege/liege/BE100127891-026203424/businessdetails.aspx,2026-07-29,Pentahotel Liège à Liège,Boulevard de la Sauvenière 100 4000 Liège LIEGE,7184,évaluations),,02 620 34 24; 04 221 77 01,info.liege@pentahotels.com,https://www.pentahotels.com/hotels/belgium/liege,BE2309861691,Lu: 15:00-21:45; Ma: 15:00-21:45; Me: 15:00-21:45; Je: 15:00-21:45; Ve: 15:00-21:45; Sa: 15:00-21:45; Di: 15:00-21:45,https://www.infobel.com/fr/belgium/financial/vat/BE2309861691,Pentahotel Liège,Boulevard de la Sauvenière 100 4000 Liège LIEGE,17/11/2020,BE2309861691,,,,,,Activités de soutien combinées pour les installations,
https://www.infobel.com/fr/belgium/ducroux_francois/liege/BE100095729-043433931/businessdetails.aspx,2026-07-29,Ducroux François à Liège,Rue Grande Bêche 35 4020 Liège LIEGE,4020,Liège,,0475 58 36 91; 04 343 39 31; 04 343 39 31,info@taverne-tchantches.be,http://www.taverne-tchantches.be/,BE0598609863,Ma: 12:00-14:30; Me: 17:00-22:30; Je: 12:00-14:30; Ve: 12:00-14:30; Sa: 17:00-22:30; Di: 12:00-14:30,https://www.infobel.com/fr/belgium/financial/vat/BE0598609863,Tchantches Nanesse,Rue Grande Bêche 35 4020 Liège LIEGE,29/06/1995,BE0598609863,,François Pierre Willy Ducroux; François Pierre Willy Ducroux,Administrateur,François,Pierre Willy Ducroux,Cafés-restaurants (tavernes),
https://www.infobel.com/fr/belgium/deli_maroc/liege/BE106552080-042211820/businessdetails.aspx,2026-07-29,Deli Maroc à Liège,,4000,Liège,,04 221 18 20,contact@apd-gba.be,https://local.infobel.be/BE105681151-042211820/deli_maroc-liege.html,BE2341358482,Lu: 09:00-22:30; Ma: 09:00-22:30; Je: 09:00-22:30; Ve: 09:00-22:30; Sa: 09:00-22:30; Di: 09:00-22:30,https://www.infobel.com/fr/belgium/financial/vat/BE2341358482,,,,,,,,,,,
https://www.infobel.com/fr/belgium/chez_dam/liege/BE105971400-042237077/businessdetails.aspx,2026-07-29,Chez Dam à Liège,Rue Louvrex 7 4000 Liège LIEGE,4000,Liège,,0472 92 45 12; 04 223 70 77,,https://www.facebook.com/pages/biz/european_restaurant-li%C3%A8ge/Chez-Dam-802514449827584/,BE2296174793,,https://www.infobel.com/fr/belgium/financial/vat/BE2296174793,Chez Dam,Rue Louvrex 7 4000 Liège LIEGE,01/01/2020,BE2296174793,,,,,,Autres commerces de détail alimentaires n.c.a.,
https://www.infobel.com/fr/belgium/la_fontana/liege/BE105868985-042252524/businessdetails.aspx,2026-07-29,La Fontana à Liège,Chaussée de Tongres 40 4000 Liège LIEGE,4000,Liège,,04 225 25 24,,https://www.pizzeria-fontana-rocourt.be/,BE0721664261,Ma: 11:30-14:00; Me: 11:30-14:00; Je: 11:30-14:00; Ve: 11:30-14:00; Sa: 11:30-14:00; Di: 11:30-14:00,https://www.infobel.com/fr/belgium/financial/vat/BE0721664261,Pira Besim,Chaussée de Tongres 40 4000 Liège LIEGE,28/02/2019,BE0721664261,,Besim Pira,Administrateur,Besim,Pira,"Restauration à service restreint, à l'exclusion de restauration mobile",
https://www.infobel.com/fr/belgium/figo/liege/BE105916803/businessdetails.aspx,2026-07-29,Figo à Liège,Rue Souverain Pont 22 4000 Liège LIEGE,4000,Liège,,0471 84 32 61,,https://www.facebook.com/osteriafigo/,BE0715857129,Je: 18:30-22:00; Ve: 18:30-22:00; Sa: 18:30-22:00,https://www.infobel.com/fr/belgium/financial/vat/BE0715857129,Figo,Rue Souverain Pont 22 4000 Liège LIEGE,14/12/2018,BE0715857129,31/12/2024,Leny Nigido,Administrateur,Leny,Nigido,Cafés et bars,"0 (2023) 2022 2023 0 1 2 3 4 5 6 7 8 9 10 1 0 Marge Brute29 861 € (2024) 2022 2023 2024 -30,000 € -20,000 € -10,000 € 0 € 10,000 € 20,000 € 30,000 € 40,000 € -16,120 -19,098 29,861"
https://www.infobel.com/fr/belgium/taverne_royale/liege/BE105473554-042234354/businessdetails.aspx,2026-07-29,Taverne Royale à Liège,Boulevard d'Avroy 2 4000 Liège LIEGE,4000,Liège,,0495 36 86 40; 04 223 43 54,,https://www.facebook.com/pages/Taverne-Royale-Liege/451101828637401,BE0696758720,Lu: 07:00-23:30; Ma: 07:00-23:30; Me: 07:00-23:30; Je: 07:00-23:30; Ve: 07:00-00:00; Sa: 08:00-23:30; Di: 09:00-23:00,https://www.infobel.com/fr/belgium/financial/vat/BE0696758720,Multitaverne,Boulevard d'Avroy 2 4000 Liège LIEGE,24/05/2018,BE0696758720,31/12/2024,Yunzhi Liu,Administrateur,Yunzhi,Liu,Cafés et bars,"2 (2024) 2022 2023 2024 0 1 2 3 4 5 6 7 8 9 10 3 3 2 Marge Brute40 075 € (2024) 2022 2023 2024 0 € 5,000 € 10,000 € 15,000 € 20,000 € 25,000 € 30,000 € 35,000 € 40,000 € 45,000 € 16,162 26,299 40,075"
https://www.infobel.com/fr/belgium/alice_homemade/liege/BE100341919-027256855/businessdetails.aspx,2026-07-29,Alice Homemade à Liège,Rue Mandeville 65 4000 Luik LUIK,4000,Liège,,02 725 68 55,alicehomemadegourmand@gmail.com,https://alicehomemade.metro.bar/?lang=en,BE2224959670,,https://www.infobel.com/fr/belgium/financial/vat/BE2224959670,Renoman SRL,Rue Mandeville 65 4000 Luik LUIK,16/12/2013,BE2224959670,,,,,,Réparation et entretien d’équipements électriques,
https://www.infobel.com/fr/belgium/opelimax/liege/BE100128186-042223302/businessdetails.aspx,2026-07-29,OPELIMAX à Liège,Place de la R?publique-Fran?aise 31 4000 Liège LIEGE,2671,évaluations),,04 222 33 02; 04 222 42 63,,http://www.mcdonalds.be/,BE0422051552,Lu: 10:00-00:00; Ma: 10:00-00:00; Me: 10:00-01:00; Je: 10:00-01:00; Ve: 10:00-01:00; Sa: 10:00-01:00; Di: 10:00-00:00,https://www.infobel.com/fr/belgium/financial/vat/BE0422051552,Mac Donald's,Place de la R?publique-Fran?aise 31 4000 Liège LIEGE,27/10/1981,BE0422051552,31/12/2024,,,,,"Restauration à service restreint, à l'exclusion de restauration mobile","24 (2024) 2022 2023 2024 22 23 23 23 23 23 24 24 24 24 24 23 24 Marge Brute-207 847 € (2024) 2022 2023 2024 -250,000 € -200,000 € -150,000 € -100,000 € -50,000 € 0 € 50,000 € 100,000 € 55,437 -14,480 -207,847"
https://www.infobel.com/fr/belgium/assoc_des_coproprietaire_residence_regina_acp/liege/BE101921732-042212862/businessdetails.aspx,2026-07-29,Assoc des Coproprietaire Residence Regina ACP à Liège,Boulevard d'Avroy 3 4000 Liège LIEGE,3342,évaluations),,04 221 28 62,,https://www.facebook.com/taverneleregina,BE0850182927,Lu: 09:00-23:00; Ma: 09:00-23:00; Me: 09:00-23:00; Je: 09:00-23:00; Ve: 09:00-23:00; Sa: 09:00-23:00; Di: 10:00-23:00,https://www.infobel.com/fr/belgium/financial/vat/BE0850182927,Assoc des Coproprietaire Residence Regina ACP,Boulevard d'Avroy 3 4000 Liège LIEGE,02/01/1998,BE0850182927,,,,,,Autres activités des services financiers,
https://www.infobel.com/fr/belgium/rotisserie_du_centre/liege/BE100301972-042531756/businessdetails.aspx,2026-07-29,Rotisserie du Centre à Liège,Rue du Centre 33 4000 Liège LIEGE,4000,Liège,,0475 94 22 10; 04 253 17 56,,https://www.vlan.be/fr/liege/liege-ville/C2454TKZ_rotisserie-du-centre.html,BE0764630313,,https://www.infobel.com/fr/belgium/financial/vat/BE0764630313,La Rotisserie du Centre,Rue du Centre 33 4000 Liège LIEGE,29/03/2021,BE0764630313,,téfanie Billen,Administrateur,téfanie,Billen,"Restauration à service restreint, à l'exclusion de restauration mobile",
https://www.infobel.com/fr/belgium/shell_express/liege/BE106922030-025089298/businessdetails.aspx,2026-07-29,Shell Express à Liège - Quai du Barbou 36,Avenue Louise 231 1050 Bruxelles,4020,Liège,,025089298,,https://find.shell.com/be/fuel/10023111-liege-barbou-shell-express,BE0453604761,,https://www.infobel.com/fr/belgium/financial/vat/BE0453604761,Infobel,Avenue Louise 231 1050 Bruxelles,02/11/1994,BE0453604761,31/12/2024,,,,,Activités de conseil en informatique et de gestion d’installations informatiques,"11 (2024) 2022 2023 2024 8 9 9 10 10 11 11 12 10 9 11 Marge Brute1 311 537 € (2024) 2022 2023 2024 0 € 500,000 € 1,000,000 € 1,500,000 € 2,000,000 € 2,500,000 € 3,000,000 € 1,488,892 2,756,988 1,311,537"
https://www.infobel.com/fr/belgium/quick_rocourt/liege/BE105708624-042464914/businessdetails.aspx,2026-07-29,Quick Rocourt à Liège,Avenue Louise 231 1050 Bruxelles,4000,Liège,,042464914,privacy@quick.be,http://www.quick.be/fr/restaurant/rocourt,BE0453604761,,https://www.infobel.com/fr/belgium/financial/vat/BE0453604761,Infobel,Avenue Louise 231 1050 Bruxelles,02/11/1994,BE0453604761,31/12/2024,,,,,Activités de conseil en informatique et de gestion d’installations informatiques,"11 (2024) 2022 2023 2024 8 9 9 10 10 11 11 12 10 9 11 Marge Brute1 311 537 € (2024) 2022 2023 2024 0 € 500,000 € 1,000,000 € 1,500,000 € 2,000,000 € 2,500,000 € 3,000,000 € 1,488,892 2,756,988 1,311,537"
https://www.infobel.com/fr/belgium/geographic_cafe/liege/BE106472793-023552902/businessdetails.aspx,2026-07-29,Geographic Café à Liège,Rue du Pot d'Or 39 4000 Liège LIEGE,4000,Liège,,0475 31 14 44; 02 355 29 02,,https://www.facebook.com/GeographicCafe/,BE0474077305,Lu: 12:00-14:00; Je: 12:00-14:30; Ve: 12:00-14:30; Sa: 12:00-14:30; Di: 12:00-14:30,https://www.infobel.com/fr/belgium/financial/vat/BE0474077305,Le Pivert,Rue du Pot d'Or 39 4000 Liège LIEGE,08/02/2001,BE0474077305,31/12/2024,Gabriel Castillo Cabello; Maxime Prieur; Gabriel Castillo Cabello Gabriel,Administrateur,Gabriel,Castillo Cabello,Cafés et bars,"1 (2023) 2022 2023 0 1 2 3 4 5 6 7 8 9 10 3 1 Marge Brute-6 191 € (2024) 2022 2023 2024 -60,000 € -50,000 € -40,000 € -30,000 € -20,000 € -10,000 € 0 € -3,109 -48,615 -6,191"
https://www.infobel.com/fr/belgium/najofa/liege/BE105990341-042502700/businessdetails.aspx,2026-07-29,Najofa à Liège,Rue des Célestines 11 4000 Liège LIEGE,4000,Liège,,0477 50 55 87; 04 250 27 00,info@cafedesmiracles.be,http://www.cafedesmiracles.be,BE2218929933,Lu: 09:00-17:30; Ma: 09:00-17:30; Me: 09:00-17:30; Je: 09:00-17:30; Ve: 09:00-17:30,https://www.infobel.com/fr/belgium/financial/vat/BE2218929933,Le Cafe des Miracles,Rue des Célestines 11 4000 Liège LIEGE,15/05/2013,BE2218929933,,,,,,Cafés et bars,
https://www.infobel.com/fr/belgium/ventre_content/liege/BE105896045/businessdetails.aspx,2026-07-29,Ventre Content à Liège,Rue de la Régence 23 BP B 4000 Liège LIEGE,4000,Liège,,0456 16 78 71,bonjour@ventrecontent.be,http://www.ventrecontent.be,BE0736925034,Me: 12:00-15:30; Je: 17:30-21:30; Ve: 17:30-21:30,https://www.infobel.com/fr/belgium/financial/vat/BE0736925034,Ventre Content,Rue de la Régence 23 BP B 4000 Liège LIEGE,01/11/2019,BE0736925034,,Frédérique Henrottin; Nicolas Schmitz,Administrateur,Frédérique,Henrottin,Restauration à service complet,
https://www.infobel.com/fr/belgium/o_tacos/liege/BE105699493-042333429/businessdetails.aspx,2026-07-29,O'Tacos à Liège - Boulevard d'Avroy 180,Boulevard d'Avroy 180 -182 4000 Liège LIEGE,4000,Liège,,04 233 34 29,john.doe@provider.ext,https://o-tacos.com/be/,BE1025719570,,https://www.infobel.com/fr/belgium/financial/vat/BE1025719570,Ayg Arlon,Boulevard d'Avroy 180 -182 4000 Liège LIEGE,20/07/2025,BE1025719570,,Arman Galstian; Abel Galstyan,Administrateur,Arman,Galstian,"Restauration à service restreint, à l'exclusion de restauration mobile",
https://www.infobel.com/fr/belgium/darius_cafe/liege/BE105651400-043805877/businessdetails.aspx,2026-07-29,Darius Café à Liège - Rue Haute Sauvenière 1,Rue Haute-Sauvenière 1 4000 Liège LIEGE,4000,Liège,,0499 61 04 31; 04 380 58 77,,http://www.facebook.com/852471188118393,BE2297384424,,https://www.infobel.com/fr/belgium/financial/vat/BE2297384424,Darius Café,Rue Haute-Sauvenière 1 4000 Liège LIEGE,01/01/2020,BE2297384424,,,,,,Transformation du thé et du café,
https://www.infobel.com/fr/belgium/pistache_chocolat/liege/BE105511163/businessdetails.aspx,2026-07-29,Pistache & Chocolat à Liège - Place du Marché 4,Place du Marché 4 4000 Liège LIEGE,4000,Liège,,0479 89 19 50,,https://search.infobelpro.com/belgium/fr/liege/liege,BE2275229921,Ma: 12:00-22:00; Me: 12:00-22:00; Je: 12:00-22:00; Ve: 12:00-22:00; Sa: 12:00-22:00; Di: 12:00-22:00,https://www.infobel.com/fr/belgium/financial/vat/BE2275229921,Pistache & Chocolat,Place du Marché 4 4000 Liège LIEGE,26/03/2016,BE2275229921,,,,,,Autres commerces de détail alimentaires n.c.a.,
https://www.infobel.com/fr/belgium/brasserie_c/liege/BE105509660-042660692/businessdetails.aspx,2026-07-29,Brasserie C à Liège,Impasse des Ursulines 14 4000 Liège LIEGE,3151,évaluations),,0499 43 28 03; 04 266 06 92,taproom@brasseriec.com,http://www.brasseriec.com/,BE0657834501,Je: 12:00-00:00; Ve: 12:00-00:00; Sa: 12:00-00:00; Di: 12:00-23:00,https://www.infobel.com/fr/belgium/financial/vat/BE0657834501,Atelier C,Impasse des Ursulines 14 4000 Liège LIEGE,29/06/2016,BE0657834501,31/12/2024,François Vincent Pierre Dethier; Renaud Dominique Jean Pirotte; François Vincent Pierre Dethier,Administrateur,François,Vincent Pierre Dethier,"Location et exploitation de biens immobiliers non résidentiels propres ou loués, sauf terrains","2 (2023) 2023 0 1 2 3 4 5 6 7 8 9 10 2 Marge Brute-84 € (2024) 2022 2023 2024 -2,000 € 0 € 2,000 € 4,000 € 6,000 € 8,000 € 10,000 € 12,000 € 14,000 € 16,000 € 18,000 € 17,087 4,317 -84"
https://www.infobel.com/fr/belgium/soccer_club/liege/BE105276107-043532121/businessdetails.aspx,2026-07-29,Soccer Club à Liège,Rue Ernest Solvay 230 4000 Liège LIEGE,4000,Liège,,0497 76 77 77; 04 353 21 21; 04 252 63 25,info@soccerclub.be,http://www.soccerclub.be/,BE0473314567,Lu: 14:00-23:00; Ma: 14:00-23:00; Me: 14:00-23:00; Je: 14:00-23:00; Ve: 14:00-23:00; Sa: 14:00-21:00; Di: 11:00-23:00,https://www.infobel.com/fr/belgium/financial/vat/BE0473314567,Le Soccer Club,Rue Ernest Solvay 230 4000 Liège LIEGE,09/11/2000,BE0473314567,30/06/2025,Benjamin Xavier Raoul Nicaise,Administrateur,Benjamin,Xavier Raoul Nicaise,Activités des clubs de football,"8 (2025) 2023 2024 2025 0 1 2 3 4 5 6 7 8 9 10 7 6 8 Marge Brute48 680 € (2025) 2023 2024 2025 0 € 10,000 € 20,000 € 30,000 € 40,000 € 50,000 € 60,000 € 70,000 € 80,000 € 73,342 51,579 48,680"
https://www.infobel.com/fr/belgium/pourquoi_pas_chez_so/liege/BE105193833/businessdetails.aspx,2026-07-29,"Pourquoi pas, chez So? à Liège",,4020,Liège,,0486 92 20 41,,http://www.facebook.com/1415011348736974,BE0542911869,,https://www.infobel.com/fr/belgium/financial/vat/BE0542911869,,,,,,,,,,,
https://www.infobel.com/fr/belgium/le_veneto/liege/BE100722988-042233297/businessdetails.aspx,2026-07-29,Le Veneto à Liège,Rue de la Madeleine 19 4000 Liège LIEGE,4000,Liège,,0491 75 11 13; 04 223 32 97,,https://facebook.com/Le-Veneto-109864297418566/,BE0743408889,Lu: 12:00-14:00; Ma: 12:00-14:00; Me: 12:00-14:00; Je: 12:00-14:00; Ve: 12:00-14:00; Sa: 12:00-14:00; Di: 12:00-14:00,https://www.infobel.com/fr/belgium/financial/vat/BE0743408889,Susan Tim,Rue de la Madeleine 19 4000 Liège LIEGE,01/04/2020,BE0743408889,,usan Tim; Tim Susan,Administrateur,usan,Tim,"Restauration à service restreint, à l'exclusion de restauration mobile",
https://www.infobel.com/fr/belgium/resto_12_30_leyh_andre/liege/BE100710023-043422242/businessdetails.aspx,2026-07-29,Resto 12-30 - LEYH Andre à Liège,Boulevard de Douai 18 4020 Liège LIEGE,4020,Liège,,0475 71 71 02; 04 342 22 42,,http://www.12-30.be/,BE0836177018,Lu: 10:00-15:00; Ma: 10:00-15:00; Me: 10:00-15:00; Je: 10:00-15:00; Ve: 10:00-15:00,https://www.infobel.com/fr/belgium/financial/vat/BE0836177018,66 Events & Management,Boulevard de Douai 18 4020 Liège LIEGE,05/05/2011,BE0836177018,30/06/2025,André Jacques Spartacus Leyh; André Jacques Spartacus Leyh; André Jacques Spartacus Leyh,Administrateur,André,Jacques Spartacus Leyh,"Restauration à service restreint, à l'exclusion de restauration mobile","2 (2025) 2024 2025 0 1 2 3 4 5 6 7 8 9 10 2 2 Marge Brute-8 770 € (2025) 2023 2024 2025 -25,000 € -20,000 € -15,000 € -10,000 € -5,000 € 0 € 5,000 € 10,000 € 15,000 € -19,686 12,950 -8,770"
https://www.infobel.com/fr/belgium/metisses/liege/BE100635620-043422292/businessdetails.aspx,2026-07-29,Métisses à Liège,Rue Roture 70 4020 Liège LIEGE,4020,Liège,,0493 10 85 68; 04 342 22 92,hello@centralapp.com,http://metisses.be/,BE0828169469,Ma: 18:00-23:00; Me: 18:00-23:00; Je: 18:00-23:00; Ve: 18:00-23:00; Sa: 18:00-23:00; Di: 18:00-23:00,https://www.infobel.com/fr/belgium/financial/vat/BE0828169469,SPRL Cuisine Métisses,Rue Roture 70 4020 Liège LIEGE,28/07/2010,BE0828169469,31/12/2024,Ndeye Maury Ndiaye,Administrateur,Ndeye,Maury Ndiaye,"Restauration à service complet Marge Brute-140 € (2024) 2022 2023 2024 -2,000 € 0 € 2,000 € 4,000 € 6,000 € 8,000 € 10,000 € 12,000 € 14,000 € 2,705 12,434 -140",
https://www.infobel.com/fr/belgium/sauge/liege/BE107126917/businessdetails.aspx,2026-07-29,Sauge à Liège,Avenue Louise 231 1050 Bruxelles,4000,Liège,,0499 31 43 73,,https://www.instagram.com/saugeliege,BE0453604761,Ma: 11:30-15:30; Me: 11:30-15:30; Je: 11:30-15:30; Ve: 11:30-15:30,https://www.infobel.com/fr/belgium/financial/vat/BE0453604761,Infobel,Avenue Louise 231 1050 Bruxelles,02/11/1994,BE0453604761,31/12/2024,,,,,Activités de conseil en informatique et de gestion d’installations informatiques,"11 (2024) 2022 2023 2024 8 9 9 10 10 11 11 12 10 9 11 Marge Brute1 311 537 € (2024) 2022 2023 2024 0 € 500,000 € 1,000,000 € 1,500,000 € 2,000,000 € 2,500,000 € 3,000,000 € 1,488,892 2,756,988 1,311,537"
https://www.infobel.com/fr/belgium/bar_a_manger/liege/BE107116974-043719756/businessdetails.aspx,2026-07-29,Bar à manger à Liège,Avenue Louise 231 1050 Bruxelles,4031,Liège,,04 371 97 56,,http://www.jardinssecrets.be/,BE0453604761,Lu: 12:00-14:00; Ma: 12:00-14:00; Me: 12:00-14:00; Je: 12:00-14:00; Ve: 12:00-14:00,https://www.infobel.com/fr/belgium/financial/vat/BE0453604761,Infobel,Avenue Louise 231 1050 Bruxelles,02/11/1994,BE0453604761,31/12/2024,,,,,Activités de conseil en informatique et de gestion d’installations informatiques,"11 (2024) 2022 2023 2024 8 9 9 10 10 11 11 12 10 9 11 Marge Brute1 311 537 € (2024) 2022 2023 2024 0 € 500,000 € 1,000,000 € 1,500,000 € 2,000,000 € 2,500,000 € 3,000,000 € 1,488,892 2,756,988 1,311,537"
https://www.infobel.com/fr/belgium/vin_d_jardin/liege/BE107070953/businessdetails.aspx,2026-07-29,Vin D'jardin à Liège,Avenue Louise 231 1050 Bruxelles,4000,Liège,,0475 95 24 48,,https://www.facebook.com/Vin-djardin-2295972237107965/,BE0453604761,Ve: 17:00-23:30,https://www.infobel.com/fr/belgium/financial/vat/BE0453604761,Infobel,Avenue Louise 231 1050 Bruxelles,02/11/1994,BE0453604761,31/12/2024,,,,,Activités de conseil en informatique et de gestion d’installations informatiques,"11 (2024) 2022 2023 2024 8 9 9 10 10 11 11 12 10 9 11 Marge Brute1 311 537 € (2024) 2022 2023 2024 0 € 500,000 € 1,000,000 € 1,500,000 € 2,000,000 € 2,500,000 € 3,000,000 € 1,488,892 2,756,988 1,311,537"
https://www.infobel.com/fr/belgium/vita_d_alep/liege/BE106576857/businessdetails.aspx,2026-07-29,Vita d'Alep à Liège,Rue Saint-Gilles 52 4000 Liège LIEGE,4000,Liège,,0472 45 72 66,,https://www.facebook.com/VitadAlep,BE1032270733,Lu: 11:30-21:00; Ma: 11:30-21:00; Me: 11:30-21:00; Je: 11:30-21:00; Ve: 11:30-21:00; Sa: 11:30-21:00; Di: 11:30-21:00,https://www.infobel.com/fr/belgium/financial/vat/BE1032270733,Vita D?alep,Rue Saint-Gilles 52 4000 Liège LIEGE,29/12/2025,BE1032270733,,Ahmad Hammash; Feras Jouna,Administrateur,Ahmad,Hammash,Commerce de détail non spécialisé dans lequel les produits alimentaires et le tabac prédominent,
https://www.infobel.com/fr/belgium/les_garcons/liege/BE106581737-042979802/businessdetails.aspx,2026-07-29,Les Garçons à Liège,Rue de la Goffe 18 4000 Liège LIEGE,4000,Liège,,0476 85 36 60; 04 297 98 02,,https://www.facebook.com/vincentetfred/,BE0694997674,Me: 12:00-14:00; Je: 12:00-14:00; Ve: 12:00-14:00; Sa: 18:00-22:00; Di: 11:30-16:00,https://www.infobel.com/fr/belgium/financial/vat/BE0694997674,Les Garçons,Rue de la Goffe 18 4000 Liège LIEGE,23/04/2018,BE0694997674,31/08/2024,Frédéric Delcharlerie; Vincent René Jean Kedei; Frédéric Léon Louis Antonnaux,Administrateur,Frédéric,Delcharlerie,Restauration à service complet,"0 (2022) 2022 0 1 2 3 4 5 6 7 8 9 10 0 Marge Brute-10 516 € (2024) 2021 2022 2024 -15,000 € -10,000 € -5,000 € 0 € 5,000 € 10,000 € 15,000 € 20,000 € 13,102 17,333 -10,516"
https://www.infobel.com/fr/belgium/le_soleil_du_vietnam/liege/BE106452144-043442186/businessdetails.aspx,2026-07-29,Le Soleil Du Vietnam à Liège,Rue Puits en Sock 59 4020 Liège LIEGE,4020,Liège,,04 344 21 86,,http://lesoleilduvietnam.be/,BE0753218460,Me: 12:00-14:30; Je: 12:00-14:30; Ve: 12:00-14:30; Sa: 12:00-14:30; Di: 18:00-22:30,https://www.infobel.com/fr/belgium/financial/vat/BE0753218460,Le Soleil du Vietnam,Rue Puits en Sock 59 4020 Liège LIEGE,02/10/1989,BE0753218460,,Hong Loan DUONG,Administrateur,Hong,Loan DUONG,"Restauration à service restreint, à l'exclusion de restauration mobile",
https://www.infobel.com/fr/belgium/la_petite_epicerie_slow_food/liege/BE106428005-043410027/businessdetails.aspx,2026-07-29,La Petite Epicerie - Slow Food à Liège,Rue de Stavelot 11 4020 Liège LIEGE,4020,Liège,,0476 83 80 58; 04 341 00 27,,https://www.facebook.com/Slow-Food-la-Petite-Epicerie-107436731209722/,BE0598439718,Me: 11:30-15:30; Je: 11:30-15:30; Ve: 11:30-15:30,https://www.infobel.com/fr/belgium/financial/vat/BE0598439718,Xhonneux N,Rue de Stavelot 11 4020 Liège LIEGE,01/10/1984,BE0598439718,,N XHONNEUX,Administrateur,N,XHONNEUX,Commerce de détail non spécialisé dans lequel les produits alimentaires et le tabac prédominent,
https://www.infobel.com/fr/belgium/jackson/liege/BE106340020-042674668/businessdetails.aspx,2026-07-29,JACKSON à Liège,Rue Hemricourt 35 BP 1 4000 Liège LIEGE,4000,Liège,,0465 88 09 92; 04 267 46 68,,https://www.jacksons-original-pizza.be/,BE0890468017,Lu: 18:00-00:00; Ma: 00:00-17:00; Me: 18:00-03:00; Je: 18:00-03:00; Ve: 18:00-03:00; Sa: 18:00-03:00; Di: 18:00-04:00,https://www.infobel.com/fr/belgium/financial/vat/BE0890468017,Elouaaliti Said,Rue Hemricourt 35 BP 1 4000 Liège LIEGE,17/07/2007,BE0890468017,,aid Elouaaliti; Sa´d Elouaaliti,Administrateur,aid,Elouaaliti,"Restauration à service restreint, à l'exclusion de restauration mobile",
https://www.infobel.com/fr/belgium/phuong_nam/liege/BE105674865-042474213/businessdetails.aspx,2026-07-29,Phuong Nam à Liège,Rue Sainte-Walburge 341 4000 Liège LIEGE,4000,Liège,,04 247 42 13,,https://www.facebook.com/share/18edvFsAF8/,BE0723864280,Lu: 11:30-14:30; Ma: 11:30-14:30; Me: 17:30-22:00; Je: 11:30-14:30; Ve: 11:30-14:30; Sa: 11:30-14:30; Di: 11:30-14:30,https://www.infobel.com/fr/belgium/financial/vat/BE0723864280,PHUONG NAM,Rue Sainte-Walburge 341 4000 Liège LIEGE,01/04/2019,BE0723864280,,Thi Lai Thi,Administrateur,Thi,Lai Thi,Commerce de gros d'autres produits alimentaires n.c.a.,
https://www.infobel.com/fr/belgium/union_nautique/liege/BE105666989-043438031/businessdetails.aspx,2026-07-29,Union Nautique à Liège,Parc de la Boverie 2 4020 Liège LIEGE,4020,Liège,,04 343 80 31; 04 313 80 31,,https://search.infobelpro.com/belgium/fr/liege/liege,BE0443393334,Me: 11:00-15:00; Je: 11:00-15:00; Ve: 11:00-15:00; Sa: 15:00-22:00; Di: 10:30-21:00,https://www.infobel.com/fr/belgium/financial/vat/BE0443393334,Union Nautique de Liège,Parc de la Boverie 2 4020 Liège LIEGE,13/02/1991,BE0443393334,,Jean Timmermans,Administrateur,Jean,Timmermans,"Commerce de gros de toutes boissons, alcoolisées ou non",
https://www.infobel.com/fr/belgium/chez_luigi/liege/BE105601013-042696565/businessdetails.aspx,2026-07-29,Chez Luigi à Liège,Rue Saint-Gilles 143 4000 Liège LIEGE,4000,Liège,,0493 53 38 02; 04 269 65 65,info@menute.be,https://www.chezluigimenu.be/,BE0697770389,Lu: 12:00-13:30; Ma: 12:00-13:30; Me: 18:00-22:00; Je: 12:00-13:30; Ve: 12:00-13:30; Sa: 18:00-22:00,https://www.infobel.com/fr/belgium/financial/vat/BE0697770389,La Russa Luigi,Rue Saint-Gilles 143 4000 Liège LIEGE,12/06/2018,BE0697770389,,Luigi La Russa,Administrateur,Luigi,La Russa,Restauration à service complet,
https://www.infobel.com/fr/belgium/mex_y_fresh/liege/BE105510447/businessdetails.aspx,2026-07-29,Mex y Fresh à Liège,Avenue Louise 231 1050 Bruxelles,4000,Liège,,0476 37 76 48,info@mexyfresh.com,https://www.mexyfresh.be/,BE0453604761,Lu: 12:00-21:00; Ma: 12:00-21:00; Me: 12:00-21:00; Je: 12:00-21:00; Ve: 12:00-22:00; Sa: 12:00-22:00,https://www.infobel.com/fr/belgium/financial/vat/BE0453604761,Infobel,Avenue Louise 231 1050 Bruxelles,02/11/1994,BE0453604761,31/12/2024,,,,,Activités de conseil en informatique et de gestion d’installations informatiques,"11 (2024) 2022 2023 2024 8 9 9 10 10 11 11 12 10 9 11 Marge Brute1 311 537 € (2024) 2022 2023 2024 0 € 500,000 € 1,000,000 € 1,500,000 € 2,000,000 € 2,500,000 € 3,000,000 € 1,488,892 2,756,988 1,311,537"
https://www.infobel.com/fr/belgium/biscuiterie_antoine/liege/BE105445093-042221742/businessdetails.aspx,2026-07-29,Biscuiterie Antoine à Liège,Chaussée de Tongres 269 BP 52 4000 Liège LIEGE,4000,Liège,,0477 49 64 83; 04 222 17 42; 04 247 31 29,,https://www.facebook.com/biscuiterieantoine,BE2273279825,Lu: 09:30-19:00; Ma: 09:30-19:00; Me: 09:30-19:00; Je: 09:30-19:00; Ve: 09:30-19:00; Sa: 09:00-19:00,https://www.infobel.com/fr/belgium/financial/vat/BE2273279825,Biscuiterie Antoine,Chaussée de Tongres 269 BP 52 4000 Liège LIEGE,09/06/2017,BE2273279825,,,,,,Commerce de détail de chocolat et de confiserie,
https://www.infobel.com/fr/belgium/brasserie_du_bernalmont/liege/BE105508897-042281128/businessdetails.aspx,2026-07-29,Brasserie du bernalmont à Liège,Rue Bernalmont 2 4000 Liège LIEGE,1234,évaluations),,04 228 11 28,info@cafe.com,https://yellow.pages.wwwcafe.de/brasserie-du-bernalmont/,BE2378824535,Me: 10:00-22:00; Je: 10:00-22:00; Ve: 10:00-22:00; Sa: 18:00-22:00; Di: 10:00-22:00,https://www.infobel.com/fr/belgium/financial/vat/BE2378824535,Brasserie Du Bernalmont,Rue Bernalmont 2 4000 Liège LIEGE,21/10/2025,BE2378824535,,,,,,Commerce de gros de parfumerie et de produits de beauté,
https://www.infobel.com/fr/belgium/brasserie_de_l_univers/liege/BE105249876-042620890/businessdetails.aspx,2026-07-29,BRASSERIE DE L'UNIVERS à Liège,,4000,Liège,,04 262 08 90,,https://search.infobelpro.com/belgium/fr/liege/liege,BE0453604761,,https://www.infobel.com/fr/belgium/financial/vat/BE0453604761,,,,,,,,,,,
https://www.infobel.com/fr/belgium/pizzeria_pinocchio/liege/BE104977422-042213999/businessdetails.aspx,2026-07-29,Pizzeria Pinocchio à Liège,Rue d'Ougrée 59 4031 Liège LIEGE,4031,Liège,,04 221 39 99,,https://www.pizzeriapinocchio.be/,BE0808019502,Ma: 11:45-14:00; Me: 11:45-14:00; Je: 11:45-14:00; Ve: 11:45-14:00; Sa: 11:45-14:00; Di: 17:30-21:00,https://www.infobel.com/fr/belgium/financial/vat/BE0808019502,Morgante Carmelo,Rue d'Ougrée 59 4031 Liège LIEGE,01/01/2009,BE0808019502,,Carmelo Morgante; Vito Morici,Administrateur,Carmelo,Morgante,"Restauration à service restreint, à l'exclusion de restauration mobile",
https://www.infobel.com/fr/belgium/la_capitainerie/liege/BE104981534-042230713/businessdetails.aspx,2026-07-29,La Capitainerie à Liège,Port des Yachts 5 4000 Liège LIEGE,1641,évaluations),,04 223 07 13,info@oye-oye.net,https://resto-capitainerie.be/,BE0807681881,Lu: 12:00-14:30; Ma: 12:00-14:30; Me: 12:00-14:30; Je: 12:00-14:30; Ve: 12:00-14:30; Sa: 12:00-14:30; Di: 12:00-14:30,https://www.infobel.com/fr/belgium/financial/vat/BE0807681881,Tündo-Management,Port des Yachts 5 4000 Liège LIEGE,06/11/2008,BE0807681881,30/06/2025,Dominique Pascal Van Avermaet; Dominique Pascal Van Avermaet,Administrateur,Dominique,Pascal Van Avermaet,Restauration à service complet,"6 (2025) 2024 2025 0 2 4 6 8 10 12 11 6 Marge Brute68 606 € (2025) 2024 2025 -60,000 € -40,000 € -20,000 € 0 € 20,000 € 40,000 € 60,000 € 80,000 € -50,761 68,606"
https://www.infobel.com/fr/belgium/mirabella_s_pizza/liege/BE100718892-042260422/businessdetails.aspx,2026-07-29,Mirabella's Pizza à Liège,Rue des Guillemins 112 4000 Liège LIEGE,4000,Liège,,04 226 04 22,,http://www.facebook.com/262695337141632,BE0806796609,Lu: 12:00-14:00; Ma: 12:00-14:00; Me: 12:00-14:00; Je: 12:00-14:00; Ve: 12:00-14:00; Sa: 18:00-22:00,https://www.infobel.com/fr/belgium/financial/vat/BE0806796609,Mirabella'S Pizza,Rue des Guillemins 112 4000 Liège LIEGE,25/09/2008,BE0806796609,31/12/2024,Thomas Georges Stéphan Clerbois; Thomas Georges Stéphan Clerbois; Mégane Jacquet,Administrateur,Thomas,Georges Stéphan Clerbois,Restauration à service complet,"3 (2023) 2022 2023 0 1 2 3 4 5 6 7 8 9 10 1 3 Marge Brute-207 € (2024) 2022 2023 2024 -10,000 € -8,000 € -6,000 € -4,000 € -2,000 € 0 € 2,000 € 4,000 € 1,942 -8,125 -207"
https://www.infobel.com/fr/belgium/centrale_des_viandes/liege/BE100726826-043661264/businessdetails.aspx,2026-07-29,Centrale des viandes à Liège,Rue Chaffette 2 4032 Liège LIEGE,4032,Liège,,0479 10 69 85; 04 366 12 64,,https://www.facebook.com/share/AQ3HrvgzeGjiAC8V/,BE0843232777,Me: 09:00-14:30; Je: 12:00-14:30; Ve: 12:00-14:30; Sa: 18:30-22:00,https://www.infobel.com/fr/belgium/financial/vat/BE0843232777,Centrale des viandes,Rue Chaffette 2 4032 Liège LIEGE,01/03/2012,BE0843232777,,ylvie Pire,Administrateur,ylvie,Pire,Restauration à service complet,
https://www.infobel.com/fr/belgium/pintus_sylviane/liege/BE100587237-042223004/businessdetails.aspx,2026-07-29,Pintus Sylviane à Liège,Impasse Macors 63 4000 Liège LIEGE,4000,Liège,,0486 37 31 28; 04 222 30 04,,http://pinky-pintus.com,BE0597564936,,https://www.infobel.com/fr/belgium/financial/vat/BE0597564936,Pintus Sylviane,Impasse Macors 63 4000 Liège LIEGE,22/04/1997,BE0597564936,,ylviane PINTUS; Sylviane PINTUS,Administrateur,ylviane,PINTUS,Activités d'architecture d'intérieur,
https://www.infobel.com/fr/belgium/chaud_diffusion/liege/BE100331357-042241161/businessdetails.aspx,2026-07-29,CHAUD DIFFUSION à Liège - Avenue de la Closeraie 1,Avenue de la Closeraie 1 4000 Luik LUIK,4000,Liège,,04 224 11 61; 04 224 18 75,info@pointchaud.be,http://www.pointchaud.be,BE2063051527,Lu: 05:30-18:00; Ma: 05:30-18:00; Me: 05:30-18:00; Je: 05:30-18:00; Ve: 05:30-18:00; Sa: 05:30-18:00; Di: 05:30-18:00,https://www.infobel.com/fr/belgium/financial/vat/BE2063051527,Chaud Diffusion,Avenue de la Closeraie 1 4000 Luik LUIK,13/01/1998,BE2063051527,,,,,,Production de plats préparés à base de viande,
https://www.infobel.com/fr/belgium/les_auberges_de_jeunesse/liege/BE100131316-043445689/businessdetails.aspx,2026-07-29,LES AUBERGES DE JEUNESSE à Liège,Rue Georges Simenon 2 4020 Liège LIEGE,4020,Liège,,04 344 56 89; 04 344 56 87,bouillon@laj.be,http://www.lesaubergesdejeunesse.be,BE2143352382,,https://www.infobel.com/fr/belgium/financial/vat/BE2143352382,Auberge De Jeunesse De Liège,Rue Georges Simenon 2 4020 Liège LIEGE,18/06/1933,BE2143352382,,,,,,Auberges pour jeunes,
https://www.infobel.com/fr/belgium/le_vingt_et_unieme/liege/BE100128109-042233225/businessdetails.aspx,2026-07-29,Le Vingt Et Unième à Liège,Place du Marché 21 4000 Liège LIEGE,5162,évaluations),,04 223 32 25; 04 237 03 77,as.ouhes@skynet.be,https://www.facebook.com/pages/As-Ouh%C3%A8s/189352331103881,BE0479937291,Lu: 12:00-14:30; Ma: 12:00-14:30; Me: 12:00-14:30; Je: 12:00-14:30; Ve: 12:00-14:30; Sa: 12:00-14:30; Di: 12:00-14:30,https://www.infobel.com/fr/belgium/financial/vat/BE0479937291,Le Vingt Et Unieme,Place du Marché 21 4000 Liège LIEGE,08/04/2003,BE0479937291,31/12/2024,Christine Fraboni; Dragan Tancev,Administrateur,Christine,Fraboni,Restauration à service complet,"20 (2024) 2023 2024 19 20 20 20 20 20 21 21 21 21 21 20 Marge Brute-22 236 € (2024) 2023 2024 -90,000 € -80,000 € -70,000 € -60,000 € -50,000 € -40,000 € -30,000 € -20,000 € -10,000 € 0 € -81,877 -22,236"
https://www.infobel.com/fr/belgium/maki_maki_liege/liege/BE106139010-043881105/businessdetails.aspx,2026-07-29,MAKI MAKI - Liège à Liège,Rue Saint-Gangulphe 27 4000 Liège LIEGE,4000,Liège,,04 388 11 05,hello@centralapp.com,http://www.makimaki.be/,BE1012596955,Lu: 11:30-22:30; Ma: 11:30-22:30; Me: 11:30-22:30; Je: 11:30-22:30; Ve: 11:30-23:00; Sa: 11:30-23:00; Di: 11:30-22:30,https://www.infobel.com/fr/belgium/financial/vat/BE1012596955,Maki Maki Liege,Rue Saint-Gangulphe 27 4000 Liège LIEGE,20/08/2024,BE1012596955,,Gagnon Mensah; Madjri Ohin,Administrateur,Gagnon,Mensah,"Restauration à service restreint, à l'exclusion de restauration mobile",
https://www.infobel.com/fr/belgium/friterie_colson/liege/BE100499985-042623255/businessdetails.aspx,2026-07-29,Friterie Colson à Liège,Rue Jean Hermesse 2 4020 Liège LIEGE,4020,Liège,,04 262 32 55,,https://www.facebook.com/FriterieColsonJupille/,BE0474666035,Ma: 11:30-14:00; Me: 11:30-14:00; Je: 11:30-14:00; Ve: 11:30-14:00; Sa: 11:30-14:00; Di: 11:30-14:00,https://www.infobel.com/fr/belgium/financial/vat/BE0474666035,Friterie Colson,Rue Jean Hermesse 2 4020 Liège LIEGE,10/04/2001,BE0474666035,31/12/2024,Dominique Dubois; Jean Colson; François Joseph Gabriel Suede,Administrateur,Dominique,Dubois,"Estimation et évaluation de biens immobiliers pour compte de tiers Marge Brute-12 147 € (2024) 2022 2023 2024 -15,000 € -10,000 € -5,000 € 0 € 5,000 € 10,000 € 15,000 € 9,554 -768 -12,147",
https://www.infobel.com/fr/belgium/boushaba/liege/BE107122666/businessdetails.aspx,2026-07-29,Boushaba à Liège,Avenue Louise 231 1050 Bruxelles,4020,Liège,,0470 96 58 82,,https://www.facebook.com/SnackBoushaba/,BE0453604761,Lu: 12:00-23:00; Ma: 12:00-23:00; Me: 12:00-23:00; Je: 12:00-23:00; Ve: 12:00-23:00; Sa: 12:00-23:00; Di: 12:00-23:00,https://www.infobel.com/fr/belgium/financial/vat/BE0453604761,Infobel,Avenue Louise 231 1050 Bruxelles,02/11/1994,BE0453604761,31/12/2024,,,,,Activités de conseil en informatique et de gestion d’installations informatiques,"11 (2024) 2022 2023 2024 8 9 9 10 10 11 11 12 10 9 11 Marge Brute1 311 537 € (2024) 2022 2023 2024 0 € 500,000 € 1,000,000 € 1,500,000 € 2,000,000 € 2,500,000 € 3,000,000 € 1,488,892 2,756,988 1,311,537"
https://www.infobel.com/fr/belgium/soussi_brunch/liege/BE107083199/businessdetails.aspx,2026-07-29,Soussi brunch à Liège,Rue Saint-Nicolas 532 4000 Liège LIEGE,4000,Liège,,0465 51 71 98,,https://www.instagram.com/soussi.brunch?igsh=MXJ2dTUza3FtcDh5eQ==,BE2381600715,Lu: 09:30-18:00; Ma: 09:30-18:00; Me: 09:30-18:00; Je: 09:30-18:00; Ve: 09:30-18:00; Sa: 09:30-18:00; Di: 09:30-18:00,https://www.infobel.com/fr/belgium/financial/vat/BE2381600715,Soussi Brunch,Rue Saint-Nicolas 532 4000 Liège LIEGE,06/12/2025,BE2381600715,,,,,,Commerce de détail de pain et de pâtisserie (dépôts),
https://www.infobel.com/fr/belgium/sebaca/liege/BE106862844/businessdetails.aspx,2026-07-29,SEBACA à Liège,Rue de la Cathédrale 25 4000 Liège LIEGE,4000,Liège,,0476 81 30 89,,https://www.facebook.com/S%C3%A9bastian-102398599156344,BE0804079520,,https://www.infobel.com/fr/belgium/financial/vat/BE0804079520,SEBACA,Rue de la Cathédrale 25 4000 Liège LIEGE,18/07/2023,BE0804079520,31/12/2024,ébastian Cassart,Administrateur,ébastian,Cassart,Restauration à service complet,"3 (2024) 2023 2024 0 1 2 3 4 5 6 7 8 9 10 2 3 Marge Brute26 251 € (2024) 2023 2024 19,000 € 20,000 € 21,000 € 22,000 € 23,000 € 24,000 € 25,000 € 26,000 € 27,000 € 21,743 26,251"
https://www.infobel.com/fr/belgium/l_atelier_brasserie/liege/BE106698022-042794994/businessdetails.aspx,2026-07-29,L'Atelier Brasserie à Liège,Place des Arts 1 4020 Liège LIEGE,4000,Liège,,04 279 49 94,,https://www.instagram.com/latelier_brasserie_b3/,BE2363832788,Lu: 10:00-18:00; Ma: 10:00-18:00; Me: 10:00-18:00; Je: 10:00-18:00; Ve: 10:00-18:00; Sa: 10:00-16:00,https://www.infobel.com/fr/belgium/financial/vat/BE2363832788,L'Atelier Brasserie,Place des Arts 1 4020 Liège LIEGE,26/08/2024,BE2363832788,,,,,,"Restauration à service restreint, à l'exclusion de restauration mobile",
https://www.infobel.com/fr/belgium/entracte_gourmande/liege/BE100278525-043444604/businessdetails.aspx,2026-07-29,ENTRACTE GOURMANDE à Liège,Rue Roture 48 4020 Liège LIEGE,4020,Liège,,0496 39 46 47; 04 344 46 04,,https://search.infobelpro.com/belgium/fr/liege/liege,BE0808533602,,https://www.infobel.com/fr/belgium/financial/vat/BE0808533602,ENTRACTE GOURMANDE,Rue Roture 48 4020 Liège LIEGE,01/01/2009,BE0808533602,,Rakesh Kaushal; Gulsevinc Kaya,Administrateur,Rakesh,Kaushal,"Restauration à service restreint, à l'exclusion de restauration mobile",
https://www.infobel.com/fr/belgium/tgv_taverne/liege/BE100129089-042542595/businessdetails.aspx,2026-07-29,TGV Taverne à Liège,Rue des Guillemins 110 4000 Liège LIEGE,4000,Liège,,04 254 25 95,,http://tgv-taverne.be/,BE2374683922,,https://www.infobel.com/fr/belgium/financial/vat/BE2374683922,Tgv,Rue des Guillemins 110 4000 Liège LIEGE,13/06/2025,BE2374683922,,,,,,Cafés et bars,
https://www.infobel.com/fr/belgium/koba_international/liege/BE100095638-043433856/businessdetails.aspx,2026-07-29,Koba International à Liège,Chaussée des Prés 15 4020 Liège LIEGE,4020,Liège,,04 343 38 56,,https://www.facebook.com/Le-Mechoui-Chez-Rabah-146842188712638/,BE0427485829,Lu: 11:00-03:00; Ma: 11:00-03:00; Me: 11:00-03:00; Je: 11:00-03:00; Ve: 11:00-03:00; Sa: 11:00-03:00; Di: 11:00-03:00,https://www.infobel.com/fr/belgium/financial/vat/BE0427485829,Koba International,Chaussée des Prés 15 4020 Liège LIEGE,19/06/1985,BE0427485829,31/12/2024,Zineb Lamkaddam; Zineb Lamkaddam; Zineb Lamkaddam,Administrateur,Zineb,Lamkaddam,"Location et exploitation de biens immobiliers non résidentiels propres ou loués, sauf terrains Marge Brute8 874 € (2024) 2022 2023 2024 0 € 2,000 € 4,000 € 6,000 € 8,000 € 10,000 € 12,000 € 10,173 7,843 8,874",
https://www.infobel.com/fr/belgium/quick_place_saint_lambert/liege/BE105688222-042220969/businessdetails.aspx,2026-07-29,Quick Place Saint Lambert à Liège,Avenue Louise 231 1050 Bruxelles,4000,Liège,,042220969,privacy@quick.be,http://www.quick.be/fr/restaurant/place-saint-lambert,BE0453604761,,https://www.infobel.com/fr/belgium/financial/vat/BE0453604761,Infobel,Avenue Louise 231 1050 Bruxelles,02/11/1994,BE0453604761,31/12/2024,,,,,Activités de conseil en informatique et de gestion d’installations informatiques,"11 (2024) 2022 2023 2024 8 9 9 10 10 11 11 12 10 9 11 Marge Brute1 311 537 € (2024) 2022 2023 2024 0 € 500,000 € 1,000,000 € 1,500,000 € 2,000,000 € 2,500,000 € 3,000,000 € 1,488,892 2,756,988 1,311,537"
https://www.infobel.com/fr/belgium/shell_express/liege/BE100351660-025089298/businessdetails.aspx,2026-07-29,Shell Express à Liège - Rue de Herve 461,,4030,Liège,,025089298,,https://find.shell.com/be/fuel/10023150-grivegnee-shell-express,BE0453604761,,https://www.infobel.com/fr/belgium/financial/vat/BE0453604761,,,,,,,,,,,
https://www.infobel.com/fr/belgium/quick_frankignoul/liege/BE100499720-043490109/businessdetails.aspx,2026-07-29,Quick Frankignoul à Liège,Avenue Louise 231 1050 Bruxelles,4020,Liège,,043490109,privacy@quick.be,http://www.quick.be/fr/restaurant/frankignoul,BE0453604761,,https://www.infobel.com/fr/belgium/financial/vat/BE0453604761,Infobel,Avenue Louise 231 1050 Bruxelles,02/11/1994,BE0453604761,31/12/2024,,,,,Activités de conseil en informatique et de gestion d’installations informatiques,"11 (2024) 2022 2023 2024 8 9 9 10 10 11 11 12 10 9 11 Marge Brute1 311 537 € (2024) 2022 2023 2024 0 € 500,000 € 1,000,000 € 1,500,000 € 2,000,000 € 2,500,000 € 3,000,000 € 1,488,892 2,756,988 1,311,537"
https://www.infobel.com/fr/belgium/le_cecil/liege/BE100128722-042720690/businessdetails.aspx,2026-07-29,Le Cecil à Liège,Avenue Louise 231 1050 Bruxelles,4000,Liège,,042720690,info@oye-oye.net,https://lececil.be/fr,BE0453604761,,https://www.infobel.com/fr/belgium/financial/vat/BE0453604761,Infobel,Avenue Louise 231 1050 Bruxelles,02/11/1994,BE0453604761,31/12/2024,,,,,Activités de conseil en informatique et de gestion d’installations informatiques,"11 (2024) 2022 2023 2024 8 9 9 10 10 11 11 12 10 9 11 Marge Brute1 311 537 € (2024) 2022 2023 2024 0 € 500,000 € 1,000,000 € 1,500,000 € 2,000,000 € 2,500,000 € 3,000,000 € 1,488,892 2,756,988 1,311,537"
https://www.infobel.com/fr/belgium/shell_express/liege/BE105031617-038898989/businessdetails.aspx,2026-07-29,Shell Express à Liège - Rue Saint-Nicolas 582,Avenue Louise 231 1050 Bruxelles,4000,Liège,,038898989,,https://find.shell.com/be/fuel/12685116-liege-glain-se,BE0453604761,,https://www.infobel.com/fr/belgium/financial/vat/BE0453604761,Infobel,Avenue Louise 231 1050 Bruxelles,02/11/1994,BE0453604761,31/12/2024,,,,,Activités de conseil en informatique et de gestion d’installations informatiques,"11 (2024) 2022 2023 2024 8 9 9 10 10 11 11 12 10 9 11 Marge Brute1 311 537 € (2024) 2022 2023 2024 0 € 500,000 € 1,000,000 € 1,500,000 € 2,000,000 € 2,500,000 € 3,000,000 € 1,488,892 2,756,988 1,311,537"
https://www.infobel.com/fr/belgium/le_virunga/liege/BE106919470/businessdetails.aspx,2026-07-29,Le Virunga à Liège,Rue de Hesbaye 90 4000 Liège LIEGE,4000,Liège,,0499 83 76 55,,http://www.restaurantvirunga.com/,BE2359934675,Lu: 16:30-23:30; Me: 14:00-00:30; Je: 16:00-00:30; Ve: 16:00-00:30; Sa: 14:00-00:30; Di: 15:00-23:00,https://www.infobel.com/fr/belgium/financial/vat/BE2359934675,Le Virunga,Rue de Hesbaye 90 4000 Liège LIEGE,15/06/2024,BE2359934675,,,,,,"Restauration à service restreint, à l'exclusion de restauration mobile",
https://www.infobel.com/fr/belgium/bavet/liege/BE106853336/businessdetails.aspx,2026-07-29,Bavet à Liège,Rue Pont d'Avroy 13 4000 Liège LIEGE,4000,Liège,,0490 64 65 95,,http://www.bavet.eu/,BE2337917952,,https://www.infobel.com/fr/belgium/financial/vat/BE2337917952,Bavev,Rue Pont d'Avroy 13 4000 Liège LIEGE,08/10/2022,BE2337917952,,,,,,"Restauration à service restreint, à l'exclusion de restauration mobile",
https://www.infobel.com/fr/belgium/casa_verde/liege/BE106679714-042697549/businessdetails.aspx,2026-07-29,Casa Verde à Liège,Rue Eugène Ysaye 14 4000 Liège LIEGE,4000,Liège,,0491 91 40 41; 04 269 75 49,info@casaverderestaurant.com,https://www.casaverderestaurant.com/,BE2348066627,Lu: 12:00-14:00; Ma: 12:00-14:00; Me: 12:00-14:00; Je: 12:00-14:00; Ve: 12:00-14:00; Sa: 18:00-21:30,https://www.infobel.com/fr/belgium/financial/vat/BE2348066627,Casa Verde,Rue Eugène Ysaye 14 4000 Liège LIEGE,01/09/2023,BE2348066627,,,,,,Restauration à service complet,
https://www.infobel.com/fr/belgium/musee_en_plein_air_du_sart_tilman/liege/BE106625022-043662220/businessdetails.aspx,2026-07-29,Musée en plein air du Sart Tilman à Liège,L'Agora 1 4000 Liège LIEGE,4031,Liège,,04 366 22 20,,https://search.infobelpro.com/belgium/fr/liege/liege,BE0417507301,Lu: 00:00-23:59; Ma: 00:00-23:59; Me: 00:00-23:59; Je: 00:00-23:59; Ve: 00:00-23:59; Sa: 00:00-23:59; Di: 00:00-23:59,https://www.infobel.com/fr/belgium/financial/vat/BE0417507301,"Musée d'Art Contemporain en Plein Air du Sart - Tilman, Centre d'Animation et d'Intégratio",L'Agora 1 4000 Liège LIEGE,06/10/1977,BE0417507301,,Pierre Henrion; Jean Housen; Julie Bawin,Administrateur,Pierre,Henrion,Activités des musées et collections,
https://www.infobel.com/fr/belgium/cafet_trianon_by_mad_cafe/liege/BE106631727-043426131/businessdetails.aspx,2026-07-29,Cafet Trianon by Mad Café à Liège,Rue Surlet 20 4020 Liège LIEGE,4020,Liège,,04 342 61 31; 04 342 59 08,theatre.trianon@outlook.fr,http://www.theatretrianon.be,BE2351309296,Lu: 09:00-18:00; Ma: 09:00-18:00; Me: 09:00-18:00; Je: 09:00-18:00; Ve: 09:00-18:00; Sa: 09:00-18:00,https://www.infobel.com/fr/belgium/financial/vat/BE2351309296,Cafet Trianon by Mad Café,Rue Surlet 20 4020 Liège LIEGE,01/10/2023,BE2351309296,,,,,,Cafés-restaurants (tavernes),
https://www.infobel.com/fr/belgium/restaurant_caudalie_liege/liege/BE106570823-042244508/businessdetails.aspx,2026-07-29,Restaurant Caudalie Liège à Liège,Rue Saint-Jean-en-Isle 6 4000 Liège LIEGE,4000,Liège,,04 224 45 08,info@caudalie-restaurant.be,https://caudalie-restaurant.be/,BE0750543438,Me: 19:00-20:45; Je: 12:00-13:45; Ve: 12:00-13:45; Sa: 19:00-20:45; Di: 19:00-20:45,https://www.infobel.com/fr/belgium/financial/vat/BE0750543438,CAUDALIE,Rue Saint-Jean-en-Isle 6 4000 Liège LIEGE,10/07/2020,BE0750543438,31/12/2024,Manon Moullet; Simon Poletto,Administrateur,Manon,Moullet,"Restauration à service complet Marge Brute6 555 € (2024) 2022 2023 2024 0 € 5,000 € 10,000 € 15,000 € 20,000 € 25,000 € 21,869 1,370 6,555",
https://www.infobel.com/fr/belgium/smala_liege/liege/BE106479277-042250509/businessdetails.aspx,2026-07-29,Smala Liege à Liège,Place des Franchises 5 4000 Liège LIEGE,4000,Liège,,0478 38 52 52; 04 225 05 09,,https://www.instagram.com/smala.liege/,BE0785352679,Lu: 11:45-14:30; Ma: 11:45-14:30; Me: 11:45-14:30; Je: 11:45-14:30; Ve: 11:45-14:30,https://www.infobel.com/fr/belgium/financial/vat/BE0785352679,Smala,Place des Franchises 5 4000 Liège LIEGE,25/04/2022,BE0785352679,31/12/2024,Amandine De Géradon-braconier,Administrateur,Amandine,De Géradon-braconier,"Restauration à service restreint, à l'exclusion de restauration mobile","0 (2022) 2022 0 1 2 3 4 5 6 7 8 9 10 0 Marge Brute-3 344 € (2024) 2022 2023 2024 -4,500 € -4,000 € -3,500 € -3,000 € -2,500 € -2,000 € -1,500 € -1,000 € -500 € 0 € -4,132 -86 -3,344"
https://www.infobel.com/fr/belgium/n3_rue_de_hesbaye/liege/BE106495299-042271515/businessdetails.aspx,2026-07-29,N3 | Rue de Hesbaye à Liège,Avenue Louise 231 1050 Bruxelles,4000,Liège,,0468 36 19 86; 04 227 15 15,info@laboreunis.be,https://www.laboreunis.be,BE0453604761,Lu: 09:00-10:00; Ma: 09:00-10:00; Me: 09:00-10:00; Je: 09:00-10:00; Ve: 09:00-10:00,https://www.infobel.com/fr/belgium/financial/vat/BE0453604761,Infobel,Avenue Louise 231 1050 Bruxelles,02/11/1994,BE0453604761,31/12/2024,,,,,Activités de conseil en informatique et de gestion d’installations informatiques,"11 (2024) 2022 2023 2024 8 9 9 10 10 11 11 12 10 9 11 Marge Brute1 311 537 € (2024) 2022 2023 2024 0 € 500,000 € 1,000,000 € 1,500,000 € 2,000,000 € 2,500,000 € 3,000,000 € 1,488,892 2,756,988 1,311,537"
https://www.infobel.com/fr/belgium/cafe_joli/liege/BE106309708-043914708/businessdetails.aspx,2026-07-29,Cafe Joli à Liège,Place Saint-Pholien 14 4020 Liège LIEGE,4020,Liège,,0472 89 99 59; 04 391 47 08,info@cafejolilivre.be,http://www.cafejolilivre.be,BE2355198701,,https://www.infobel.com/fr/belgium/financial/vat/BE2355198701,Café Joli,Place Saint-Pholien 14 4020 Liège LIEGE,27/12/2023,BE2355198701,,,,,,Activités de création en arts visuels,
https://www.infobel.com/fr/belgium/the_lodge_of_stones/liege/BE106297575-042347934/businessdetails.aspx,2026-07-29,The Lodge of Stones à Liège,Route du Condroz 119 4031 Liège LIEGE,4031,Liège,,04 234 79 34,,http://www.sottopiano.be,BE0480130994,,https://www.infobel.com/fr/belgium/financial/vat/BE0480130994,DGS-8 Real Estate,Route du Condroz 119 4031 Liège LIEGE,24/04/2003,BE0480130994,31/12/2024,amuel Guido Giuseppe Di Giovanni,Administrateur,amuel,Guido Giuseppe Di Giovanni,Restauration à service complet,"3 (2024) 2022 2023 2024 0 1 2 3 4 5 6 7 8 9 10 3 3 3 Marge Brute271 068 € (2024) 2022 2023 2024 0 € 50,000 € 100,000 € 150,000 € 200,000 € 250,000 € 300,000 € 48,830 22,365 271,068"
https://www.infobel.com/fr/belgium/le_gout_de_chez_jing/liege/BE106031328-043380041/businessdetails.aspx,2026-07-29,Le Goût de chez Jing à Liège,Rue de la Régence 21 4000 Liège LIEGE,4000,Liège,,0484 27 11 68; 04 338 00 41,,https://www.facebook.com/Le-go%C3%BBt-de-Chez-Jing-113257453723839/,BE0641872754,Lu: 12:00-15:00; Ma: 12:00-15:00; Me: 12:00-15:00; Je: 12:00-15:00; Ve: 12:00-15:00; Sa: 12:00-16:00,https://www.infobel.com/fr/belgium/financial/vat/BE0641872754,Le Goût de chez Jing,Rue de la Régence 21 4000 Liège LIEGE,26/10/2015,BE0641872754,,Yutian Hui,Administrateur,Yutian,Hui,"Restauration à service restreint, à l'exclusion de restauration mobile",
https://www.infobel.com/fr/belgium/oba_restaurant/liege/BE105937758-042357500/businessdetails.aspx,2026-07-29,Oba Restaurant à Liège,Rue Saint-Nicolas 558 4000 Liège LIEGE,4000,Liège,,04 235 75 00,,https://www.resto.be/restaurant/liege/4000-liege/166823-oba-restaurant-grillades/,BE0675889763,Ma: 09:00-22:00; Me: 09:00-22:00; Je: 09:00-22:00; Ve: 09:00-23:00; Sa: 09:00-23:00; Di: 09:00-22:00,https://www.infobel.com/fr/belgium/financial/vat/BE0675889763,Oba By Turaci,Rue Saint-Nicolas 558 4000 Liège LIEGE,22/05/2017,BE0675889763,30/09/2024,Mehmet Turaci; Olcay Solak; Önder Turaci,Administrateur,Mehmet,Turaci,Restauration à service complet,"0 (2022) 2022 0 1 2 3 4 5 6 7 8 9 10 0 Marge Brute-16 168 € (2024) 2022 2023 2024 -40,000 € -30,000 € -20,000 € -10,000 € 0 € 10,000 € 20,000 € 30,000 € 25,951 -30,682 -16,168"
https://www.infobel.com/fr/belgium/kfc_liege/liege/BE105930916-042680417/businessdetails.aspx,2026-07-29,KFC - Liège à Liège,Place de la République Française 49 4000 Liège LIEGE,4818,évaluations),,04 268 04 17,globalprivacy@yum.com,https://kfcrestaurants.be/,BE2292411787,Lu: 11:00-23:00; Ma: 11:00-23:00; Me: 11:00-23:00; Je: 11:00-23:00; Ve: 11:00-00:00; Sa: 11:00-00:00; Di: 11:00-23:00,https://www.infobel.com/fr/belgium/financial/vat/BE2292411787,KFC Liège Opéra,Place de la République Française 49 4000 Liège LIEGE,28/08/2019,BE2292411787,,,,,,"Vente au comptoir ou par téléphone, fax, internet d'aliments et de boissons : services au volant (drive-in)",
https://www.infobel.com/fr/belgium/argana/liege/BE105909630/businessdetails.aspx,2026-07-29,ARGANA à Liège,Rue Puits en Sock 23 4020 Liège LIEGE,4020,Liège,,0472 09 18 04,,https://m.facebook.com/Snack-Argana-127107774645085/,BE0560760562,Lu: 12:00-22:30; Ma: 12:00-22:30; Me: 12:00-22:30; Je: 12:00-22:30; Sa: 12:00-22:30; Di: 12:00-22:30,https://www.infobel.com/fr/belgium/financial/vat/BE0560760562,Argana,Rue Puits en Sock 23 4020 Liège LIEGE,27/08/2014,BE0560760562,,Hamid Hmich; Said Mahyou Lazar; Said Mahyou Lazar,Administrateur,Hamid,Hmich,"Restauration à service restreint, à l'exclusion de restauration mobile",
https://www.infobel.com/fr/belgium/piette_olivier/chenee/BE105796881-042625397/businessdetails.aspx,2026-07-29,Piette Olivier à Liège,Avenue Louise 231 1050 Bruxelles,4032,Liège - Chênée,,04 262 53 97; 04 262 53 97,,https://search.infobelpro.com/belgium/fr/liege/liege,BE0453604761,Lu: 09:00-12:00; Ma: 09:00-12:00; Me: 09:00-12:00; Je: 09:00-12:00; Ve: 09:00-12:00; Sa: 09:00-12:00; Di: 09:00-12:00,https://www.infobel.com/fr/belgium/financial/vat/BE0453604761,Infobel,Avenue Louise 231 1050 Bruxelles,02/11/1994,BE0453604761,31/12/2024,,,,,Activités de conseil en informatique et de gestion d’installations informatiques,"11 (2024) 2022 2023 2024 8 9 9 10 10 11 11 12 10 9 11 Marge Brute1 311 537 € (2024) 2022 2023 2024 0 € 500,000 € 1,000,000 € 1,500,000 € 2,000,000 € 2,500,000 € 3,000,000 € 1,488,892 2,756,988 1,311,537"
https://www.infobel.com/fr/belgium/slow_now/liege/BE105658636-043444412/businessdetails.aspx,2026-07-29,Slow Now à Liège,,4020,Liège,,0496 81 49 87; 04 344 44 12,,http://www.slownow.be/,BE0724697985,Me: 10:00-18:00; Je: 10:00-18:00; Ve: 10:00-18:00; Sa: 10:00-18:00,https://www.infobel.com/fr/belgium/financial/vat/BE0724697985,,,,,,,,,,,
https://www.infobel.com/fr/belgium/nld_restaurants/liege/BE105646209-043610017/businessdetails.aspx,2026-07-29,NLD Restaurants à Liège,Rue des Dominicains 10 4000 Liège LIEGE,1229,évaluations),,04 361 00 17,info@barbecue-jacky.be,https://barbecue-jacky.be/reservation.php,BE0717611344,Lu: 11:30-14:30; Ma: 11:30-14:30; Me: 11:30-14:30; Je: 11:30-14:30; Ve: 11:30-14:30; Sa: 11:30-14:30,https://www.infobel.com/fr/belgium/financial/vat/BE0717611344,Jacky Liege,Rue des Dominicains 10 4000 Liège LIEGE,03/01/2019,BE0717611344,31/12/2024,,,,,Restauration à service complet,"6 (2024) 2022 2023 2024 0 1 2 3 4 5 6 7 8 9 10 7 8 6 Marge Brute-29 449 € (2024) 2022 2023 2024 -40,000 € -20,000 € 0 € 20,000 € 40,000 € 60,000 € 80,000 € 70,202 26,065 -29,449"
https://www.infobel.com/fr/belgium/oggi/liege/BE105659132-043361053/businessdetails.aspx,2026-07-29,OGGI à Liège,Rue Souverain Pont 40 4000 Liège LIEGE,4000,Liège,,04 336 10 53,,https://oggibistroteca.be/,BE0696703092,Lu: 18:00-00:00; Ma: 18:00-00:00; Me: 18:00-00:00; Je: 18:00-00:00; Ve: 18:00-00:00,https://www.infobel.com/fr/belgium/financial/vat/BE0696703092,Oggi,Rue Souverain Pont 40 4000 Liège LIEGE,23/05/2018,BE0696703092,31/12/2024,Ugo Tancredi; Claire Paule Dehasse; Giuseppe Salvatore Tancredi,Administrateur,Ugo,Tancredi,"Restauration à service restreint, à l'exclusion de restauration mobile","0 (2024) 2022 2023 2024 0 1 2 3 4 5 6 7 8 9 10 0 0 0 Marge Brute39 765 € (2024) 2022 2023 2024 0 € 5,000 € 10,000 € 15,000 € 20,000 € 25,000 € 30,000 € 35,000 € 40,000 € 45,000 € 30,963 20,043 39,765"
https://www.infobel.com/fr/belgium/colson/liege/BE105622084-042236422/businessdetails.aspx,2026-07-29,Colson à Liège,En Neuvice 42 4000 Luik LUIK,4000,Liège,,0476 67 11 59; 04 223 64 22,,https://www.facebook.com/boucheriecolson,BE0753306552,Ma: 08:30-18:00; Me: 08:30-18:00; Je: 08:30-18:00; Ve: 08:30-18:00; Sa: 08:30-18:00; Di: 08:30-14:00,https://www.infobel.com/fr/belgium/financial/vat/BE0753306552,Colson Fabian,En Neuvice 42 4000 Luik LUIK,01/10/1996,BE0753306552,,Fabian COLSON; Fabian COLSON,Administrateur,Fabian,COLSON,"Commerce de détail de viandes et de produits à base de viande, sauf viande de gibier et de volaille",
https://www.infobel.com/fr/belgium/leena/liege/BE105613324-043423294/businessdetails.aspx,2026-07-29,Leena à Liège - Rue des Guillemins 20,Rue Léon Frédéricq 14 4020 Liège LIEGE,4000,Liège,,04 342 32 94,contact@grandcafedelagare.be,http://www.grandcafedelagare.be/,BE0826910449,,https://www.infobel.com/fr/belgium/financial/vat/BE0826910449,Leena,Rue Léon Frédéricq 14 4020 Liège LIEGE,21/06/2010,BE0826910449,31/12/2024,Elena Angelina Castrogiovanni; Erick Antoine Joseph Lamarre,Administrateur,Elena,Angelina Castrogiovanni,Restauration à service complet,"27 (2024) 2022 2023 2024 21 22 23 24 25 26 27 28 23 26 27 Marge Brute3 215 483 € (2024) 2022 2023 2024 -300,000 € -250,000 € -200,000 € -150,000 € -100,000 € -50,000 € 0 € -197,138 -280,176 -114,409"
https://www.infobel.com/fr/belgium/moya/liege/BE105583506-042224668/businessdetails.aspx,2026-07-29,Moya à Liège,Rue du Pot d'Or 33 4000 Liège LIEGE,4000,Liège,,0494 70 52 97; 04 222 46 68,,http://www.moya-liege.be,BE2275820136,Je: 22:00-00:00; Ve: 00:00-05:00; Sa: 00:00-06:00; Di: 00:00-05:30,https://www.infobel.com/fr/belgium/financial/vat/BE2275820136,Moya,Rue du Pot d'Or 33 4000 Liège LIEGE,22/05/2018,BE2275820136,,,,,,Cafés et bars,
https://www.infobel.com/fr/belgium/traiteur_maxime/liege/BE105375924-045101494/businessdetails.aspx,2026-07-29,Traiteur Maxime à Liège,Rue des Guillemins 109 4000 Liège LIEGE,4000,Liège,,0451 01 49 43; 04 510 14 94,info@traiteurmaxime.be,http://www.traiteurmaxime.be/,BE2269694387,Ma: 09:00-18:30; Me: 09:00-18:30; Je: 09:00-18:30; Ve: 09:00-18:30; Sa: 10:00-17:00,https://www.infobel.com/fr/belgium/financial/vat/BE2269694387,Tm Associes,Rue des Guillemins 109 4000 Liège LIEGE,22/05/2017,BE2269694387,,,,,,"Vente au comptoir ou par téléphone, fax, internet d'aliments et de boissons : établissements de restauration rapide (snack-bars, sandwiches-bars, etc.)",
https://www.infobel.com/fr/belgium/mega_buzz_pizza/liege/BE105245233-043422162/businessdetails.aspx,2026-07-29,Mega Buzz Pizza à Liège,Avenue Louise 231 1050 Bruxelles,4020,Liège,,04 342 21 62,,https://www.winwinpizza.be/firm,BE0453604761,Lu: 11:30-14:00; Ma: 11:30-14:00; Me: 11:30-14:00; Je: 11:30-14:00; Ve: 11:30-14:00; Sa: 11:30-14:00; Di: 11:30-14:30,https://www.infobel.com/fr/belgium/financial/vat/BE0453604761,Infobel,Avenue Louise 231 1050 Bruxelles,02/11/1994,BE0453604761,31/12/2024,,,,,Activités de conseil en informatique et de gestion d’installations informatiques,"11 (2024) 2022 2023 2024 8 9 9 10 10 11 11 12 10 9 11 Marge Brute1 311 537 € (2024) 2022 2023 2024 0 € 500,000 € 1,000,000 € 1,500,000 € 2,000,000 € 2,500,000 € 3,000,000 € 1,488,892 2,756,988 1,311,537"
https://www.infobel.com/fr/belgium/youwok_liege_mediacite/liege/BE102316880-027906870/businessdetails.aspx,2026-07-29,YouWok Liège Médiacité à Liège,Boulevard Raymond Poincaré 7 4020 Liège LIEGE,4020,Liège,,02 790 68 70,,https://youwok.be/fr/restaurants/liege/,BE2273984163,Lu: 10:30-20:00; Ma: 10:30-20:00; Me: 10:30-20:00; Je: 10:30-20:00; Ve: 10:30-21:00; Sa: 10:30-20:00,https://www.infobel.com/fr/belgium/financial/vat/BE2273984163,Youwok,Boulevard Raymond Poincaré 7 4020 Liège LIEGE,24/01/2017,BE2273984163,,,,,,"Restauration à service restreint, à l'exclusion de restauration mobile",
https://www.infobel.com/fr/belgium/saga_cafe/liege/BE102008239-042230066/businessdetails.aspx,2026-07-29,Saga Café à Liège,Place des Carmes 7 4000 Liège LIEGE,4000,Liège,,04 223 00 66,info@oye-oye.net,https://sagacafe.be/,BE2248769410,Ma: 11:00-23:00; Me: 11:00-23:00; Je: 11:00-23:30; Ve: 11:00-23:30; Sa: 11:00-23:30,https://www.infobel.com/fr/belgium/financial/vat/BE2248769410,So Saga,Place des Carmes 7 4000 Liège LIEGE,07/01/2016,BE2248769410,,,,,,Cafés et bars,
https://www.infobel.com/fr/belgium/mostenne_josiane/liege/BE100764789-025440654/businessdetails.aspx,2026-07-29,MOSTENNE JOSIANE à Liège,bld Emile de Laveleye 69 4020 Liège LIEGE,4020,Liège,,0476 96 15 53; 02 544 06 54; 02 544 02 40,,https://search.infobelpro.com/belgium/fr/liege/liege,BE0603664850,Lu: 12:00-15:00; Ma: 12:00-15:00; Me: 12:00-15:00; Je: 12:00-15:00; Ve: 12:00-15:00; Sa: 12:00-15:00; Di: 12:00-15:00,https://www.infobel.com/fr/belgium/financial/vat/BE0603664850,Los Ponchos,bld Emile de Laveleye 69 4020 Liège LIEGE,14/12/1978,BE0603664850,,Josiane Mostenne; Josiane Mostenne,Administrateur,Josiane,Mostenne,Restauration à service complet,
https://www.infobel.com/fr/belgium/issaadi_maurice/liege/BE100780731-043431070/businessdetails.aspx,2026-07-29,"Issaadi, Maurice à Liège",Place Saint-Pholien 16 4020 Liège LIEGE,4020,Liège,,0495 80 48 32; 04 343 10 70; 434 31 07 0,,https://www.facebook.com/leberbereliege,BE0598380231,,https://www.infobel.com/fr/belgium/financial/vat/BE0598380231,Issaadi Maurice,Place Saint-Pholien 16 4020 Liège LIEGE,22/10/1980,BE0598380231,,M ISSAADI; Maurice Issaadi,Administrateur,M,ISSAADI,Restauration à service complet,
https://www.infobel.com/fr/belgium/poivre_et_sel/liege/BE100693788-043657911/businessdetails.aspx,2026-07-29,Poivre et Sel à Liège - Rue du Sart Tilman 384,Rue du Sart-Tilman 384 4031 Liège LIEGE,4031,Liège,,04 365 79 11,alleur@poivreetsel.eu,http://www.poivreetsel.eu/,BE0649488541,Lu: 11:30-14:30; Ma: 11:30-14:30; Me: 11:30-14:30; Je: 11:30-14:30; Ve: 11:30-14:30,https://www.infobel.com/fr/belgium/financial/vat/BE0649488541,Martinus-Fery,Rue du Sart-Tilman 384 4031 Liège LIEGE,29/02/2016,BE0649488541,31/12/2024,Catherine Marie Antoinette Fery; Noëlle Pierrette Marie Martinus; Noëlle Pierrette Marie Martinus,Administrateur,Catherine,Marie Antoinette Fery,Activités de traiteur événementiel,"2 (2023) 2022 2023 0 1 2 3 4 5 6 7 8 9 10 2 2 Marge Brute1 086 € (2024) 2022 2023 2024 0 € 500 € 1,000 € 1,500 € 2,000 € 2,500 € 532 1,951 1,086"
https://www.infobel.com/fr/belgium/le_verre_bouteille/liege/BE100583074-042224333/businessdetails.aspx,2026-07-29,Le verre bouteille à Liège,Rue de la Casquette 13 4000 Liège LIEGE,4000,Liège,,04 222 43 33,,http://www.leverrebouteille.be/,BE0563884259,Ma: 16:00-00:00; Me: 16:00-00:00; Je: 16:00-00:00; Ve: 16:00-00:00; Sa: 16:00-00:00,https://www.infobel.com/fr/belgium/financial/vat/BE0563884259,LE VERRE BOUTEILLE,Rue de la Casquette 13 4000 Liège LIEGE,10/10/2014,BE0563884259,31/12/2024,Gauthier Serge Bernard Louwart; Bruno Serge Arturo Cavallari,Administrateur,Gauthier,Serge Bernard Louwart,"Restauration à service restreint, à l'exclusion de restauration mobile Marge Brute7 069 € (2024) 2022 2023 2024 -30,000 € -25,000 € -20,000 € -15,000 € -10,000 € -5,000 € 0 € 5,000 € 10,000 € -23,860 580 7,069",
https://www.infobel.com/fr/belgium/chez_tasso/liege/BE100388604-042237232/businessdetails.aspx,2026-07-29,Chez Tasso à Liège,Rue Souverain-Pont 5 4000 Liège LIEGE,4000,Liège,,0497 06 08 29; 04 223 72 32,,https://m.facebook.com/Chez-Tasso-127486450600377/?locale2=fr_FR,BE0544414775,Me: 18:00-23:00; Je: 18:00-23:00; Ve: 18:00-23:00; Sa: 18:00-23:00; Di: 12:00-23:00,https://www.infobel.com/fr/belgium/financial/vat/BE0544414775,Les Cousins As,Rue Souverain-Pont 5 4000 Liège LIEGE,13/01/2014,BE0544414775,,andrine Noé; Xénofodas Catsipourdas; Sandrine Noé,Administrateur,andrine,Noé,Cafés et bars,
https://www.infobel.com/fr/belgium/poivre_et_sel/liege/BE100130871-043412062/businessdetails.aspx,2026-07-29,Poivre et Sel à Liège,Place Georges Ista 18 4020 Liège LIEGE,4020,Liège,,04 341 20 62,alleur@poivreetsel.eu,http://www.poivreetsel.eu/,BE0817232126,Lu: 11:30-14:30; Ma: 11:30-14:30; Me: 11:30-14:30; Je: 11:30-14:30; Ve: 11:30-14:30,https://www.infobel.com/fr/belgium/financial/vat/BE0817232126,BUREAU COMPTABLE N.NISSEN,Place Georges Ista 18 4020 Liège LIEGE,13/07/2009,BE0817232126,31/12/2024,Noël Jules Bertha Nissen,Administrateur,Noël,Jules Bertha Nissen,Restauration à service complet,"1 (2024) 2022 2023 2024 0 1 2 3 4 5 6 7 8 9 10 2 4 1 Marge Brute-15 697 € (2024) 2022 2023 2024 -35,000 € -30,000 € -25,000 € -20,000 € -15,000 € -10,000 € -5,000 € 0 € 5,000 € 618 -32,650 -15,697"
https://www.infobel.com/fr/belgium/delia_isabella/liege/BE100131814-043627066/businessdetails.aspx,2026-07-29,Delia / Isabella à Liège,Avenue Louise 231 1050 Bruxelles,4020,Liège,,04 362 70 66,,https://www.facebook.com/pg/Da-isabella-380336308993641,BE0453604761,,https://www.infobel.com/fr/belgium/financial/vat/BE0453604761,Infobel,Avenue Louise 231 1050 Bruxelles,02/11/1994,BE0453604761,31/12/2024,,,,,Activités de conseil en informatique et de gestion d’installations informatiques,"11 (2024) 2022 2023 2024 8 9 9 10 10 11 11 12 10 9 11 Marge Brute1 311 537 € (2024) 2022 2023 2024 0 € 500,000 € 1,000,000 € 1,500,000 € 2,000,000 € 2,500,000 € 3,000,000 € 1,488,892 2,756,988 1,311,537"
https://www.infobel.com/fr/belgium/s_a_l_adriatique/liege/BE100128788-042221340/businessdetails.aspx,2026-07-29,S.A. L'ADRIATIQUE à Liège,Rue Saint-Paul 23 4000 Liège LIEGE,4000,Liège,,04 222 13 40; 04 222 42 68,,http://www.la-carte.net,BE0460090695,Lu: 11:30-14:30; Ma: 11:30-14:30; Me: 11:30-14:30; Je: 11:30-14:30; Ve: 11:30-14:30; Sa: 11:30-14:30; Di: 11:30-14:30,https://www.infobel.com/fr/belgium/financial/vat/BE0460090695,Chez Amedeo Restaurant,Rue Saint-Paul 23 4000 Liège LIEGE,17/02/1997,BE0460090695,31/12/2024,Alain Candeloro; Amédéo Candeloro; Marcello Foca,Administrateur,Alain,Candeloro,Restauration à service complet,"7 (2024) 2022 2023 2024 0 1 2 3 4 5 6 7 8 9 10 10 8 7 Marge Brute76 316 € (2024) 2022 2023 2024 -250,000 € -200,000 € -150,000 € -100,000 € -50,000 € 0 € 50,000 € 100,000 € 820 -220,804 76,316"
https://www.infobel.com/fr/belgium/wittrock/liege/BE100127828-042214314/businessdetails.aspx,2026-07-29,WITTROCK à Liège,Féronstrée 111 4000 Liège LIEGE,4000,Liège,,0499 21 42 05; 04 221 43 14,,https://www.facebook.com/LaCuisineDeYannick/,BE0479442888,Me: 12:00-14:00; Je: 12:00-14:00; Ve: 12:00-14:00; Sa: 12:00-14:00; Di: 12:00-14:30,https://www.infobel.com/fr/belgium/financial/vat/BE0479442888,Wittrock-Braune,Féronstrée 111 4000 Liège LIEGE,24/01/2003,BE0479442888,31/12/2024,Joëlle Bougnet; Armand Bollingh; Yannick Bougnet,Administrateur,Joëlle,Bougnet,"Restauration à service restreint, à l'exclusion de restauration mobile","3 (2024) 2022 2023 2024 0 1 2 3 4 5 6 7 8 9 10 2 3 3 Marge Brute25 236 € (2024) 2022 2023 2024 0 € 5,000 € 10,000 € 15,000 € 20,000 € 25,000 € 30,000 € 35,000 € 6,107 30,824 25,236"
https://www.infobel.com/fr/belgium/soreli/liege/BE100638273-042229900/businessdetails.aspx,2026-07-29,Soreli à Liège,,4000,Liège,,04 222 99 00,,https://www.tiktok.com/@pizza.hut.lige?_r=1&_t=ZG-95RYo9JmWIr,BE2175815215,,https://www.infobel.com/fr/belgium/financial/vat/BE2175815215,,,,,,,,,,,
https://www.infobel.com/fr/belgium/label_frite/liege/BE107107720-042262348/businessdetails.aspx,2026-07-29,Label Frite à Liège,Avenue Louise 231 1050 Bruxelles,4000,Liège,,04 226 23 48,info@ldpgroup.be,https://labelfrite.htonline.be/fr/shop/boulets-sauces,BE0453604761,Lu: 11:30-14:00; Ma: 11:30-14:00; Me: 11:30-14:00; Je: 11:30-14:00; Ve: 11:30-14:00; Sa: 11:30-14:00; Di: 11:30-14:00,https://www.infobel.com/fr/belgium/financial/vat/BE0453604761,Infobel,Avenue Louise 231 1050 Bruxelles,02/11/1994,BE0453604761,31/12/2024,,,,,Activités de conseil en informatique et de gestion d’installations informatiques,"11 (2024) 2022 2023 2024 8 9 9 10 10 11 11 12 10 9 11 Marge Brute1 311 537 € (2024) 2022 2023 2024 0 € 500,000 € 1,000,000 € 1,500,000 € 2,000,000 € 2,500,000 € 3,000,000 € 1,488,892 2,756,988 1,311,537"
https://www.infobel.com/fr/belgium/mimosa_cafe/liege/BE107083281/businessdetails.aspx,2026-07-29,Mimosa Cafe à Liège,Rue des Guillemins 68 4000 Liège LIEGE,4000,Liège,,032512312,,https://www.instagram.com/_mimosacafe,BE2374171208,Me: 08:00-16:00; Je: 08:00-16:00; Ve: 08:00-16:00; Sa: 09:00-16:00,https://www.infobel.com/fr/belgium/financial/vat/BE2374171208,Mimosa Café,Rue des Guillemins 68 4000 Liège LIEGE,22/05/2025,BE2374171208,,Alexa Innuso,Administrateur,Alexa,Innuso,"Restauration à service restreint, à l'exclusion de restauration mobile",
https://www.infobel.com/fr/belgium/la_rive_sucre_sale/liege/BE106977205-043365264/businessdetails.aspx,2026-07-29,La Rive Sucre Sale à Liège,Boulevard d'Avroy 70 4000 Liège LIEGE,4000,Liège,,04 336 52 64,,https://search.infobelpro.com/belgium/fr/liege/liege,BE1017831886,Lu: 07:00-17:00; Ma: 07:00-17:00; Me: 07:00-17:00; Je: 07:00-17:00; Ve: 07:00-17:00; Sa: 09:00-16:00; Di: 09:00-16:00,https://www.infobel.com/fr/belgium/financial/vat/BE1017831886,La Rive Sucré Salé,Boulevard d'Avroy 70 4000 Liège LIEGE,23/12/2024,BE1017831886,,ara Hichour; Khalid Boushaba,Administrateur,ara,Hichour,"Restauration à service restreint, à l'exclusion de restauration mobile",
https://www.infobel.com/fr/belgium/fistikzade_baklava/liege/BE107131942/businessdetails.aspx,2026-07-29,Fistikzade Baklava à Liège,Avenue Louise 231 1050 Bruxelles,4000,Liège,,0486 16 96 97,info@cafe.com,https://yellow.pages.wwwcafe.de/fistikzade-baklava/,BE0453604761,Lu: 11:00-22:00; Ma: 12:00-22:00; Me: 11:00-22:00; Je: 11:00-22:00; Ve: 11:00-22:00; Sa: 11:00-22:00; Di: 11:00-22:00,https://www.infobel.com/fr/belgium/financial/vat/BE0453604761,Infobel,Avenue Louise 231 1050 Bruxelles,02/11/1994,BE0453604761,31/12/2024,,,,,Activités de conseil en informatique et de gestion d’installations informatiques,"11 (2024) 2022 2023 2024 8 9 9 10 10 11 11 12 10 9 11 Marge Brute1 311 537 € (2024) 2022 2023 2024 0 € 500,000 € 1,000,000 € 1,500,000 € 2,000,000 € 2,500,000 € 3,000,000 € 1,488,892 2,756,988 1,311,537"
https://www.infobel.com/fr/belgium/dolce_di_bari/liege/BE107125588-042342131/businessdetails.aspx,2026-07-29,Dolce Di Bari à Liège,Avenue Louise 231 1050 Bruxelles,4000,Liège,,0477 68 01 33; 04 234 21 31,,https://www.dolce-di-bari.be/,BE0453604761,Lu: 06:00-10:00; Ma: 06:00-10:00; Me: 00:00-23:59; Je: 06:00-10:00; Ve: 06:00-10:30; Sa: 06:00-10:30; Di: 06:00-10:00,https://www.infobel.com/fr/belgium/financial/vat/BE0453604761,Infobel,Avenue Louise 231 1050 Bruxelles,02/11/1994,BE0453604761,31/12/2024,,,,,Activités de conseil en informatique et de gestion d’installations informatiques,"11 (2024) 2022 2023 2024 8 9 9 10 10 11 11 12 10 9 11 Marge Brute1 311 537 € (2024) 2022 2023 2024 0 € 500,000 € 1,000,000 € 1,500,000 € 2,000,000 € 2,500,000 € 3,000,000 € 1,488,892 2,756,988 1,311,537"
https://www.infobel.com/fr/belgium/bunki_buns/liege/BE107034093-03363254/businessdetails.aspx,2026-07-29,Bunki Buns à Liège,Avenue Louise 231 1050 Bruxelles,4000,Liège,,0497 97 57 13; 0+3 36 32 54,,http://bunkibuns.com/,BE0453604761,Lu: 11:00-14:00; Ma: 11:00-14:00; Me: 11:00-14:00; Je: 11:00-14:00; Ve: 11:00-14:00; Sa: 11:00-14:00; Di: 11:00-14:00,https://www.infobel.com/fr/belgium/financial/vat/BE0453604761,Infobel,Avenue Louise 231 1050 Bruxelles,02/11/1994,BE0453604761,31/12/2024,,,,,Activités de conseil en informatique et de gestion d’installations informatiques,"11 (2024) 2022 2023 2024 8 9 9 10 10 11 11 12 10 9 11 Marge Brute1 311 537 € (2024) 2022 2023 2024 0 € 500,000 € 1,000,000 € 1,500,000 € 2,000,000 € 2,500,000 € 3,000,000 € 1,488,892 2,756,988 1,311,537"
https://www.infobel.com/fr/belgium/bistro_sans_chichis/liege/BE107001585/businessdetails.aspx,2026-07-29,Bistro sans chichis à Liège,Rue Soeurs de Hasque 12 4000 Liège LIEGE,4000,Liège,,0492 77 89 41,bonjour@bistro-sans-chichis.be,https://bistro-sans-chichis.be/,BE1020616380,Me: 18:30-22:00; Je: 12:00-14:30; Ve: 12:00-14:30; Sa: 12:00-14:30,https://www.infobel.com/fr/belgium/financial/vat/BE1020616380,Bistro Sans Chichis,Rue Soeurs de Hasque 12 4000 Liège LIEGE,03/03/2025,BE1020616380,,Claude Mulders; Pierre Mulders,Administrateur,Claude,Mulders,Restauration à service complet,
https://www.infobel.com/fr/belgium/tribe/liege/BE106961879/businessdetails.aspx,2026-07-29,TRIBE à Liège,Rue Roture 80 4020 Liège LIEGE,4020,Liège,,0472 81 63 06,tribeoutremeuse@gmail.com,http://www.triberoture.com/,BE1008601347,Me: 18:00-00:00; Je: 18:00-00:00; Ve: 18:00-00:00; Sa: 18:00-00:00,https://www.infobel.com/fr/belgium/financial/vat/BE1008601347,Tribe,Rue Roture 80 4020 Liège LIEGE,19/04/2024,BE1008601347,,Hugo Patte; Kenan Catovic,Administrateur,Hugo,Patte,Restauration à service complet,
https://www.infobel.com/fr/belgium/olga_le_bistro/liege/BE106925539/businessdetails.aspx,2026-07-29,Olga le Bistro à Liège,Rue Bonne Fortune 9 4000 Liège LIEGE,4000,Liège,,0455 13 19 74,info@olgalebistro.be,https://www.olgalebistro.be/,BE1006781905,Ma: 12:00-15:00; Me: 12:00-15:00; Je: 12:00-23:00; Ve: 12:00-23:00; Sa: 12:00-20:00,https://www.infobel.com/fr/belgium/financial/vat/BE1006781905,Olga,Rue Bonne Fortune 9 4000 Liège LIEGE,05/03/2024,BE1006781905,31/12/2024,téphane-Alexandre Uhoda; Alix Batis,Administrateur,téphane-Alexandre,Uhoda,Restauration à service complet,"6 (2024) 2024 0 1 2 3 4 5 6 7 8 9 10 6 Marge Brute-11 427 € (2024) 2024 -14,000 € -12,000 € -10,000 € -8,000 € -6,000 € -4,000 € -2,000 € 0 € -11,427"
https://www.infobel.com/fr/belgium/indian_taste/liege/BE106911516-042527842/businessdetails.aspx,2026-07-29,Indian Taste à Liège,Rue des Carmes 26 4000 Liège LIEGE,4000,Liège,,0475 87 66 42; 04 252 78 42,,http://www.indiantaste.be/,BE0807506687,Ma: 18:00-22:00; Me: 12:00-22:00; Je: 12:00-22:00; Ve: 18:00-22:00; Sa: 12:00-22:00,https://www.infobel.com/fr/belgium/financial/vat/BE0807506687,INDIAN TASTE,Rue des Carmes 26 4000 Liège LIEGE,20/10/2008,BE0807506687,31/12/2024,Balwinder Singh; Baljinder Singh; Jatinder Singh,Administrateur,Balwinder,Singh,Cafés et bars,"1 (2023) 2023 0 1 2 3 4 5 6 7 8 9 10 1 Marge Brute-6 773 € (2024) 2022 2023 2024 -20,000 € -15,000 € -10,000 € -5,000 € 0 € 5,000 € 10,000 € 6,468 -17,503 -6,773"
https://www.infobel.com/fr/belgium/raja_ji/liege/BE106592997/businessdetails.aspx,2026-07-29,Raja ji à Liège,Rue Saint-Jean-en-Isle 5 4000 Liège LIEGE,4000,Liège,,0473 27 99 90,,http://www.rajaji.be/,BE0803730914,Lu: 18:00-22:30; Me: 18:00-22:30; Je: 12:00-14:00; Ve: 12:00-14:00; Sa: 12:00-14:00; Di: 12:00-14:00,https://www.infobel.com/fr/belgium/financial/vat/BE0803730914,RAJA JI,Rue Saint-Jean-en-Isle 5 4000 Liège LIEGE,07/07/2023,BE0803730914,31/12/2024,Mamun Miah; Miah Mamun,Administrateur,Mamun,Miah,"Restauration à service complet Marge Brute15 974 € (2024) 2024 0 € 2,000 € 4,000 € 6,000 € 8,000 € 10,000 € 12,000 € 14,000 € 16,000 € 18,000 € 15,974",
https://www.infobel.com/fr/belgium/que_huong/liege/BE106453180-043430862/businessdetails.aspx,2026-07-29,Quê-Huong à Liège,Rue Grétry 102 4020 Liège LIEGE,4020,Liège,,04 343 08 62,,https://www.facebook.com/restaurantqh,BE0598590463,Ma: 18:15-22:00; Me: 18:15-22:00; Je: 18:15-22:00; Ve: 12:00-14:00; Sa: 18:15-22:00,https://www.infobel.com/fr/belgium/financial/vat/BE0598590463,Que-Huong,Rue Grétry 102 4020 Liège LIEGE,25/04/1994,BE0598590463,,Hiep DINH THI,Administrateur,Hiep,DINH THI,Restauration à service complet,
https://www.infobel.com/fr/belgium/a_pilori/liege/BE106210454-042500301/businessdetails.aspx,2026-07-29,Â Pilori à Liège,Place du Marché 7 4000 Liège LIEGE,4000,Liège,,0485 75 16 94; 04 250 03 01,,https://apilori.be/,BE0771866612,Lu: 09:00-01:00; Ma: 09:00-01:00; Me: 09:00-01:00; Je: 09:00-01:00; Ve: 09:00-01:00; Sa: 09:00-01:00; Di: 09:00-01:00,https://www.infobel.com/fr/belgium/financial/vat/BE0771866612,BERHAT,Place du Marché 7 4000 Liège LIEGE,30/07/2021,BE0771866612,31/12/2024,Idris Ozcelik,Administrateur,Idris,Ozcelik,"Restauration à service restreint, à l'exclusion de restauration mobile Marge Brute-253 € (2024) 2022 2023 2024 -140,000 € -120,000 € -100,000 € -80,000 € -60,000 € -40,000 € -20,000 € 0 € 20,000 € 40,000 € 19,730 -126,306 -253",
https://www.infobel.com/fr/belgium/l_antidote/liege/BE106104334/businessdetails.aspx,2026-07-29,L'Antidote à Liège,Avenue Louise 231 1050 Bruxelles,4000,Liège,,0479 62 91 13,antidoteliege@gmail.com,http://lantidote.be/,BE0453604761,,https://www.infobel.com/fr/belgium/financial/vat/BE0453604761,Infobel,Avenue Louise 231 1050 Bruxelles,02/11/1994,BE0453604761,31/12/2024,,,,,Activités de conseil en informatique et de gestion d’installations informatiques,"11 (2024) 2022 2023 2024 8 9 9 10 10 11 11 12 10 9 11 Marge Brute1 311 537 € (2024) 2022 2023 2024 0 € 500,000 € 1,000,000 € 1,500,000 € 2,000,000 € 2,500,000 € 3,000,000 € 1,488,892 2,756,988 1,311,537"
https://www.infobel.com/fr/belgium/faz_food/liege/BE105944723-042956645/businessdetails.aspx,2026-07-29,FAZ ' FOOD à Liège,Rue Saint-Léonard 214 4000 Liège LIEGE,4000,Liège,,0465 84 14 23; 04 295 66 45,,https://search.infobelpro.com/belgium/fr/liege/liege,BE0770225035,Lu: 17:00-23:00; Me: 17:00-23:00; Je: 17:00-23:00; Ve: 17:00-00:00; Sa: 17:00-00:00; Di: 17:00-23:00,https://www.infobel.com/fr/belgium/financial/vat/BE0770225035,FAZ ' FOOD,Rue Saint-Léonard 214 4000 Liège LIEGE,23/06/2021,BE0770225035,31/12/2024,Abdelmalek Faz; Jawad Faz,Administrateur,Abdelmalek,Faz,"Restauration à service restreint, à l'exclusion de restauration mobile","0 (2022) 2022 0 1 2 3 4 5 6 7 8 9 10 0 Marge Brute14 544 € (2024) 2022 2023 2024 0 € 5,000 € 10,000 € 15,000 € 20,000 € 25,000 € 10,728 23,080 14,544"
https://www.infobel.com/fr/belgium/ciao/liege/BE105806517-042232951/businessdetails.aspx,2026-07-29,Ciao à Liège,Avenue Louise 231 1050 Bruxelles,4000,Liège,,04 223 29 51,,https://search.infobelpro.com/belgium/fr/liege/liege,BE0453604761,,https://www.infobel.com/fr/belgium/financial/vat/BE0453604761,Infobel,Avenue Louise 231 1050 Bruxelles,02/11/1994,BE0453604761,31/12/2024,,,,,Activités de conseil en informatique et de gestion d’installations informatiques,"11 (2024) 2022 2023 2024 8 9 9 10 10 11 11 12 10 9 11 Marge Brute1 311 537 € (2024) 2022 2023 2024 0 € 500,000 € 1,000,000 € 1,500,000 € 2,000,000 € 2,500,000 € 3,000,000 € 1,488,892 2,756,988 1,311,537"
https://www.infobel.com/fr/belgium/chamas_tacos_liege/liege/BE105807915-043413339/businessdetails.aspx,2026-07-29,Chamas Tacos Liège à Liège,Rue Pont d'Avroy 32 4000 Liège LIEGE,1327,évaluations),,0478 29 55 59; 04 341 33 39,,http://www.chamas-tacos.com/,BE2286916936,Lu: 11:00-23:00; Ma: 11:00-23:00; Me: 11:00-23:00; Je: 11:00-23:00; Ve: 11:00-00:30; Sa: 11:00-00:30; Di: 12:00-23:00,https://www.infobel.com/fr/belgium/financial/vat/BE2286916936,Chamas Tacos Liège,Rue Pont d'Avroy 32 4000 Liège LIEGE,01/05/2019,BE2286916936,,,,,,"Restauration à service restreint, à l'exclusion de restauration mobile",
https://www.infobel.com/fr/belgium/caruso/liege/BE105721159-043429292/businessdetails.aspx,2026-07-29,Caruso à Liège,Rue Ernest Marneffe 29 4020 Liège LIEGE,4020,Liège,,04 342 92 92,restaurantcaruso@skynet.be,http://www.restaurantcaruso.be/,BE0739658058,Me: 12:00-14:00; Je: 12:00-14:00; Ve: 12:00-14:00; Sa: 18:30-22:00,https://www.infobel.com/fr/belgium/financial/vat/BE0739658058,BC Resto Concept,Rue Ernest Marneffe 29 4020 Liège LIEGE,16/12/2019,BE0739658058,31/12/2024,Bruno Caruso,Administrateur,Bruno,Caruso,Restauration à service complet,"6 (2024) 2022 2023 2024 0 1 2 3 4 5 6 7 8 9 10 4 5 6 Marge Brute32 955 € (2024) 2022 2023 2024 -50,000 € -40,000 € -30,000 € -20,000 € -10,000 € 0 € 10,000 € 20,000 € 30,000 € 40,000 € -38,856 4,881 32,955"
https://www.infobel.com/fr/belgium/bluepoint_liege_meetings_events_office_space/liege/BE105596417-043403506/businessdetails.aspx,2026-07-29,"BluePoint Liège - meetings, events & office space à Liège",,4020,Liège,,04 340 35 06,infoliege@bluepoint.be,https://www.bluepointliege.be/,BE0809272681,Lu: 09:00-17:00; Ma: 09:00-17:00; Me: 09:00-17:00; Je: 09:00-17:00; Ve: 09:00-17:00,https://www.infobel.com/fr/belgium/financial/vat/BE0809272681,,,,,,,,,,,
https://www.infobel.com/fr/belgium/une_gaufrette_saperlipopette/liege/BE105643891-042223713/businessdetails.aspx,2026-07-29,Une Gaufrette Saperlipopette à Liège - Rue des Mineurs 7,Rue des Mineurs 20 4000 Liège LIEGE,1124,évaluations),,04 222 37 13,bonjour@une-gaufrette-saperlipopette.be,https://une-gaufrette-saperlipopette.be/,BE2286039580,Lu: 10:00-18:00; Ma: 10:00-18:00; Me: 10:00-18:00; Je: 10:00-18:00; Ve: 10:00-18:00; Sa: 10:00-18:00; Di: 10:00-18:00,https://www.infobel.com/fr/belgium/financial/vat/BE2286039580,Un Gaufrette Saperlipopette,Rue des Mineurs 20 4000 Liège LIEGE,15/02/2019,BE2286039580,,,,,,"Location et exploitation de biens immobiliers non résidentiels propres ou loués, sauf terrains",
https://www.infobel.com/fr/belgium/cappuccino/liege/BE105575228-042520262/businessdetails.aspx,2026-07-29,Cappuccino à Liège,Rue des Croisiers 40 4000 Liège LIEGE,4000,Liège,,0476 58 11 32; 04 252 02 62,,https://www.facebook.com/lecappuccino1971/,BE1016775081,Lu: 07:00-18:00; Ma: 07:00-18:00; Me: 07:00-18:00; Je: 07:00-22:00; Ve: 07:00-00:00; Sa: 10:00-22:00,https://www.infobel.com/fr/belgium/financial/vat/BE1016775081,Cappuccino,Rue des Croisiers 40 4000 Liège LIEGE,29/11/2024,BE1016775081,31/12/2024,Brian Fezzani; Maxime Rolain,Administrateur,Brian,Fezzani,"Restauration à service complet Marge Brute-4 649 € (2024) 2024 -5,000 € -4,500 € -4,000 € -3,500 € -3,000 € -2,500 € -2,000 € -1,500 € -1,000 € -500 € 0 € -4,649",
https://www.infobel.com/fr/belgium/sushi_nagoya/liege/BE105428955-043371288/businessdetails.aspx,2026-07-29,Sushi Nagoya à Liège,Rue des Guillemins 105 4000 Liège LIEGE,4000,Liège,,04 337 12 88,,https://sushinagoya.be/,BE0687739403,Lu: 11:30-14:30; Me: 11:30-14:30; Je: 11:30-14:30; Ve: 11:30-14:30; Sa: 11:30-14:30; Di: 11:30-14:30,https://www.infobel.com/fr/belgium/financial/vat/BE0687739403,Liang Hao,Rue des Guillemins 105 4000 Liège LIEGE,10/01/2018,BE0687739403,31/12/2024,Hao Chen; Liang Qing Chen,Administrateur,Hao,Chen,Restauration à service complet,"2 (2024) 2022 2023 2024 0 1 2 3 4 5 6 7 8 9 10 3 2 2 Marge Brute948 € (2024) 2022 2023 2024 -14,000 € -12,000 € -10,000 € -8,000 € -6,000 € -4,000 € -2,000 € 0 € 2,000 € 4,000 € 6,000 € -11,455 4,416 948"
https://www.infobel.com/fr/belgium/o_sole_mio/liege/BE105269080/businessdetails.aspx,2026-07-29,O' Sole Mio à Liège,Boulevard de la Sauvenière 48 4000 Liège LIEGE,4000,Liège,,0465 82 69 91,,http://www.osolemioliege.be/,BE0552833880,Ma: 18:00-21:30; Me: 18:00-21:30; Je: 18:00-21:30; Ve: 12:00-14:00; Sa: 18:00-21:30; Di: 18:00-21:30,https://www.infobel.com/fr/belgium/financial/vat/BE0552833880,Prota Enrico,Boulevard de la Sauvenière 48 4000 Liège LIEGE,21/05/2014,BE0552833880,,Enrico Prota,Administrateur,Enrico,Prota,Restauration à service complet,
https://www.infobel.com/fr/belgium/la_fromagerie_des_vennes/liege/BE105282320-042664607/businessdetails.aspx,2026-07-29,La Fromagerie des Vennes à Liège,Rue des Vennes 229 4020 Liège LIEGE,4020,Liège,,04 266 46 07,,https://search.infobelpro.com/belgium/fr/liege/liege,BE2069349696,Ma: 10:00-18:30; Me: 10:00-18:30; Je: 10:00-18:30; Ve: 10:00-18:30; Sa: 10:00-18:30; Di: 10:00-13:00,https://www.infobel.com/fr/belgium/financial/vat/BE2069349696,La Fromagerie des Vennes,Rue des Vennes 229 4020 Liège LIEGE,15/12/1994,BE2069349696,,,,,,Autres commerces de détail sur marchés et éventaires,
https://www.infobel.com/fr/belgium/les_terrasses/liege/BE105246111/businessdetails.aspx,2026-07-29,Les Terrasses à Liège - Avenue Rogier 14,Avenue Rogier 14 -15 4000 Liège LIEGE,4000,Liège,,0498 36 66 77,info@lesterrasses-liege.com,http://www.lesterrasses-liege.com,BE0850142642,Lu: 09:00-20:00; Ma: 09:00-20:00; Me: 08:00-00:00; Je: 08:00-00:00; Ve: 08:00-00:00; Sa: 11:00-00:00; Di: 11:00-00:00,https://www.infobel.com/fr/belgium/financial/vat/BE0850142642,Association des Copropriétaires Résidence Les Terrasses à Liège Avenue Rogier 14 / 15,Avenue Rogier 14 -15 4000 Liège LIEGE,01/01/1968,BE0850142642,,,,,,Administration de biens immobiliers résidentiels pour compte de tiers,
https://www.infobel.com/fr/belgium/gressin/liege/BE105219931-042237219/businessdetails.aspx,2026-07-29,Gressin à Liège,Place de la République Française 35 PB 39 4000 Luik LUIK,4000,Liège,,0472 44 58 42; 04 223 72 19,,https://search.infobelpro.com/belgium/fr/liege/liege,BE2049464203,,https://www.infobel.com/fr/belgium/financial/vat/BE2049464203,Le Gressin,Place de la République Française 35 PB 39 4000 Luik LUIK,14/09/1990,BE2049464203,,,,,,"Restauration à service restreint, à l'exclusion de restauration mobile",
https://www.infobel.com/fr/belgium/la_boucherie/liege/BE105169827-042234627/businessdetails.aspx,2026-07-29,La Boucherie à Liège,Rue Saint-Paul 17 4000 Liège LIEGE,4000,Liège,,04 223 46 27,info@la-boucherie.be,http://www.la-boucherie.be/,BE0887243558,,https://www.infobel.com/fr/belgium/financial/vat/BE0887243558,La Boucherie,Rue Saint-Paul 17 4000 Liège LIEGE,12/02/2007,BE0887243558,31/12/2024,Armando Piacenza,Administrateur,Armando,Piacenza,"Commerce de détail de viandes et de produits à base de viande, sauf viande de gibier et de volaille","11 (2024) 2022 2023 2024 0 2 4 6 8 10 12 14 16 18 15 16 11 Marge Brute-17 826 € (2024) 2022 2023 2024 -160,000 € -140,000 € -120,000 € -100,000 € -80,000 € -60,000 € -40,000 € -20,000 € 0 € -8,513 -151,404 -17,826"
https://www.infobel.com/fr/belgium/ammavuta_domenico/liege/BE104906616-087275897/businessdetails.aspx,2026-07-29,Ammavuta / Domenico à Liège,Rue des Grands-Prés 2 4032 Liège LIEGE,4032,Liège,,0475 72 07 57; 087 27 58 97; 04 367 00 79,,https://search.infobelpro.com/belgium/fr/liege/liege,BE0597402412,Ma: 11:30-14:00; Me: 11:30-14:00; Je: 11:30-14:00; Ve: 11:30-14:00; Sa: 11:30-14:00; Di: 17:00-21:00,https://www.infobel.com/fr/belgium/financial/vat/BE0597402412,Pizza Uno,Rue des Grands-Prés 2 4032 Liège LIEGE,01/02/1984,BE0597402412,,Domenico AMMAVUTA; Domenico AMMAVUTA,Administrateur,Domenico,AMMAVUTA,"Restauration à service restreint, à l'exclusion de restauration mobile",
https://www.infobel.com/fr/belgium/le_refectoire/liege/BE101787585/businessdetails.aspx,2026-07-29,Le Réfectoire à Liège,Rue Hors-Château 74 4000 Liège LIEGE,4000,Liège,,0493 70 37 42,,http://www.facebook.com/lerefectoire.hors.chateau,BE0738446152,Lu: 11:00-14:30; Ma: 11:00-14:30; Me: 11:00-14:30; Je: 11:00-14:30; Ve: 11:00-14:30,https://www.infobel.com/fr/belgium/financial/vat/BE0738446152,Vanmalderen Sébastien,Rue Hors-Château 74 4000 Liège LIEGE,06/01/2020,BE0738446152,,ébastien Vanmalderen,Administrateur,ébastien,Vanmalderen,"Restauration à service restreint, à l'exclusion de restauration mobile",
https://www.infobel.com/fr/belgium/brzi/liege/BE100806955-042230323/businessdetails.aspx,2026-07-29,Brzi à Liège,Féronstrée 99 4000 Liège LIEGE,4000,Liège,,0477 77 88 29; 04 223 03 23,,http://www.pizzerialabambola.be,BE0880022404,Ma: 18:00-22:30; Me: 12:00-14:30; Je: 12:00-14:30; Ve: 12:00-14:30; Sa: 12:00-14:30; Di: 18:00-22:30,https://www.infobel.com/fr/belgium/financial/vat/BE0880022404,La Bambola,Féronstrée 99 4000 Liège LIEGE,13/03/2006,BE0880022404,31/12/2024,Ahmed Rashica,Administrateur,Ahmed,Rashica,Cafés et bars,"1 (2024) 2024 0 1 2 3 4 5 6 7 8 9 10 1 Marge Brute-1 516 € (2024) 2022 2023 2024 -16,000 € -14,000 € -12,000 € -10,000 € -8,000 € -6,000 € -4,000 € -2,000 € 0 € -2,423 -13,823 -1,516"
https://www.infobel.com/fr/belgium/pekin_paris/liege/BE100746430-042337330/businessdetails.aspx,2026-07-29,Pékin-Paris à Liège,Chaussée de Tongres 194 4000 Liège LIEGE,4000,Liège,,04 233 73 30,,https://www.facebook.com/profile.php?id=61551067614369,BE2213678966,Lu: 09:00-19:00; Ma: 09:00-19:00; Me: 09:00-19:00; Je: 09:00-19:00; Ve: 09:00-19:00; Sa: 09:00-19:00; Di: 12:00-18:00,https://www.infobel.com/fr/belgium/financial/vat/BE2213678966,Panda Market - Pekin-paris,Chaussée de Tongres 194 4000 Liège LIEGE,04/10/2012,BE2213678966,,,,,,Commerce de détail non spécialisé dans lequel les produits alimentaires et le tabac prédominent,
https://www.infobel.com/fr/belgium/la_brasserie/liege/BE100709971-042221386/businessdetails.aspx,2026-07-29,La Brasserie à Liège,Place Cathédrale 3 4000 Liège LIEGE,2210,évaluations),,04 222 13 86,,https://www.labrasseriecathedrale.be/fr/menu.html,BE0835343709,Lu: 08:00-00:00; Ma: 08:00-00:00; Me: 08:00-00:00; Je: 08:00-00:00; Ve: 08:00-01:30; Sa: 08:00-01:30; Di: 09:00-00:00,https://www.infobel.com/fr/belgium/financial/vat/BE0835343709,New Cathedrale,Place Cathédrale 3 4000 Liège LIEGE,06/04/2011,BE0835343709,30/09/2025,Eric Ernest Paul Schreiber; Eric Ernest Paul Schreiber; Eric Ernest Paul Schreiber,Administrateur,Eric,Ernest Paul Schreiber,Cafés et bars,"11 (2025) 2023 2024 2025 8 9 9 10 10 11 11 12 9 10 11 Marge Brute18 713 € (2025) 2023 2024 2025 -10,000 € -5,000 € 0 € 5,000 € 10,000 € 15,000 € 20,000 € 25,000 € -3,344 8,729 18,713"
https://www.infobel.com/fr/belgium/centre_public_d_action_sociale_de_liege/liege/BE100530588-042205811/businessdetails.aspx,2026-07-29,Centre public d'Action sociale de Liège à Liège,Place Saint-Jacques 13 4000 Liège LIEGE,4000,Liège,,04 220 58 11; 04 220 58 51,,http://www.cpasdeliege.be/,BE0207663043,Lu: 09:00-12:00; Ma: 09:00-12:00; Me: 09:00-12:00; Je: 09:00-12:00; Ve: 09:00-12:00,https://www.infobel.com/fr/belgium/financial/vat/BE0207663043,Centre Public d'Action Sociale de Liège,Place Saint-Jacques 13 4000 Liège LIEGE,01/01/1926,BE0207663043,,Paul Bonjean,Administrateur,Paul,Bonjean,Centres Publics d'Action Sociale (C.P.A.S.),
https://www.infobel.com/fr/belgium/le_shanghai/liege/BE100529972-042222263/businessdetails.aspx,2026-07-29,Le Shanghai à Liège - Rue Charles Magnette 60102,Rue Charles Magnette 60 102 4000 Liège LIEGE,3470,évaluations),,04 222 22 63; 04 223 00 50,,http://www.leshanghai.be/,BE0459882344,Lu: 12:00-14:30; Me: 12:00-14:30; Je: 12:00-14:30; Ve: 12:00-14:30; Sa: 12:00-14:30; Di: 12:00-14:30,https://www.infobel.com/fr/belgium/financial/vat/BE0459882344,Le Shanghai,Rue Charles Magnette 60 102 4000 Liège LIEGE,31/01/1997,BE0459882344,31/12/2024,Ai Mei Chen; Ai-Mei Chen; Ai-Mei Chen,Administrateur,Ai,Mei Chen,Restauration à service complet,"19 (2024) 2022 2023 2024 14 15 16 17 18 19 20 21 16 20 19 Marge Brute51 973 € (2024) 2022 2023 2024 0 € 20,000 € 40,000 € 60,000 € 80,000 € 100,000 € 120,000 € 140,000 € 160,000 € 180,000 € 200,000 € 188,991 45,832 51,973"
https://www.infobel.com/fr/belgium/jena_tennis/liege/BE100499654-042266650/businessdetails.aspx,2026-07-29,Jena Tennis à Liège,Rue de la Scierie 16 4000 Liège LIEGE,4000,Liège,,0495 57 62 13; 04 226 66 50,,http://www.jenatennis.be/,BE0849708617,Lu: 12:30-23:30; Ma: 10:00-23:30; Me: 10:00-23:30; Je: 10:00-23:30; Ve: 10:00-23:30; Sa: 09:00-23:30; Di: 09:00-23:30,https://www.infobel.com/fr/belgium/financial/vat/BE0849708617,Jena Tennis,Rue de la Scierie 16 4000 Liège LIEGE,18/10/2012,BE0849708617,31/12/2024,Gordon Charles Yves Henroye; Gordon Charles Yves Henroye,Administrateur,Gordon,Charles Yves Henroye,"Restauration à service restreint, à l'exclusion de restauration mobile","1 (2024) 2022 2024 0 1 2 3 4 5 6 7 8 9 10 1 1 Marge Brute123 542 € (2024) 2022 2023 2024 0 € 20,000 € 40,000 € 60,000 € 80,000 € 100,000 € 120,000 € 140,000 € 57,918 116,208 123,542"
https://www.infobel.com/fr/belgium/wok_cite_des_perles/liege/BE100404319-043437888/businessdetails.aspx,2026-07-29,Wok Cité Des Perles à Liège,Boulevard Cuivre et Zinc 29 A 4030 Liège LIEGE,1144,évaluations),,04 343 78 88,,http://www.citedesperles.com/,BE2233980769,Ma: 12:00-14:30; Me: 12:00-14:30; Je: 12:00-14:30; Ve: 12:00-14:30; Sa: 12:00-14:30; Di: 12:00-14:30,https://www.infobel.com/fr/belgium/financial/vat/BE2233980769,Le Wok Cite des Perles,Boulevard Cuivre et Zinc 29 A 4030 Liège LIEGE,09/06/2014,BE2233980769,,,,,,Restauration à service complet,
https://www.infobel.com/fr/belgium/la_ciociara/liege/BE100301953-042344414/businessdetails.aspx,2026-07-29,La Ciociara à Liège,Chaussée de Tongres 196 4000 Liège LIEGE,4000,Liège,,0497 23 84 39; 04 234 44 14,,http://www.laciociara.be,BE0876809922,Lu: 12:00-15:00; Me: 12:00-15:00; Je: 12:00-15:00; Ve: 12:00-15:00; Di: 12:00-15:00,https://www.infobel.com/fr/belgium/financial/vat/BE0876809922,Maroma,Chaussée de Tongres 196 4000 Liège LIEGE,10/10/2005,BE0876809922,31/12/2024,Giani Lollo; Giani Lollo,Administrateur,Giani,Lollo,Restauration à service complet,"2 (2024) 2022 2023 2024 0 1 2 3 4 5 6 7 8 9 10 2 2 2 Marge Brute36 179 € (2024) 2022 2023 2024 0 € 10,000 € 20,000 € 30,000 € 40,000 € 50,000 € 60,000 € 70,000 € 54,600 60,113 36,179"
https://www.infobel.com/fr/belgium/monte_cassino/liege/BE100132164-043797260/businessdetails.aspx,2026-07-29,Monte Cassino à Liège,,4020,Liège,,04 379 72 60,,https://monte-cassino.be/fr,BE2377318857,Lu: 12:00-14:30; Me: 12:00-14:30; Je: 12:00-14:30; Ve: 12:00-14:30; Sa: 12:00-14:30; Di: 12:00-14:30,https://www.infobel.com/fr/belgium/financial/vat/BE2377318857,,,,,,,,,,,
https://www.infobel.com/fr/belgium/yolex/liege/BE100695295-042241940/businessdetails.aspx,2026-07-29,Yolex à Liège,Rue des Guillemins 76 4000 Liège LIEGE,4000,Liège,,0475 37 52 53; 04 224 19 40,info@oye-oye.net,https://latelierpates.com/,BE0562855564,Lu: 18:00-21:30; Ma: 18:00-21:30; Me: 12:00-14:00; Je: 12:00-14:00; Ve: 12:00-14:00; Sa: 12:00-14:00,https://www.infobel.com/fr/belgium/financial/vat/BE0562855564,l'Atelier Pâtes,Rue des Guillemins 76 4000 Liège LIEGE,18/09/2014,BE0562855564,31/12/2022,Yohan Jean-Marc Marc Fermont,Administrateur,Yohan,Jean-Marc Marc Fermont,"Restauration à service restreint, à l'exclusion de restauration mobile","1 (2022) 2020 2022 0 1 2 3 4 5 6 7 8 9 10 0 1 Marge Brute35 058 € (2022) 2020 2021 2022 -40,000 € -30,000 € -20,000 € -10,000 € 0 € 10,000 € 20,000 € 30,000 € 40,000 € -12,810 -29,516 35,058"
https://www.infobel.com/fr/belgium/allaterrazza/liege/BE107049636-042236556/businessdetails.aspx,2026-07-29,AllaTerrazza à Liège,Avenue Louise 231 1050 Bruxelles,4000,Liège,,042236556,info@oye-oye.net,https://allaterrazza.be/,BE0453604761,,https://www.infobel.com/fr/belgium/financial/vat/BE0453604761,Infobel,Avenue Louise 231 1050 Bruxelles,02/11/1994,BE0453604761,31/12/2024,,,,,Activités de conseil en informatique et de gestion d’installations informatiques,"11 (2024) 2022 2023 2024 8 9 9 10 10 11 11 12 10 9 11 Marge Brute1 311 537 € (2024) 2022 2023 2024 0 € 500,000 € 1,000,000 € 1,500,000 € 2,000,000 € 2,500,000 € 3,000,000 € 1,488,892 2,756,988 1,311,537"
https://www.infobel.com/fr/belgium/carre_d_as_bowling/liege/BE107271722-042535675/businessdetails.aspx,2026-07-29,Carré d'As Bowling à Liège - Rue Paradis 54,Rue Paradis 54 5 4000 Liège LIEGE,3235,évaluations),,0473 65 16 31; 04 253 56 75,,http://www.bowlingcarredas.be/,BE2038239125,Lu: 10:00-01:00; Ma: 10:00-01:00; Me: 10:00-01:00; Je: 10:00-01:00; Ve: 10:00-03:00; Sa: 10:00-03:00; Di: 11:00-01:00,https://www.infobel.com/fr/belgium/financial/vat/BE2038239125,Le Carre d'As,Rue Paradis 54 5 4000 Liège LIEGE,27/05/1988,BE2038239125,,,,,,Cafés-restaurants (tavernes),
https://www.infobel.com/fr/belgium/bistrot_bri_ce/liege/BE107100937/businessdetails.aspx,2026-07-29,Bistrot Bri-ce à Liège,Avenue Louise 231 1050 Bruxelles,4000,Liège,,0493 42 17 39,,https://www.bistrotbri-ce.com/,BE0453604761,Me: 18:00-22:00; Je: 18:00-22:00; Ve: 12:00-14:00; Sa: 18:00-22:00; Di: 12:00-14:00,https://www.infobel.com/fr/belgium/financial/vat/BE0453604761,Infobel,Avenue Louise 231 1050 Bruxelles,02/11/1994,BE0453604761,31/12/2024,,,,,Activités de conseil en informatique et de gestion d’installations informatiques,"11 (2024) 2022 2023 2024 8 9 9 10 10 11 11 12 10 9 11 Marge Brute1 311 537 € (2024) 2022 2023 2024 0 € 500,000 € 1,000,000 € 1,500,000 € 2,000,000 € 2,500,000 € 3,000,000 € 1,488,892 2,756,988 1,311,537"
https://www.infobel.com/fr/belgium/sabores_espanola/liege/BE107098420/businessdetails.aspx,2026-07-29,Sabores Española à Liège,Avenue Louise 231 1050 Bruxelles,4000,Liège,,0472 47 44 86,saboresespanola@outlook.com,https://saboresespanola.be/,BE0453604761,Ma: 11:00-14:30; Me: 11:00-14:30; Je: 11:00-14:30; Ve: 11:00-14:30; Sa: 11:00-22:00,https://www.infobel.com/fr/belgium/financial/vat/BE0453604761,Infobel,Avenue Louise 231 1050 Bruxelles,02/11/1994,BE0453604761,31/12/2024,,,,,Activités de conseil en informatique et de gestion d’installations informatiques,"11 (2024) 2022 2023 2024 8 9 9 10 10 11 11 12 10 9 11 Marge Brute1 311 537 € (2024) 2022 2023 2024 0 € 500,000 € 1,000,000 € 1,500,000 € 2,000,000 € 2,500,000 € 3,000,000 € 1,488,892 2,756,988 1,311,537"
https://www.infobel.com/fr/belgium/pita_santorini/liege/BE107039043-043659673/businessdetails.aspx,2026-07-29,Pita Santorini à Liège,Rue de Herve 707 4030 Liège LIEGE,4030,Liège,,0484 53 96 32; 04 365 96 73,,https://www.facebook.com/Pita-Santorini-395506743848420/,BE0783953901,Ma: 11:30-14:00; Me: 11:30-14:00; Je: 11:30-14:00; Ve: 11:30-14:00; Sa: 11:30-23:30; Di: 11:30-23:00,https://www.infobel.com/fr/belgium/financial/vat/BE0783953901,PITA SANTORINI,Rue de Herve 707 4030 Liège LIEGE,29/03/2022,BE0783953901,31/12/2024,Cengiz Yaldiz,Administrateur,Cengiz,Yaldiz,"Restauration à service restreint, à l'exclusion de restauration mobile Marge Brute14 516 € (2024) 2022 2023 2024 0 € 2,000 € 4,000 € 6,000 € 8,000 € 10,000 € 12,000 € 14,000 € 16,000 € 3,157 1,340 14,516",
https://www.infobel.com/fr/belgium/antipode/liege/BE106929979-043784580/businessdetails.aspx,2026-07-29,Antipode à Liège,Rue des Clarisses 58 4000 Liège LIEGE,4000,Liège,,04 378 45 80,,http://www.antipode-restaurant.be/,BE1016109345,,https://www.infobel.com/fr/belgium/financial/vat/BE1016109345,Jfb Antipode,Rue des Clarisses 58 4000 Liège LIEGE,12/11/2024,BE1016109345,,Benjamin Collin; Jean-françois Naa,Administrateur,Benjamin,Collin,"Restauration à service restreint, à l'exclusion de restauration mobile",
https://www.infobel.com/fr/belgium/sympa_bar/liege/BE106161729/businessdetails.aspx,2026-07-29,Sympa Bar à Liège,Place du Vingt Août 28 4000 Liège LIEGE,4000,Liège,,0495 78 48 79,,https://beacons.ai/sympabar,BE2295520638,Lu: 16:00-00:00; Ma: 16:00-00:00; Me: 16:00-00:00; Je: 16:00-01:00; Ve: 16:00-01:00; Sa: 16:00-01:00; Di: 14:00-20:00,https://www.infobel.com/fr/belgium/financial/vat/BE2295520638,Sympa Bar,Place du Vingt Août 28 4000 Liège LIEGE,05/12/2019,BE2295520638,,,,,,"Restauration à service restreint, à l'exclusion de restauration mobile",
https://www.infobel.com/fr/belgium/la_prova/liege/BE106000122-042786314/businessdetails.aspx,2026-07-29,La Prova à Liège,Boulevard de la Sauvenière 135 BP D 4000 Liège LIEGE,4000,Liège,,0496 14 86 63; 04 278 63 14,la.prova@outlook.com,https://www.facebook.com/profile.php?id=100063655538088,BE0745922179,Je: 18:00-23:00; Ve: 18:00-04:00; Sa: 18:00-04:00,https://www.infobel.com/fr/belgium/financial/vat/BE0745922179,MPS,Boulevard de la Sauvenière 135 BP D 4000 Liège LIEGE,10/04/2020,BE0745922179,31/12/2024,téphanie Janssen; Michaël Lognard,Administrateur,téphanie,Janssen,Cafés et bars,"1 (2024) 2022 2023 2024 0 1 2 3 4 5 6 7 8 9 10 2 1 1 Marge Brute-46 763 € (2024) 2022 2023 2024 -60,000 € -50,000 € -40,000 € -30,000 € -20,000 € -10,000 € 0 € 10,000 € 20,000 € -25,137 13,842 -46,763"
https://www.infobel.com/fr/belgium/tip_ban_thai/liege/BE105949875/businessdetails.aspx,2026-07-29,Tip Ban Thai à Liège,Avenue Louise 231 1050 Bruxelles,4032,Liège,,0470 38 01 91,,http://facebook.com/Tipbanthai,BE0453604761,,https://www.infobel.com/fr/belgium/financial/vat/BE0453604761,Infobel,Avenue Louise 231 1050 Bruxelles,02/11/1994,BE0453604761,31/12/2024,,,,,Activités de conseil en informatique et de gestion d’installations informatiques,"11 (2024) 2022 2023 2024 8 9 9 10 10 11 11 12 10 9 11 Marge Brute1 311 537 € (2024) 2022 2023 2024 0 € 500,000 € 1,000,000 € 1,500,000 € 2,000,000 € 2,500,000 € 3,000,000 € 1,488,892 2,756,988 1,311,537"
https://www.infobel.com/fr/belgium/restaurant_chez_marinko_rupcic/liege/BE100718904-043383554/businessdetails.aspx,2026-07-29,Restaurant chez marinko rupcic à Liège,Rue du Vieux Frêne 21 BP 2 4031 Liège LIEGE,4031,Liège,,0476 35 33 55; 04 338 35 54; 04 336 05 67,veroniksmeets@hotmail.com,https://www.facebook.com/profile.php?id=100061258099821,BE0806409597,Lu: 12:00-14:00; Ma: 12:00-14:00; Me: 12:00-14:00; Je: 12:00-14:00; Ve: 12:00-14:00; Sa: 19:00-23:00,https://www.infobel.com/fr/belgium/financial/vat/BE0806409597,Restaurant chez Marinko Rupcic,Rue du Vieux Frêne 21 BP 2 4031 Liège LIEGE,16/09/2008,BE0806409597,31/12/2024,Marinko Rupcic; Véronique Smeets,Administrateur,Marinko,Rupcic,"Restauration à service restreint, à l'exclusion de restauration mobile","0 (2022) 2022 0 1 2 3 4 5 6 7 8 9 10 0 Marge Brute-42 065 € (2024) 2022 2023 2024 -50,000 € -40,000 € -30,000 € -20,000 € -10,000 € 0 € 10,000 € 20,000 € 30,000 € 22,584 -38,497 -42,065"
https://www.infobel.com/fr/belgium/la_cantina/liege/BE100128195-042213535/businessdetails.aspx,2026-07-29,La Cantina à Liège,Rue Saint-Denis 2 4000 Liège LIEGE,4000,Liège,,04 221 35 35; 04 221 33 82,cantinaliege@gmail.com,https://www.lacantinaliege.be/,BE0427459501,Me: 12:00-22:00; Je: 12:00-14:30; Ve: 12:00-14:30; Sa: 12:00-15:00,https://www.infobel.com/fr/belgium/financial/vat/BE0427459501,MORANT,Rue Saint-Denis 2 4000 Liège LIEGE,11/06/1985,BE0427459501,31/12/2024,téphanie Gabriel Michelle Uhoda; Stéphanie Gabriel Michelle Uhoda; Stéphanie Gabriel Michelle Uhoda,Administrateur,téphanie,Gabriel Michelle Uhoda,Restauration à service complet,"5 (2022) 2022 0 1 2 3 4 5 6 7 8 9 10 5 Marge Brute-30 249 € (2024) 2022 2023 2024 -35,000 € -30,000 € -25,000 € -20,000 € -15,000 € -10,000 € -5,000 € 0 € -32,704 -22,621 -30,249"
https://www.infobel.com/fr/belgium/snack_sandwiche_pita/liege/BE106575583/businessdetails.aspx,2026-07-29,Snack Sandwiche Pita à Liège,Rue de Herve 59 4030 Liège LIEGE,4020,Liège,,0486 53 87 63,,https://www.snacksandwichepita.be/contact,BE0754822722,Lu: 11:00-22:30; Ma: 11:00-22:30; Me: 11:00-22:30; Je: 11:00-22:30; Ve: 11:00-22:30; Di: 11:00-22:30,https://www.infobel.com/fr/belgium/financial/vat/BE0754822722,SANDWICH PITA,Rue de Herve 59 4030 Liège LIEGE,24/09/2020,BE0754822722,31/12/2024,Mehmet Agirman,Administrateur,Mehmet,Agirman,"Restauration à service restreint, à l'exclusion de restauration mobile","0 (2023) 2023 0 1 2 3 4 5 6 7 8 9 10 0 Marge Brute2 449 € (2024) 2022 2023 2024 -10,000 € -8,000 € -6,000 € -4,000 € -2,000 € 0 € 2,000 € 4,000 € -8,845 -5,168 2,449"
https://www.infobel.com/fr/belgium/o_bella_ciao/liege/BE106403769-043394471/businessdetails.aspx,2026-07-29,O bella ciao à Liège,Rue Grétry 87 4020 Liège LIEGE,4020,Liège,,0474 06 85 02; 04 339 44 71,,http://www.lacasadespapilles.be/,BE2343271659,,https://www.infobel.com/fr/belgium/financial/vat/BE2343271659,L'Effet Mer,Rue Grétry 87 4020 Liège LIEGE,01/04/2023,BE2343271659,,,,,,"Restauration à service restreint, à l'exclusion de restauration mobile",
https://www.infobel.com/fr/belgium/vimmax/liege/BE105980047-043443276/businessdetails.aspx,2026-07-29,VIMMAX à Liège,Boulevard Raymond Poincaré 7 4020 Liège LIEGE,4020,Liège,,04 344 32 76,us@belchicken.com,https://belchicken.com/,BE2290310451,,https://www.infobel.com/fr/belgium/financial/vat/BE2290310451,Vimmax,Boulevard Raymond Poincaré 7 4020 Liège LIEGE,24/06/2019,BE2290310451,,,,,,Restauration à service complet,
https://www.infobel.com/fr/belgium/mamma_mia/liege/BE105968059/businessdetails.aspx,2026-07-29,Mamma Mia à Liège,Avenue Louise 231 1050 Bruxelles,4020,Liège,,0494 85 85 58,,https://www.pizzeriamammamiaaufeudebois.be/contact,BE0453604761,,https://www.infobel.com/fr/belgium/financial/vat/BE0453604761,Infobel,Avenue Louise 231 1050 Bruxelles,02/11/1994,BE0453604761,31/12/2024,,,,,Activités de conseil en informatique et de gestion d’installations informatiques,"11 (2024) 2022 2023 2024 8 9 9 10 10 11 11 12 10 9 11 Marge Brute1 311 537 € (2024) 2022 2023 2024 0 € 500,000 € 1,000,000 € 1,500,000 € 2,000,000 € 2,500,000 € 3,000,000 € 1,488,892 2,756,988 1,311,537"
https://www.infobel.com/fr/belgium/l_industrie/liege/BE105955865-042230854/businessdetails.aspx,2026-07-29,L'industrie à Liège,Rue Saint-Gilles 6 4000 Liège LIEGE,4000,Liège,,0492 36 76 13; 04 223 08 54,info@oye-oye.net,https://restaurant-industrie.be/,BE0721394938,,https://www.infobel.com/fr/belgium/financial/vat/BE0721394938,Dridri,Rue Saint-Gilles 6 4000 Liège LIEGE,21/02/2019,BE0721394938,31/12/2024,Drilon Ibraimi; Fatmir Ibraimi; Tommy Scifo,Administrateur,Drilon,Ibraimi,Restauration à service complet,"4 (2024) 2022 2023 2024 0 1 2 3 4 5 6 7 8 9 10 3 3 4 Marge Brute21 248 € (2024) 2022 2023 2024 0 € 10,000 € 20,000 € 30,000 € 40,000 € 50,000 € 60,000 € 50,490 8,767 21,248"
https://www.infobel.com/fr/belgium/sj_famiglia/liege/BE105604519-042866560/businessdetails.aspx,2026-07-29,SJ FAMIGLIA à Liège,Avenue de la Croix-Rouge 128 4020 Liège LIEGE,4020,Liège,,0495 28 21 60; 04 286 65 60,,https://la-famiglia-halal-restaurant.business.site/,BE0712582685,Lu: 19:00-02:00; Ma: 19:00-02:00; Me: 19:00-02:00; Je: 19:00-02:00; Ve: 19:00-02:00; Sa: 19:00-02:00,https://www.infobel.com/fr/belgium/financial/vat/BE0712582685,SJ FAMIGLIA,Avenue de la Croix-Rouge 128 4020 Liège LIEGE,25/10/2018,BE0712582685,31/12/2024,Youssef Eddirhami,Administrateur,Youssef,Eddirhami,"Restauration à service restreint, à l'exclusion de restauration mobile Marge Brute-10 123 € (2024) 2022 2023 2024 -16,000 € -14,000 € -12,000 € -10,000 € -8,000 € -6,000 € -4,000 € -2,000 € 0 € -10,047 -14,932 -10,123",
https://www.infobel.com/fr/belgium/pita_istanbul/liege/BE105320022/businessdetails.aspx,2026-07-29,Pita Istanbul à Liège,,4020,Liège,,0468 08 07 62,info@menute.be,https://www.pitanatalis.be/contact,BE0589944496,Lu: 11:00-23:00; Ma: 11:00-23:00; Me: 11:00-23:00; Je: 11:00-23:00; Ve: 11:00-23:00; Sa: 11:00-23:00; Di: 11:00-23:00,https://www.infobel.com/fr/belgium/financial/vat/BE0589944496,,,,,,,,,,,
https://www.infobel.com/fr/belgium/leena/liege/BE105097551-042224359/businessdetails.aspx,2026-07-29,Leena à Liège,Rue Léon Frédéricq 14 4020 Liège LIEGE,4020,Liège,,04 222 43 59,contact@grandcafedelagare.be,http://www.grandcafedelagare.be/,BE0826910449,,https://www.infobel.com/fr/belgium/financial/vat/BE0826910449,Leena,Rue Léon Frédéricq 14 4020 Liège LIEGE,21/06/2010,BE0826910449,31/12/2024,Elena Angelina Castrogiovanni; Erick Antoine Joseph Lamarre,Administrateur,Elena,Angelina Castrogiovanni,Restauration à service complet,"27 (2024) 2022 2023 2024 21 22 23 24 25 26 27 28 23 26 27 Marge Brute3 215 483 € (2024) 2022 2023 2024 -300,000 € -250,000 € -200,000 € -150,000 € -100,000 € -50,000 € 0 € -197,138 -280,176 -114,409"
https://www.infobel.com/fr/belgium/redic/liege/BE102308741-043759798/businessdetails.aspx,2026-07-29,REDIC à Liège,Rue Hemricourt 3 4000 Liège LIEGE,4000,Liège,,04 375 97 98,liege@babbo-pizza.be,http://www.babbo-pizza.be/,BE0536739305,,https://www.infobel.com/fr/belgium/financial/vat/BE0536739305,LA GAUFRE,Rue Hemricourt 3 4000 Liège LIEGE,01/07/2013,BE0536739305,,Igor Swystowycz; Igor Swystowycz; Igor Swystowycz,Administrateur,Igor,Swystowycz,Activités de conseil pour les affaires et autre conseil de gestion,
https://www.infobel.com/fr/belgium/new_pita_istanbul/liege/BE100547862-042636213/businessdetails.aspx,2026-07-29,New pita istanbul à Liège,Rue de la Station 79 4032 Liège LIEGE,4032,Liège,,0465 33 01 99; 04 263 62 13,,https://search.infobelpro.com/belgium/fr/liege/liege,BE0802100324,Lu: 11:30-23:00; Ma: 11:30-23:00; Me: 11:30-23:00; Je: 11:30-23:00; Ve: 11:30-23:00; Sa: 11:30-23:00; Di: 11:30-23:00,https://www.infobel.com/fr/belgium/financial/vat/BE0802100324,NEW PITA ISTANBUL,Rue de la Station 79 4032 Liège LIEGE,01/06/2023,BE0802100324,,eyfeddin Akay,Administrateur,eyfeddin,Akay,"Restauration à service restreint, à l'exclusion de restauration mobile",
https://www.infobel.com/fr/belgium/yuan_lai/liege/BE100530404-042321732/businessdetails.aspx,2026-07-29,Yuan Lai à Liège,Rue Saint-Gilles 40 4000 Liège LIEGE,4000,Liège,,0492 11 52 33; 04 232 17 32,,http://chifuri.io/,BE0825756050,Lu: 11:30-14:30; Ma: 11:30-14:30; Me: 11:30-14:30; Je: 11:30-14:30; Ve: 11:30-14:30; Sa: 11:30-14:30; Di: 17:30-21:30,https://www.infobel.com/fr/belgium/financial/vat/BE0825756050,Zhang Yonghai,Rue Saint-Gilles 40 4000 Liège LIEGE,01/06/2010,BE0825756050,,Yonghai Zhang,Administrateur,Yonghai,Zhang,Activités de traiteur événementiel,
https://www.infobel.com/fr/belgium/trattoria_il_contadino/liege/BE100269662-043430014/businessdetails.aspx,2026-07-29,Trattoria Il Contadino à Liège,Rue Roture 72 4020 Liège LIEGE,4020,Liège,,0477 60 03 20; 04 343 00 14,,http://www.ilcontadino.be/,BE0870604692,Lu: 12:00-14:00; Je: 12:00-14:00; Ve: 12:00-14:00; Sa: 18:30-22:00; Di: 12:00-14:00,https://www.infobel.com/fr/belgium/financial/vat/BE0870604692,TRATTORIA IL CONTADINO,Rue Roture 72 4020 Liège LIEGE,03/12/2004,BE0870604692,31/12/2024,Orazio Luigi Lollo; Giacoma INTINI; Orazio Luigi Lollo,Administrateur,Orazio,Luigi Lollo,"Restauration à service complet Marge Brute5 668 € (2024) 2022 2023 2024 -8,000 € -6,000 € -4,000 € -2,000 € 0 € 2,000 € 4,000 € 6,000 € 8,000 € -7,203 -6,529 5,668",
https://www.infobel.com/fr/belgium/vandersteen_francine/liege/BE100129302-042221149/businessdetails.aspx,2026-07-29,VANDERSTEEN FRANCINE à Liège,Rue Sainte-Marie 12 4000 Liège LIEGE,4000,Liège,,04 222 11 49; 04 222 11 49,,http://facebook.com/pages/Les-Belles-Gourmandes-Internationales/305175042888369,BE0604452926,,https://www.infobel.com/fr/belgium/financial/vat/BE0604452926,Vandersteen Francine,Rue Sainte-Marie 12 4000 Liège LIEGE,01/09/1968,BE0604452926,,Francine VANDERSTEEN; Francine VANDERSTEEN,Administrateur,Francine,VANDERSTEEN,Restauration à service complet,
https://www.infobel.com/fr/belgium/frites_time/liege/BE100128496/businessdetails.aspx,2026-07-29,Frites Time à Liège,Rue Saint-Gilles 163 4000 Liège LIEGE,4000,Liège,,0489 58 28 84,contact@les-friteries.com,https://www.les-friteries.com/site/fritestime-liege,BE0600739410,Lu: 11:00-14:00; Ma: 11:00-14:00; Me: 11:00-14:00; Je: 11:00-14:00; Ve: 11:00-14:00; Sa: 18:00-22:00; Di: 18:00-22:00,https://www.infobel.com/fr/belgium/financial/vat/BE0600739410,Frites Time,Rue Saint-Gilles 163 4000 Liège LIEGE,11/09/1998,BE0600739410,,Antonio MOLLICA; Antonio MOLLICA,Administrateur,Antonio,MOLLICA,"Restauration à service restreint, à l'exclusion de restauration mobile",
https://www.infobel.com/fr/belgium/des_vennes/liege/BE100095529-043439147/businessdetails.aspx,2026-07-29,Des Vennes à Liège,Place Georges Ista 17 4020 Liège LIEGE,4020,Liège,,0487 38 59 28; 04 343 91 47; 087 31 40 21,sogescasprl@gmail.com,https://latavernedesvennes.eatbu.com/,BE0457621452,Lu: 10:00-22:00; Ma: 10:00-22:00; Me: 10:00-22:00; Je: 10:00-22:00; Ve: 10:00-22:00; Sa: 10:00-22:00; Di: 10:00-22:00,https://www.infobel.com/fr/belgium/financial/vat/BE0457621452,LA TAVERNE DES VENNES,Place Georges Ista 17 4020 Liège LIEGE,26/03/1996,BE0457621452,31/12/2024,Michel Rodigari,Administrateur,Michel,Rodigari,Cafés et bars,"3 (2024) 2022 2023 2024 0 1 2 3 4 5 6 7 8 9 10 2 2 3 Marge Brute-3 856 € (2024) 2022 2023 2024 -6,000 € -4,000 € -2,000 € 0 € 2,000 € 4,000 € 6,000 € 8,000 € 10,000 € 7,462 1,529 -3,856"
https://www.infobel.com/fr/belgium/bar_a_pates_de_carmelo/liege/BE107126364/businessdetails.aspx,2026-07-29,Bar a pates de Carmelo à Liège,Avenue Louise 231 1050 Bruxelles,4030,Liège,,0472 06 52 58,,https://www.lebarapatesdecarmelo.com/,BE0453604761,Me: 17:30-21:30; Je: 17:30-21:30; Ve: 17:30-21:30; Sa: 17:30-21:30; Di: 17:30-21:30,https://www.infobel.com/fr/belgium/financial/vat/BE0453604761,Infobel,Avenue Louise 231 1050 Bruxelles,02/11/1994,BE0453604761,31/12/2024,,,,,Activités de conseil en informatique et de gestion d’installations informatiques,"11 (2024) 2022 2023 2024 8 9 9 10 10 11 11 12 10 9 11 Marge Brute1 311 537 € (2024) 2022 2023 2024 0 € 500,000 € 1,000,000 € 1,500,000 € 2,000,000 € 2,500,000 € 3,000,000 € 1,488,892 2,756,988 1,311,537"
https://www.infobel.com/fr/belgium/pitaya/liege/BE107105337-043676698/businessdetails.aspx,2026-07-29,Pitaya à Liège,Avenue Louise 231 1050 Bruxelles,4000,Liège,,04 367 66 98,,https://www.pitaya-thaistreetfood.com/restaurants/liege-dominicains/,BE0453604761,,https://www.infobel.com/fr/belgium/financial/vat/BE0453604761,Infobel,Avenue Louise 231 1050 Bruxelles,02/11/1994,BE0453604761,31/12/2024,,,,,Activités de conseil en informatique et de gestion d’installations informatiques,"11 (2024) 2022 2023 2024 8 9 9 10 10 11 11 12 10 9 11 Marge Brute1 311 537 € (2024) 2022 2023 2024 0 € 500,000 € 1,000,000 € 1,500,000 € 2,000,000 € 2,500,000 € 3,000,000 € 1,488,892 2,756,988 1,311,537"
https://www.infobel.com/fr/belgium/mekan/liege/BE106966536/businessdetails.aspx,2026-07-29,Mekan à Liège,Rue de Herve 525 4030 Liège LIEGE,4030,Liège,,0492 50 33 66,,https://www.instagram.com/mekan_restaurant_liege,BE2361384727,Lu: 10:30-22:00; Ma: 10:30-22:00; Me: 10:30-22:00; Je: 10:30-22:00; Ve: 10:30-23:00; Sa: 10:00-22:00; Di: 10:00-22:00,https://www.infobel.com/fr/belgium/financial/vat/BE2361384727,Mekan,Rue de Herve 525 4030 Liège LIEGE,03/07/2024,BE2361384727,,,,,,Restauration à service complet,
https://www.infobel.com/fr/belgium/chez_dam/liege/BE106959369/businessdetails.aspx,2026-07-29,Chez Dam à Liège - Boulevard Saucy 13,Boulevard Saucy 13 4020 Liège LIEGE,4020,Liège,,0472 78 82 28,0@gmail.com,https://www.facebook.com/profile.php?id=61560803454624,BE1008899473,Lu: 11:00-15:00; Ma: 11:00-15:00; Me: 11:00-17:30; Je: 11:00-17:30; Ve: 11:00-17:30; Sa: 12:00-15:00,https://www.infobel.com/fr/belgium/financial/vat/BE1008899473,Chez Dam,Boulevard Saucy 13 4020 Liège LIEGE,01/06/2024,BE1008899473,,Damien Brandt,Administrateur,Damien,Brandt,"Restauration à service restreint, à l'exclusion de restauration mobile",
https://www.infobel.com/fr/belgium/friterie_le_reconfort/liege/BE106961867/businessdetails.aspx,2026-07-29,Friterie le Réconfort à Liège,Rue Fraischamps 58 4030 Liège LIEGE,4030,Liège,,0495 77 68 29,,https://www.facebook.com/share/19idV4e1Lk/?mibextid=wwXIfr,BE1017039357,Lu: 17:30-21:00; Me: 17:30-21:00; Je: 17:30-21:00; Ve: 17:30-21:00; Sa: 17:30-21:00; Di: 17:30-21:00,https://www.infobel.com/fr/belgium/financial/vat/BE1017039357,Friterie Le Réconfort,Rue Fraischamps 58 4030 Liège LIEGE,16/12/2024,BE1017039357,,Giulian Rossi,Administrateur,Giulian,Rossi,"Restauration à service restreint, à l'exclusion de restauration mobile",
https://www.infobel.com/fr/belgium/ay_max_kitchen/liege/BE106874222/businessdetails.aspx,2026-07-29,Ay-max Kitchen à Liège,Rue Grétry 97 BP 1 4020 Liège LIEGE,4020,Liège,,0472 25 38 34,,http://shop.ma-kitchen-liege.be/,BE2381084239,Lu: 12:00-22:30; Ma: 12:00-22:30; Me: 12:00-22:30; Je: 12:00-22:30; Ve: 12:00-23:00; Sa: 12:00-23:00,https://www.infobel.com/fr/belgium/financial/vat/BE2381084239,Ay-max Kitchen,Rue Grétry 97 BP 1 4020 Liège LIEGE,10/10/2025,BE2381084239,,,,,,Restauration à service complet,
https://www.infobel.com/fr/belgium/pita_efes/liege/BE106625585/businessdetails.aspx,2026-07-29,Pita Efes à Liège,Avenue Louise 231 1050 Bruxelles,4000,Liège,,0465 13 56 37,,https://mapz5.com/pita-efes-184971-be,BE0453604761,Lu: 11:00-02:00; Ma: 11:00-02:00; Me: 11:00-00:00; Je: 11:00-02:00; Ve: 11:00-04:00; Sa: 11:00-04:00; Di: 17:00-02:00,https://www.infobel.com/fr/belgium/financial/vat/BE0453604761,Infobel,Avenue Louise 231 1050 Bruxelles,02/11/1994,BE0453604761,31/12/2024,,,,,Activités de conseil en informatique et de gestion d’installations informatiques,"11 (2024) 2022 2023 2024 8 9 9 10 10 11 11 12 10 9 11 Marge Brute1 311 537 € (2024) 2022 2023 2024 0 € 500,000 € 1,000,000 € 1,500,000 € 2,000,000 € 2,500,000 € 3,000,000 € 1,488,892 2,756,988 1,311,537"
https://www.infobel.com/fr/belgium/canadian_burger_s/liege/BE106457482-043393527/businessdetails.aspx,2026-07-29,Canadian Burger'S à Liège,Rue Saint-Nicolas 552 4000 Liège LIEGE,4000,Liège,,0466 43 07 66; 04 339 35 27,,https://canadianburgers.be/,BE2375601066,Ma: 17:00-22:00; Me: 17:00-22:00; Je: 17:00-22:00; Ve: 17:00-23:00; Sa: 17:00-23:00; Di: 17:00-22:00,https://www.infobel.com/fr/belgium/financial/vat/BE2375601066,Canadian Burger'S,Rue Saint-Nicolas 552 4000 Liège LIEGE,04/07/2025,BE2375601066,,,,,,"Restauration à service restreint, à l'exclusion de restauration mobile",
https://www.infobel.com/fr/belgium/gusto/liege/BE100718890-042215222/businessdetails.aspx,2026-07-29,GUSTO à Liège,Rue des Clarisses 52 BP BIS 4000 Liège LIEGE,4000,Liège,,04 221 52 22,,http://www.gustopastabar.be/,BE0898901473,Ma: 12:00-14:30; Me: 12:00-14:30; Je: 12:00-14:30; Ve: 12:00-14:30; Sa: 12:00-14:30,https://www.infobel.com/fr/belgium/financial/vat/BE0898901473,Gusto,Rue des Clarisses 52 BP BIS 4000 Liège LIEGE,25/06/2008,BE0898901473,31/12/2024,Rosa Scozzaro,Administrateur,Rosa,Scozzaro,"Restauration à service restreint, à l'exclusion de restauration mobile","1 (2024) 2022 2023 2024 0 1 2 3 4 5 6 7 8 9 10 1 1 1 Marge Brute3 589 € (2024) 2022 2023 2024 -8,000 € -6,000 € -4,000 € -2,000 € 0 € 2,000 € 4,000 € 6,000 € -6,533 3,438 3,589"
https://www.infobel.com/fr/belgium/creasol_eft/liege/BE100348956-042282264/businessdetails.aspx,2026-07-29,CREASOL EFT à Liège,Boulevard Saucy 12 4020 Liège LIEGE,4020,Liège,,04 228 22 64; 04 342 41 33,info@stepmetiers.be,https://stepmetiers.be/restaurants/lapasserelle/,BE2250685060,Lu: 11:30-13:30; Ma: 11:30-13:30; Me: 11:30-13:30; Je: 11:30-13:30; Ve: 11:30-13:30,https://www.infobel.com/fr/belgium/financial/vat/BE2250685060,Creasol EFT,Boulevard Saucy 12 4020 Liège LIEGE,06/01/2016,BE2250685060,,,,,,Formation professionnelle,
https://www.infobel.com/fr/belgium/friterie_des_grands_champs/liege/BE100130506-042529973/businessdetails.aspx,2026-07-29,Friterie des grands champs à Liège,,4000,Liège,,0476 57 09 08; 04 252 99 73,nath@polain.be,https://www.facebook.com/people/Friterie-des-grands-champs/100057478238673/,BE0474851919,Ma: 17:00-20:30; Me: 11:30-14:00; Je: 11:30-14:00; Ve: 11:30-14:00; Sa: 11:30-14:00,https://www.infobel.com/fr/belgium/financial/vat/BE0474851919,,,,,,,,,,,
https://www.infobel.com/fr/belgium/chez_yildiz/liege/BE100128575-042233333/businessdetails.aspx,2026-07-29,Chez Yildiz à Liège,Avenue Louise 231 1050 Bruxelles,4000,Liège,,04 223 33 33,,https://m.facebook.com/Chez-Yildiz-1619955358266302/?locale2=fr_FR,BE0453604761,,https://www.infobel.com/fr/belgium/financial/vat/BE0453604761,Infobel,Avenue Louise 231 1050 Bruxelles,02/11/1994,BE0453604761,31/12/2024,,,,,Activités de conseil en informatique et de gestion d’installations informatiques,"11 (2024) 2022 2023 2024 8 9 9 10 10 11 11 12 10 9 11 Marge Brute1 311 537 € (2024) 2022 2023 2024 0 € 500,000 € 1,000,000 € 1,500,000 € 2,000,000 € 2,500,000 € 3,000,000 € 1,488,892 2,756,988 1,311,537"
https://www.infobel.com/fr/belgium/ma_na_ka/liege/BE107064608/businessdetails.aspx,2026-07-29,Ma Na Ka à Liège,Rue Saint-Léonard 9 4000 Liège LIEGE,4000,Liège,,0472 97 41 09,,http://manakathaifood.be/,BE1015233177,Lu: 18:00-22:00; Ma: 18:00-22:00; Me: 18:00-22:00; Je: 18:00-22:00; Ve: 18:00-22:00; Sa: 18:00-22:00; Di: 18:00-21:30,https://www.infobel.com/fr/belgium/financial/vat/BE1015233177,François Marie,Rue Saint-Léonard 9 4000 Liège LIEGE,20/10/2024,BE1015233177,,Marie François,Administrateur,Marie,François,Restauration à service complet,
https://www.infobel.com/fr/belgium/cafe_du_tram/liege/BE107053122-043444606/businessdetails.aspx,2026-07-29,Café du Tram à Liège,Avenue Louise 231 1050 Bruxelles,4000,Liège,,0477 90 00 07; 04 344 46 06,,https://www.facebook.com/groups/520478698048696/?fref=ts,BE0453604761,,https://www.infobel.com/fr/belgium/financial/vat/BE0453604761,Infobel,Avenue Louise 231 1050 Bruxelles,02/11/1994,BE0453604761,31/12/2024,,,,,Activités de conseil en informatique et de gestion d’installations informatiques,"11 (2024) 2022 2023 2024 8 9 9 10 10 11 11 12 10 9 11 Marge Brute1 311 537 € (2024) 2022 2023 2024 0 € 500,000 € 1,000,000 € 1,500,000 € 2,000,000 € 2,500,000 € 3,000,000 € 1,488,892 2,756,988 1,311,537"
https://www.infobel.com/fr/belgium/non_lo_so/liege/BE106960074/businessdetails.aspx,2026-07-29,Non Lo So à Liège,Rue du Mouton Blanc 4 4000 Liège LIEGE,4000,Liège,,0470 90 74 80,,https://www.italygastronomia.be/,BE2361591197,Ma: 15:00-23:00; Me: 10:00-23:00; Je: 10:00-23:00; Ve: 10:00-23:00; Sa: 10:00-23:00,https://www.infobel.com/fr/belgium/financial/vat/BE2361591197,Non Lo So,Rue du Mouton Blanc 4 4000 Liège LIEGE,29/06/2024,BE2361591197,,,,,,"Commerce de détail de boissons, assortiment général",
https://www.infobel.com/fr/belgium/exki_liege_mediacite/liege/BE100583728-043441039/businessdetails.aspx,2026-07-29,EXKi Liège Médiacité à Liège,Avenue Louise 231 1050 Bruxelles,4020,Liège,,043441039,hello@exki.com,https://www.exki.com/restaurants,BE0453604761,,https://www.infobel.com/fr/belgium/financial/vat/BE0453604761,Infobel,Avenue Louise 231 1050 Bruxelles,02/11/1994,BE0453604761,31/12/2024,,,,,Activités de conseil en informatique et de gestion d’installations informatiques,"11 (2024) 2022 2023 2024 8 9 9 10 10 11 11 12 10 9 11 Marge Brute1 311 537 € (2024) 2022 2023 2024 0 € 500,000 € 1,000,000 € 1,500,000 € 2,000,000 € 2,500,000 € 3,000,000 € 1,488,892 2,756,988 1,311,537"
https://www.infobel.com/fr/belgium/le_tripick_brasserie/liege/BE107334083-042400012/businessdetails.aspx,2026-07-29,Le Tripick Brasserie à Liège - Rue des Guillemins 139,Rue des Guillemins 139 BP 9 4000 Liège LIEGE,4000,Liège,,04 240 00 12,info@brasserie-letripick.be,https://brasserie-letripick.be/fr/,BE0766913078,Lu: 11:00-23:30; Ma: 11:00-23:30; Me: 11:00-23:30; Je: 11:00-23:30; Ve: 11:00-00:00; Sa: 11:00-00:00,https://www.infobel.com/fr/belgium/financial/vat/BE0766913078,Brasserie Ardente,Rue des Guillemins 139 BP 9 4000 Liège LIEGE,20/04/2021,BE0766913078,31/12/2024,Emmanuel Mewissen; Nicolas Léonard,Administrateur,Emmanuel,Mewissen,Restauration à service complet,"14 (2024) 2022 2023 2024 0 2 4 6 8 10 12 14 16 18 17 11 14 Marge Brute-475 582 € (2024) 2022 2023 2024 -900,000 € -800,000 € -700,000 € -600,000 € -500,000 € -400,000 € -300,000 € -200,000 € -100,000 € 0 € -635,800 -833,552 -475,582"
https://www.infobel.com/fr/belgium/le_beffroi/liege/BE107315377-042293989/businessdetails.aspx,2026-07-29,Le Beffroi à Liège,Place du Batty 7 4000 Liège LIEGE,4000,Liège,,04 229 39 89,,http://cointe.org,BE0841227451,,https://www.infobel.com/fr/belgium/financial/vat/BE0841227451,Sacheli Stéphane,Place du Batty 7 4000 Liège LIEGE,01/01/2012,BE0841227451,,téphane Sacheli,Administrateur,téphane,Sacheli,Fabrication artisanale de pain et de pâtisserie fraîche,
https://www.infobel.com/fr/belgium/restaurant_les_waides/liege/BE107314516-042531835/businessdetails.aspx,2026-07-29,RESTAURANT LES WAIDES à Liège,Ruelle des Waides 80 4000 Liège LIEGE,4000,Liège,,0474 48 99 86; 04 253 18 35; 04 254 23 55,,http://paolodippolito.be/,BE0456156455,,https://www.infobel.com/fr/belgium/financial/vat/BE0456156455,Les Waides,Ruelle des Waides 80 4000 Liège LIEGE,03/10/1995,BE0456156455,31/12/2024,Paolo D'Ippolito; Paolo D'Ippolito; Sergio D'Ippolito,Administrateur,Paolo,D'Ippolito,"Restauration à service complet Marge Brute2 768 € (2024) 2022 2023 2024 0 € 2,000 € 4,000 € 6,000 € 8,000 € 10,000 € 12,000 € 14,000 € 16,000 € 18,000 € 20,000 € 10,499 18,448 2,768",
https://www.infobel.com/fr/belgium/bistro_chez_martin/liege/BE107328005/businessdetails.aspx,2026-07-29,Bistro Chez Martin à Liège,Avenue Louise 231 1050 Bruxelles,4000,Liège,,0491 15 88 94,daphneservais@gmail.com,https://www.chezmartin.be/,BE0453604761,Lu: 12:00-14:00; Ma: 12:00-14:00; Je: 12:00-14:00; Ve: 12:00-14:00; Sa: 12:00-14:00,https://www.infobel.com/fr/belgium/financial/vat/BE0453604761,Infobel,Avenue Louise 231 1050 Bruxelles,02/11/1994,BE0453604761,31/12/2024,,,,,Activités de conseil en informatique et de gestion d’installations informatiques,"11 (2024) 2022 2023 2024 8 9 9 10 10 11 11 12 10 9 11 Marge Brute1 311 537 € (2024) 2022 2023 2024 0 € 500,000 € 1,000,000 € 1,500,000 € 2,000,000 € 2,500,000 € 3,000,000 € 1,488,892 2,756,988 1,311,537"
https://www.infobel.com/fr/belgium/la_commanderie/liege/BE107301814-042663015/businessdetails.aspx,2026-07-29,La Commanderie à Liège - Rue de la Boucherie 9,Rue de la Boucherie 9 4000 Liège LIEGE,4000,Liège,,04 266 30 15,contact@la-commanderie.be,http://www.la-commanderie.be/,BE0606925238,Ma: 10:00-18:00; Me: 10:00-18:00; Je: 10:00-18:00; Ve: 10:00-18:00; Sa: 10:00-18:00; Di: 10:00-16:00,https://www.infobel.com/fr/belgium/financial/vat/BE0606925238,Starnet.Be,Rue de la Boucherie 9 4000 Liège LIEGE,01/03/2001,BE0606925238,,Max RENSONNET; Max RENSONNET,Administrateur,Max,RENSONNET,Commerce de détail d'accessoires du vêtement,
https://www.infobel.com/fr/belgium/najofa/liege/BE107274340-042502700/businessdetails.aspx,2026-07-29,Najofa à Liège - Rue des Célestines 8,Rue des Célestines 8 4000 Liège LIEGE,4000,Liège,,0477 50 55 87; 04 250 27 00,info@trendstop.be,https://trendstop.levif.be/fr/detail/823618783/najofa.aspx,BE0823618783,Lu: 09:00-17:30; Ma: 09:00-17:30; Me: 09:00-17:30; Je: 09:00-17:30; Ve: 09:00-17:30,https://www.infobel.com/fr/belgium/financial/vat/BE0823618783,Najofa,Rue des Célestines 8 4000 Liège LIEGE,23/02/2010,BE0823618783,30/06/2025,Fabrice Lucien Francis Splingard; Fabrice Lucien Francis Splingard,Administrateur,Fabrice,Lucien Francis Splingard,Cafés et bars,"2 (2025) 2023 2024 2025 0 1 2 3 4 5 6 7 8 9 10 3 3 2 Marge Brute22 636 € (2025) 2023 2024 2025 -1,200,000 € -1,000,000 € -800,000 € -600,000 € -400,000 € -200,000 € 0 € 200,000 € -25,349 -1,129,613 22,636"
https://www.infobel.com/fr/belgium/poivre_et_sel/liege/BE107236458-043412062/businessdetails.aspx,2026-07-29,Poivre et Sel à Liège - Place Georges Ista 1,Avenue Louise 231 1050 Bruxelles,4020,Liège,,04 341 20 62,alleur@poivreetsel.eu,http://www.poivreetsel.eu/,BE0453604761,Lu: 11:30-14:30; Ma: 11:30-14:30; Me: 11:30-14:30; Je: 11:30-14:30; Ve: 11:30-14:30,https://www.infobel.com/fr/belgium/financial/vat/BE0453604761,Infobel,Avenue Louise 231 1050 Bruxelles,02/11/1994,BE0453604761,31/12/2024,,,,,Activités de conseil en informatique et de gestion d’installations informatiques,"11 (2024) 2022 2023 2024 8 9 9 10 10 11 11 12 10 9 11 Marge Brute1 311 537 € (2024) 2022 2023 2024 0 € 500,000 € 1,000,000 € 1,500,000 € 2,000,000 € 2,500,000 € 3,000,000 € 1,488,892 2,756,988 1,311,537"
https://www.infobel.com/fr/belgium/belchicken/liege/BE107130900/businessdetails.aspx,2026-07-29,Belchicken à Liège,Avenue Louise 231 1050 Bruxelles,4020,Liège,,0472 04 40 63,us@belchicken.com,https://belchicken.com/,BE0453604761,Lu: 11:00-21:30; Ma: 11:00-21:30; Me: 11:00-21:30; Je: 11:00-21:30; Ve: 11:00-21:30; Sa: 11:00-21:30; Di: 11:00-21:30,https://www.infobel.com/fr/belgium/financial/vat/BE0453604761,Infobel,Avenue Louise 231 1050 Bruxelles,02/11/1994,BE0453604761,31/12/2024,,,,,Activités de conseil en informatique et de gestion d’installations informatiques,"11 (2024) 2022 2023 2024 8 9 9 10 10 11 11 12 10 9 11 Marge Brute1 311 537 € (2024) 2022 2023 2024 0 € 500,000 € 1,000,000 € 1,500,000 € 2,000,000 € 2,500,000 € 3,000,000 € 1,488,892 2,756,988 1,311,537"
https://www.infobel.com/fr/belgium/toma/liege/BE107127602-042952098/businessdetails.aspx,2026-07-29,¡Toma! à Liège,Avenue Louise 231 1050 Bruxelles,4000,Liège,,04 295 20 98,info@toma-restaurant.be,http://www.toma-restaurant.be/,BE0453604761,Ma: 12:00-23:00; Me: 12:00-23:00; Je: 12:00-23:00; Ve: 12:00-23:00; Sa: 19:00-23:00,https://www.infobel.com/fr/belgium/financial/vat/BE0453604761,Infobel,Avenue Louise 231 1050 Bruxelles,02/11/1994,BE0453604761,31/12/2024,,,,,Activités de conseil en informatique et de gestion d’installations informatiques,"11 (2024) 2022 2023 2024 8 9 9 10 10 11 11 12 10 9 11 Marge Brute1 311 537 € (2024) 2022 2023 2024 0 € 500,000 € 1,000,000 € 1,500,000 € 2,000,000 € 2,500,000 € 3,000,000 € 1,488,892 2,756,988 1,311,537"
https://www.infobel.com/fr/belgium/et_les_copains/liege/BE107123084/businessdetails.aspx,2026-07-29,Et les Copains à Liège,Avenue Louise 231 1050 Bruxelles,4000,Liège,,0455 11 15 35,,https://www.facebook.com/Et-les-Copains-108278964286781/,BE0453604761,Me: 10:00-18:00; Je: 10:00-18:00; Ve: 10:00-18:00,https://www.infobel.com/fr/belgium/financial/vat/BE0453604761,Infobel,Avenue Louise 231 1050 Bruxelles,02/11/1994,BE0453604761,31/12/2024,,,,,Activités de conseil en informatique et de gestion d’installations informatiques,"11 (2024) 2022 2023 2024 8 9 9 10 10 11 11 12 10 9 11 Marge Brute1 311 537 € (2024) 2022 2023 2024 0 € 500,000 € 1,000,000 € 1,500,000 € 2,000,000 € 2,500,000 € 3,000,000 € 1,488,892 2,756,988 1,311,537"
https://www.infobel.com/fr/belgium/la_liniere/liege/BE107128532-042288181/businessdetails.aspx,2026-07-29,LA LINIERE à Liège - Rue Saint-Léonard 180,Avenue Louise 231 1050 Bruxelles,4000,Liège,,04 228 81 81,info@laliniereliege.be,https://laliniereliege.be/,BE0453604761,Lu: 16:00-23:00; Ma: 16:00-23:00; Me: 16:00-23:00; Je: 16:00-23:00; Ve: 16:00-23:00; Sa: 16:00-23:00,https://www.infobel.com/fr/belgium/financial/vat/BE0453604761,Infobel,Avenue Louise 231 1050 Bruxelles,02/11/1994,BE0453604761,31/12/2024,,,,,Activités de conseil en informatique et de gestion d’installations informatiques,"11 (2024) 2022 2023 2024 8 9 9 10 10 11 11 12 10 9 11 Marge Brute1 311 537 € (2024) 2022 2023 2024 0 € 500,000 € 1,000,000 € 1,500,000 € 2,000,000 € 2,500,000 € 3,000,000 € 1,488,892 2,756,988 1,311,537"
https://www.infobel.com/fr/belgium/walio/liege/BE107109505-043531166/businessdetails.aspx,2026-07-29,Waliò à Liège,Avenue Louise 231 1050 Bruxelles,4000,Liège,,04 353 11 66,,https://www.walio.be/,BE0453604761,Lu: 12:00-14:00; Ma: 12:00-14:00; Me: 12:00-14:00; Je: 12:00-14:00; Ve: 12:00-14:00,https://www.infobel.com/fr/belgium/financial/vat/BE0453604761,Infobel,Avenue Louise 231 1050 Bruxelles,02/11/1994,BE0453604761,31/12/2024,,,,,Activités de conseil en informatique et de gestion d’installations informatiques,"11 (2024) 2022 2023 2024 8 9 9 10 10 11 11 12 10 9 11 Marge Brute1 311 537 € (2024) 2022 2023 2024 0 € 500,000 € 1,000,000 € 1,500,000 € 2,000,000 € 2,500,000 € 3,000,000 € 1,488,892 2,756,988 1,311,537"
https://www.infobel.com/fr/belgium/garden_cafe_bronckart/liege/BE107097005/businessdetails.aspx,2026-07-29,Garden Café?? Bronckart à Liège,Avenue Louise 231 1050 Bruxelles,4000,Liège,,0456 74 43 47,,https://www.instagram.com/gardencafe.bronckart/,BE0453604761,Lu: 11:30-14:00; Ma: 11:30-14:00; Ve: 11:30-14:00; Sa: 10:30-15:00; Di: 10:30-15:00,https://www.infobel.com/fr/belgium/financial/vat/BE0453604761,Infobel,Avenue Louise 231 1050 Bruxelles,02/11/1994,BE0453604761,31/12/2024,,,,,Activités de conseil en informatique et de gestion d’installations informatiques,"11 (2024) 2022 2023 2024 8 9 9 10 10 11 11 12 10 9 11 Marge Brute1 311 537 € (2024) 2022 2023 2024 0 € 500,000 € 1,000,000 € 1,500,000 € 2,000,000 € 2,500,000 € 3,000,000 € 1,488,892 2,756,988 1,311,537"
https://www.infobel.com/fr/belgium/cafe_montjoie/liege/BE107108330-042211220/businessdetails.aspx,2026-07-29,Café Montjoie à Liège,,4000,Liège,,04 221 12 20,cafemontjoie90@gmail.com,https://www.facebook.com/profile.php?id=100063583570460,BE0453604761,Lu: 12:00-18:00; Ma: 08:30-18:00; Me: 08:30-18:00; Je: 08:30-18:00; Ve: 08:30-20:00,https://www.infobel.com/fr/belgium/financial/vat/BE0453604761,,,,,,,,,,,
https://www.infobel.com/fr/belgium/amon_nos_hotes/liege/BE107105183-042259919/businessdetails.aspx,2026-07-29,Amon Nos Hôtes à Liège - Rue Saint-Laurent 172,Avenue Louise 231 1050 Bruxelles,4000,Liège,,04 225 99 19,arnaud.bihin@sans-logis.be,https://www.sans-logis.be/,BE0453604761,Lu: 16:30-21:00; Ma: 16:30-21:00; Me: 16:30-21:00; Je: 16:30-21:00; Ve: 16:30-21:00,https://www.infobel.com/fr/belgium/financial/vat/BE0453604761,Infobel,Avenue Louise 231 1050 Bruxelles,02/11/1994,BE0453604761,31/12/2024,,,,,Activités de conseil en informatique et de gestion d’installations informatiques,"11 (2024) 2022 2023 2024 8 9 9 10 10 11 11 12 10 9 11 Marge Brute1 311 537 € (2024) 2022 2023 2024 0 € 500,000 € 1,000,000 € 1,500,000 € 2,000,000 € 2,500,000 € 3,000,000 € 1,488,892 2,756,988 1,311,537"
https://www.infobel.com/fr/belgium/ibrahim_rana/liege/BE107091346-043396028/businessdetails.aspx,2026-07-29,IBRAHIM RANA à Liège,Rue Puits en Sock 41 4020 Liège LIEGE,4020,Liège,,04 339 60 28; 04 339 60 28,,https://libano-snack.business.site/,BE0688562319,Lu: 11:30-22:00; Ma: 11:30-22:00; Me: 11:30-22:00; Je: 11:30-22:00; Ve: 11:30-22:00; Sa: 11:30-22:00,https://www.infobel.com/fr/belgium/financial/vat/BE0688562319,Libano,Rue Puits en Sock 41 4020 Liège LIEGE,17/01/2018,BE0688562319,31/12/2024,Jihad Zreik; Rana Ibrahim,Administrateur,Jihad,Zreik,"Restauration à service restreint, à l'exclusion de restauration mobile","1 (2024) 2024 0 1 2 3 4 5 6 7 8 9 10 1 Marge Brute-2 753 € (2024) 2022 2023 2024 -3,000 € -2,500 € -2,000 € -1,500 € -1,000 € -500 € 0 € 500 € 1,000 € 1,500 € -711 929 -2,753"
https://www.infobel.com/fr/belgium/la_cigaliere/liege/BE107091620-042214292/businessdetails.aspx,2026-07-29,La Cigalière à Liège - Rue de la Régence 19,Rue Sur-la-Fontaine 55 BP 11 4000 Liège LIEGE,4000,Liège,,0498 74 26 33; 04 221 42 92,,https://search.infobelpro.com/belgium/fr/liege/liege,BE0664455740,Lu: 09:00-16:00; Ma: 09:00-16:00; Me: 09:00-16:00; Je: 09:00-16:00; Ve: 09:00-16:00; Sa: 09:00-16:00,https://www.infobel.com/fr/belgium/financial/vat/BE0664455740,La Cigalière,Rue Sur-la-Fontaine 55 BP 11 4000 Liège LIEGE,10/10/2016,BE0664455740,31/12/2023,Juan Gonzalez Fernandez,Administrateur,Juan,Gonzalez Fernandez,"Restauration à service restreint Marge Brute-32 738 € (2023) 2021 2022 2023 -40,000 € -30,000 € -20,000 € -10,000 € 0 € 10,000 € 20,000 € 30,000 € -755 23,185 -32,738",
https://www.infobel.com/fr/belgium/go_pizza/liege/BE107085320-043410200/businessdetails.aspx,2026-07-29,GO PIZZA à Liège,Avenue Louise 231 1050 Bruxelles,4020,Liège,,0484 29 29 98; 04 341 02 00,,https://search.infobelpro.com/belgium/fr/liege/liege,BE0453604761,Lu: 18:00-23:00; Me: 18:00-23:00; Je: 18:00-23:00; Ve: 18:00-23:00; Sa: 18:00-23:00; Di: 18:00-23:00,https://www.infobel.com/fr/belgium/financial/vat/BE0453604761,Infobel,Avenue Louise 231 1050 Bruxelles,02/11/1994,BE0453604761,31/12/2024,,,,,Activités de conseil en informatique et de gestion d’installations informatiques,"11 (2024) 2022 2023 2024 8 9 9 10 10 11 11 12 10 9 11 Marge Brute1 311 537 € (2024) 2022 2023 2024 0 € 500,000 € 1,000,000 € 1,500,000 € 2,000,000 € 2,500,000 € 3,000,000 € 1,488,892 2,756,988 1,311,537"
https://www.infobel.com/fr/belgium/le_paparazzi/liege/BE107048492/businessdetails.aspx,2026-07-29,Le Paparazzi à Liège,Rue Saint-Hubert 51 4000 Liège LIEGE,4000,Liège,,0489 24 99 89,,https://linktr.ee/Paparazzi_Stmartin,BE1033340109,Lu: 11:30-14:30; Ma: 11:30-23:00; Je: 11:30-14:30; Ve: 11:30-14:30; Sa: 17:30-23:00; Di: 17:30-23:00,https://www.infobel.com/fr/belgium/financial/vat/BE1033340109,Le Paparazzi,Rue Saint-Hubert 51 4000 Liège LIEGE,22/01/2026,BE1033340109,,Anoire Benahmed; Mohamed Faiz; Anoire Benahmed,Administrateur,Anoire,Benahmed,"Restauration à service restreint, à l'exclusion de restauration mobile",
https://www.infobel.com/fr/belgium/vice_versa/liege/BE107042673/businessdetails.aspx,2026-07-29,Vice Versa à Liège,Place Xavier Neujean 29 4000 Liège LIEGE,4000,Liège,,0470 65 34 26,,https://viceversa.reservation.barestho.com/,BE1023260522,Lu: 18:00-22:00; Ma: 11:00-22:00; Me: 11:00-22:00; Je: 11:00-22:00; Ve: 11:00-22:00; Sa: 12:00-22:00,https://www.infobel.com/fr/belgium/financial/vat/BE1023260522,Vvl,Place Xavier Neujean 29 4000 Liège LIEGE,13/05/2025,BE1023260522,,Jérémy Bosmans; Angéline De Smidt,Administrateur,Jérémy,Bosmans,"Restauration à service restreint, à l'exclusion de restauration mobile",
https://www.infobel.com/fr/belgium/la_bouletterie_liegeoise/liege/BE106999069-043660482/businessdetails.aspx,2026-07-29,La Bouletterie Liégeoise à Liège,Place du Marché 39 4000 Liège LIEGE,4000,Liège,,0486 78 40 07; 04 366 04 82,eshop@carobels.com,https://linktr.ee/Labouletterie,BE1005008684,,https://www.infobel.com/fr/belgium/financial/vat/BE1005008684,La Bouletterie Liégeoise,Place du Marché 39 4000 Liège LIEGE,22/01/2024,BE1005008684,31/12/2024,Alexandre Leroy; Michaël Wiggers; Cesur Kaya,Administrateur,Alexandre,Leroy,Restauration à service complet,"1 (2024) 2024 0 1 2 3 4 5 6 7 8 9 10 1 Marge Brute15 856 € (2024) 2024 0 € 2,000 € 4,000 € 6,000 € 8,000 € 10,000 € 12,000 € 14,000 € 16,000 € 18,000 € 15,856"
https://www.infobel.com/fr/belgium/le_marrakech/liege/BE106968334/businessdetails.aspx,2026-07-29,Le Marrakech à Liège,Rue Fraischamps 140 4030 Liège LIEGE,4030,Liège,,0492 69 11 96,info@lemarrakech.be,http://www.lemarrakech.be/,BE1022492836,Je: 19:00-22:30; Ve: 19:00-22:30; Sa: 19:00-23:00; Di: 19:00-22:00,https://www.infobel.com/fr/belgium/financial/vat/BE1022492836,Le Marrakech,Rue Fraischamps 140 4030 Liège LIEGE,17/04/2025,BE1022492836,,Adil Boubkiri,Administrateur,Adil,Boubkiri,"Restauration à service restreint, à l'exclusion de restauration mobile",
https://www.infobel.com/fr/belgium/crunchy_liege/liege/BE106978866-042753880/businessdetails.aspx,2026-07-29,Crunchy Liège à Liège,Rue Saint-Gilles 167 4000 Liège LIEGE,4000,Liège,,04 275 38 80,,https://crunchyliege.be/,BE1024202313,,https://www.infobel.com/fr/belgium/financial/vat/BE1024202313,Crunchy Liège,Rue Saint-Gilles 167 4000 Liège LIEGE,11/06/2025,BE1024202313,,Mohamed El Mouki,Administrateur,Mohamed,El Mouki,"Restauration à service restreint, à l'exclusion de restauration mobile",
https://www.infobel.com/fr/belgium/dissocle/liege/BE106965925/businessdetails.aspx,2026-07-29,Dissocle à Liège,Boulevard de la Sauvenière 123 4000 Liège LIEGE,4000,Liège,,0474 42 18 34,,https://dissocle.space/,BE0800586035,Je: 16:00-00:00; Ve: 16:00-02:00; Sa: 16:00-02:00,https://www.infobel.com/fr/belgium/financial/vat/BE0800586035,DISSOCLE SPACE,Boulevard de la Sauvenière 123 4000 Liège LIEGE,07/04/2023,BE0800586035,31/12/2024,Frédéric Thibaut; Koki Gasitashvili; Olivier Lemaire,Administrateur,Frédéric,Thibaut,Cafés et bars,"5 (2024) 2023 2024 3 4 5 6 7 8 9 10 4 5 Marge Brute1 788 € (2024) 2023 2024 -7,000 € -6,000 € -5,000 € -4,000 € -3,000 € -2,000 € -1,000 € 0 € 1,000 € 2,000 € 3,000 € -6,461 1,788"
https://www.infobel.com/fr/belgium/le_qg_snack/liege/BE106947304/businessdetails.aspx,2026-07-29,LE QG SNACK à Liège,Chaussée des Prés 19 4020 Liège LIEGE,4020,Liège,,0493 84 44 71,nounene_rodrigue@yahoo.fr,https://www.leqgsnack.be/,BE0766702153,Ma: 13:00-01:00; Me: 13:00-01:00; Je: 13:00-01:00; Ve: 13:00-01:00; Sa: 13:00-01:00; Di: 13:00-01:00,https://www.infobel.com/fr/belgium/financial/vat/BE0766702153,LE QG SNACK,Chaussée des Prés 19 4020 Liège LIEGE,14/04/2021,BE0766702153,31/12/2024,Rodrigue Nounene,Administrateur,Rodrigue,Nounene,"Restauration à service restreint, à l'exclusion de restauration mobile Marge Brute16 813 € (2024) 2023 2024 -5,000 € 0 € 5,000 € 10,000 € 15,000 € 20,000 € -2,531 16,813",
https://www.infobel.com/fr/belgium/palermo/liege/BE106824260-042215848/businessdetails.aspx,2026-07-29,Palermo à Liège,Rue des Carmes 9 BP C 4000 Liège LIEGE,4000,Liège,,0473 30 83 68; 04 221 58 48,info@palermo-resto.be,https://palermo-resto.be/,BE2350493013,Ma: 12:00-14:30; Me: 12:00-14:30; Je: 12:00-14:30; Ve: 12:00-14:30; Sa: 12:00-14:30,https://www.infobel.com/fr/belgium/financial/vat/BE2350493013,Palermo,Rue des Carmes 9 BP C 4000 Liège LIEGE,01/10/2023,BE2350493013,,,,,,Commerce de gros de produits laitiers et d'oeufs,
https://www.infobel.com/fr/belgium/la_cuisine_de_max/liege/BE106813886/businessdetails.aspx,2026-07-29,La Cuisine de Max à Liège,Avenue Louise 231 1050 Bruxelles,0490,43 27 18,,0490 43 27 18,manger@lacuisinedemax.be,http://www.lacuisinedemax.be/,BE0453604761,,https://www.infobel.com/fr/belgium/financial/vat/BE0453604761,Infobel,Avenue Louise 231 1050 Bruxelles,02/11/1994,BE0453604761,31/12/2024,,,,,Activités de conseil en informatique et de gestion d’installations informatiques,"11 (2024) 2022 2023 2024 8 9 9 10 10 11 11 12 10 9 11 Marge Brute1 311 537 € (2024) 2022 2023 2024 0 € 500,000 € 1,000,000 € 1,500,000 € 2,000,000 € 2,500,000 € 3,000,000 € 1,488,892 2,756,988 1,311,537"
https://www.infobel.com/fr/belgium/delissif/liege/BE106805742/businessdetails.aspx,2026-07-29,Delissif à Liège,Rue des Glacis 21 4000 Liège LIEGE,4000,Liège,,0486 16 10 12,,https://www.instagram.com/delissif/,BE2347150768,Ma: 09:00-17:00; Me: 09:00-14:00; Je: 09:00-17:00; Ve: 09:00-17:00; Sa: 09:00-17:00; Di: 09:00-17:00,https://www.infobel.com/fr/belgium/financial/vat/BE2347150768,Délissif,Rue des Glacis 21 4000 Liège LIEGE,15/07/2023,BE2347150768,,,,,,"Restauration à service restreint, à l'exclusion de restauration mobile",
https://www.infobel.com/fr/belgium/le_bruit_court_toujours/liege/BE106760118-042321818/businessdetails.aspx,2026-07-29,Le bruit court toujours à Liège,Boulevard de la Sauvenière 142 4000 Liège LIEGE,1416,évaluations),,0495 50 52 58; 04 232 18 18,,https://le-bruit-court-toujours.vercel.app/,BE2352554658,Lu: 09:00-12:00; Ma: 09:00-12:00; Me: 09:00-12:00; Je: 09:00-12:00; Ve: 09:00-12:00; Sa: 09:00-12:00; Di: 09:00-12:00,https://www.infobel.com/fr/belgium/financial/vat/BE2352554658,Le Bruit Court Toujours,Boulevard de la Sauvenière 142 4000 Liège LIEGE,03/01/2024,BE2352554658,,,,,,Commerce de détail de vins et de spiritueux,
https://www.infobel.com/fr/belgium/le_gandhi/liege/BE106634567-043441828/businessdetails.aspx,2026-07-29,Le Gandhi à Liège - Rue Grétry 64,Rue Grétry 64 D 4020 Liège LIEGE,4020,Liège,,0496 31 93 99; 04 344 18 28,,http://www.restaurant-indien-gandhi-liege.com/,BE0459920154,Lu: 12:00-14:00; Me: 12:00-14:00; Je: 12:00-14:00; Ve: 12:00-14:00; Sa: 12:00-14:00; Di: 12:00-14:00,https://www.infobel.com/fr/belgium/financial/vat/BE0459920154,"Le Gandhi, Miah et Cie",Rue Grétry 64 D 4020 Liège LIEGE,21/01/1997,BE0459920154,,Yamina Zallali; Anne Beauchamps,Administrateur,Yamina,Zallali,Production de plats préparés à base de viande,
https://www.infobel.com/fr/belgium/chez_maria/liege/BE106574780-043783907/businessdetails.aspx,2026-07-29,Chez Maria à Liège,Rue Souverain Pont 32 4000 Liège LIEGE,4000,Liège,,04 378 39 07,,https://www.facebook.com/profile.php?id=100093137930114,BE0801583155,Lu: 12:00-14:00; Me: 12:00-14:00; Je: 12:00-14:00; Ve: 12:00-14:00; Sa: 12:00-14:00; Di: 18:00-21:30,https://www.infobel.com/fr/belgium/financial/vat/BE0801583155,Restaurant Grec Chez Maria,Rue Souverain Pont 32 4000 Liège LIEGE,01/06/2023,BE0801583155,,Majre ÇEla,Administrateur,Majre,ÇEla,Restauration à service complet,
https://www.infobel.com/fr/belgium/l_entre_deux/liege/BE106612368-043618619/businessdetails.aspx,2026-07-29,L'Entre Deux à Liège,Rue de Herve 461 4030 Liège LIEGE,4030,Liège,,0497 90 67 81; 04 361 86 19,,https://www.facebook.com/entred2ux/,BE0568935781,Ma: 11:30-15:00; Me: 11:30-15:00; Je: 11:30-15:00; Ve: 11:30-15:00; Sa: 11:30-15:00; Di: 11:30-15:00,https://www.infobel.com/fr/belgium/financial/vat/BE0568935781,DBCS,Rue de Herve 461 4030 Liège LIEGE,21/01/2015,BE0568935781,31/12/2024,ébastien Anthony Léon Delattre,Administrateur,ébastien,Anthony Léon Delattre,Cafés et bars,"5 (2024) 2022 2023 2024 0 1 2 3 4 5 6 7 8 9 10 3 5 5 Marge Brute44 221 € (2024) 2022 2023 2024 -10,000 € 0 € 10,000 € 20,000 € 30,000 € 40,000 € 50,000 € -5,510 2,599 44,221"
https://www.infobel.com/fr/belgium/l_olive/liege/BE106568978/businessdetails.aspx,2026-07-29,L'Olive à Liège,,4000,Liège,,0496 31 83 18,,http://www.lolive.be/,BE2324457520,Je: 18:30-00:00; Ve: 12:00-00:00; Sa: 18:30-00:00,https://www.infobel.com/fr/belgium/financial/vat/BE2324457520,,,,,,,,,,,
https://www.infobel.com/fr/belgium/le_brasilia/liege/BE106536620-042321005/businessdetails.aspx,2026-07-29,Le Brasilia à Liège,Rue Pont d'Avroy 44 4000 Liège LIEGE,1467,évaluations),,0493 46 52 04; 04 232 10 05,,https://m.facebook.com/lebrasilialiege/,BE1004218828,Lu: 00:00-00:00; Ma: 00:00-00:00; Me: 00:00-00:00; Je: 00:00-00:00; Ve: 00:00-00:00; Sa: 00:00-00:00; Di: 00:00-00:00,https://www.infobel.com/fr/belgium/financial/vat/BE1004218828,Le Brasilia,Rue Pont d'Avroy 44 4000 Liège LIEGE,04/01/2024,BE1004218828,31/12/2024,Olivier Hamainte; Mathieu Conrad; Kevin Marchal,Administrateur,Olivier,Hamainte,Restauration à service complet,"13 (2024) 2024 0 2 4 6 8 10 12 14 13 Marge Brute-31 263 € (2024) 2024 -35,000 € -30,000 € -25,000 € -20,000 € -15,000 € -10,000 € -5,000 € 0 € -31,263"
https://www.infobel.com/fr/belgium/yukinii/liege/BE106549048-042502652/businessdetails.aspx,2026-07-29,Yukinii à Liège,Avenue Louise 231 1050 Bruxelles,1343,évaluations),,0487 49 68 82; 04 250 26 52,,https://search.infobelpro.com/belgium/fr/liege/liege,BE0453604761,,https://www.infobel.com/fr/belgium/financial/vat/BE0453604761,Infobel,Avenue Louise 231 1050 Bruxelles,02/11/1994,BE0453604761,31/12/2024,,,,,Activités de conseil en informatique et de gestion d’installations informatiques,"11 (2024) 2022 2023 2024 8 9 9 10 10 11 11 12 10 9 11 Marge Brute1 311 537 € (2024) 2022 2023 2024 0 € 500,000 € 1,000,000 € 1,500,000 € 2,000,000 € 2,500,000 € 3,000,000 € 1,488,892 2,756,988 1,311,537"
https://www.infobel.com/fr/belgium/cafe_des_arts/liege/BE106477386-042231466/businessdetails.aspx,2026-07-29,Café Des Arts à Liège,Place du Vingt Août 18 4000 Liège LIEGE,4000,Liège,,0496 20 29 30; 04 223 14 66,,https://www.facebook.com/lecafedesarts/?fref=ts,BE0777655433,Lu: 09:30-18:30; Ma: 10:00-19:00; Me: 10:00-19:00; Je: 10:00-19:00; Ve: 10:00-20:00; Sa: 10:00-19:00; Di: 12:00-17:00,https://www.infobel.com/fr/belgium/financial/vat/BE0777655433,Café des Arts,Place du Vingt Août 18 4000 Liège LIEGE,24/11/2021,BE0777655433,31/12/2024,Paul Noël; Sita Ngoma,Administrateur,Paul,Noël,Cafés et bars,"6 (2024) 2022 2023 2024 0 1 2 3 4 5 6 7 8 9 10 1 4 6 Marge Brute-8 589 € (2024) 2022 2023 2024 -16,000 € -14,000 € -12,000 € -10,000 € -8,000 € -6,000 € -4,000 € -2,000 € 0 € -15,150 -3,356 -8,589"
https://www.infobel.com/fr/belgium/hollebeke/liege/BE106455183-042320300/businessdetails.aspx,2026-07-29,Hollebeke à Liège,Rue de la Goffe 2 4000 Liège LIEGE,4000,Liège,,04 232 03 00,,https://www.facebook.com/alteregoliege/,BE0694081520,Lu: 12:00-15:00; Ma: 12:00-15:00; Me: 12:00-15:00; Je: 12:00-15:00; Ve: 12:00-15:00; Sa: 12:00-15:00; Di: 12:00-15:00,https://www.infobel.com/fr/belgium/financial/vat/BE0694081520,ALTER EGO,Rue de la Goffe 2 4000 Liège LIEGE,01/01/2010,BE0694081520,,Daniel Hollebeke,Administrateur,Daniel,Hollebeke,Restauration à service complet,
https://www.infobel.com/fr/belgium/restaurant_vole_au_dessus_par_l_atelier_horeca_d_article_23/liege/BE106431474-042279215/businessdetails.aspx,2026-07-29,Restaurant Vole au Dessus par l'atelier Horeca d'Article 23 à Liège,Avenue Louise 231 1050 Bruxelles,4000,Liège,,04 227 92 15,,https://www.facebook.com/article.horeca,BE0453604761,Lu: 11:30-14:30; Ma: 11:30-14:30; Me: 11:30-14:30; Je: 11:30-14:30; Ve: 11:30-14:30,https://www.infobel.com/fr/belgium/financial/vat/BE0453604761,Infobel,Avenue Louise 231 1050 Bruxelles,02/11/1994,BE0453604761,31/12/2024,,,,,Activités de conseil en informatique et de gestion d’installations informatiques,"11 (2024) 2022 2023 2024 8 9 9 10 10 11 11 12 10 9 11 Marge Brute1 311 537 € (2024) 2022 2023 2024 0 € 500,000 € 1,000,000 € 1,500,000 € 2,000,000 € 2,500,000 € 3,000,000 € 1,488,892 2,756,988 1,311,537"
https://www.infobel.com/fr/belgium/sushi_time/liege/BE106509351-042505081/businessdetails.aspx,2026-07-29,Sushi Time à Liège - Rue Charles Magnette 10,Rue Charles Magnette 10 BP 11 4000 Liège LIEGE,4000,Liège,,04 250 50 81,,http://www.sushi-time.be,BE0502718534,Lu: 11:00-14:00; Ma: 11:00-14:00; Me: 11:00-14:00; Je: 11:00-14:00; Ve: 11:00-14:00; Sa: 11:00-14:00; Di: 11:00-14:00,https://www.infobel.com/fr/belgium/financial/vat/BE0502718534,SUSHI TIME,Rue Charles Magnette 10 BP 11 4000 Liège LIEGE,23/01/2013,BE0502718534,31/12/2023,Bihua Zhang,Administrateur,Bihua,Zhang,"Restauration à service complet Marge Brute-15 816 € (2023) 2021 2022 2023 -18,000 € -16,000 € -14,000 € -12,000 € -10,000 € -8,000 € -6,000 € -4,000 € -2,000 € 0 € -2,407 -9,034 -15,816",
https://www.infobel.com/fr/belgium/glacier_giu/liege/BE106355943/businessdetails.aspx,2026-07-29,Glacier Giu à Liège,Rue Vaudrée 269 4031 Liège LIEGE,4031,Liège,,0491 17 56 20,info@glaciergiu.be,http://www.glaciergiu.be/,BE2372692551,Ma: 15:00-20:00; Me: 14:00-20:00; Je: 15:00-20:00; Ve: 15:00-20:00; Sa: 14:00-20:00; Di: 14:00-20:00,https://www.infobel.com/fr/belgium/financial/vat/BE2372692551,Glacier Giu,Rue Vaudrée 269 4031 Liège LIEGE,16/04/2025,BE2372692551,,,,,,Commerce de détail de fruits et légumes,
https://www.infobel.com/fr/belgium/il_valentino/liege/BE106282938-042236826/businessdetails.aspx,2026-07-29,il valentino à Liège,Rue d'Amay 8 4000 Liège LIEGE,4000,Liège,,0485 72 66 58; 04 223 68 26,ilvalentino.liege@gmail.com,http://ilvalentino.eatbu.com/,BE2316397117,Me: 17:30-22:30; Je: 17:30-22:30; Ve: 11:30-14:30; Sa: 11:30-14:30; Di: 17:30-22:30,https://www.infobel.com/fr/belgium/financial/vat/BE2316397117,IL Valentino,Rue d'Amay 8 4000 Liège LIEGE,29/04/2021,BE2316397117,,,,,,Restauration à service complet,
https://www.infobel.com/fr/belgium/le_blonden/liege/BE106208101-042526161/businessdetails.aspx,2026-07-29,Le Blonden à Liège,Avenue Blonden 2 4000 Liège LIEGE,4000,Liège,,0498 84 58 45; 04 252 61 61,,https://facebook.com/leblonden,BE0538462044,Lu: 10:00-21:30; Ma: 10:00-21:30; Me: 10:00-21:30; Je: 10:00-21:30; Ve: 10:00-21:30; Sa: 10:00-21:30,https://www.infobel.com/fr/belgium/financial/vat/BE0538462044,Le Blonden,Avenue Blonden 2 4000 Liège LIEGE,29/08/2013,BE0538462044,30/09/2025,Barbara Vanhaelen Bido,Administrateur,Barbara,Vanhaelen Bido,Cafés et bars,"3 (2025) 2025 0 1 2 3 4 5 6 7 8 9 10 3 Marge Brute-26 230 € (2025) 2023 2024 2025 -30,000 € -25,000 € -20,000 € -15,000 € -10,000 € -5,000 € 0 € 5,000 € 10,000 € -46 4,762 -26,230"
https://www.infobel.com/fr/belgium/the_vermi_family/liege/BE106200359-042339654/businessdetails.aspx,2026-07-29,THE VERMI FAMILY à Liège,Avenue Louise 231 1050 Bruxelles,4000,Liège,,04 233 96 54,,https://www.facebook.com/l.ultimobacio15/,BE0453604761,,https://www.infobel.com/fr/belgium/financial/vat/BE0453604761,Infobel,Avenue Louise 231 1050 Bruxelles,02/11/1994,BE0453604761,31/12/2024,,,,,Activités de conseil en informatique et de gestion d’installations informatiques,"11 (2024) 2022 2023 2024 8 9 9 10 10 11 11 12 10 9 11 Marge Brute1 311 537 € (2024) 2022 2023 2024 0 € 500,000 € 1,000,000 € 1,500,000 € 2,000,000 € 2,500,000 € 3,000,000 € 1,488,892 2,756,988 1,311,537"
https://www.infobel.com/fr/belgium/la_pita_grill_commune/liege/BE106186807/businessdetails.aspx,2026-07-29,La Pita Grill Commune à Liège,Potiérue 12 4000 Liège LIEGE,4000,Liège,,0497 36 20 09,tdupont@example.fr,https://deliveroo.be/fr/menu/liege/saint-paul/pita-grill-commune,BE0865622357,Lu: 10:30-22:00; Ma: 10:30-22:00; Me: 10:30-22:00; Je: 10:30-22:00; Ve: 10:30-22:30; Sa: 10:30-22:30; Di: 10:30-22:00,https://www.infobel.com/fr/belgium/financial/vat/BE0865622357,La Pita Grill Commune,Potiérue 12 4000 Liège LIEGE,25/05/2004,BE0865622357,31/12/2024,Efkan Ilbay,Administrateur,Efkan,Ilbay,"Restauration à service complet Marge Brute14 216 € (2024) 2022 2023 2024 -15,000 € -10,000 € -5,000 € 0 € 5,000 € 10,000 € 15,000 € 20,000 € -2,946 -12,344 14,216",
https://www.infobel.com/fr/belgium/alla_grappa_pizza/liege/BE106217205-042221636/businessdetails.aspx,2026-07-29,Alla Grappa - Pizza à Liège,Avenue Louise 231 1050 Bruxelles,2575,évaluations),,0472 99 51 50; 04 222 16 36,info@oye-oye.net,https://allagrappa.be/,BE0453604761,Lu: 12:00-14:30; Ma: 12:00-14:30; Me: 12:00-14:30; Je: 12:00-14:30; Ve: 12:00-14:30; Sa: 12:00-14:30; Di: 12:00-22:30,https://www.infobel.com/fr/belgium/financial/vat/BE0453604761,Infobel,Avenue Louise 231 1050 Bruxelles,02/11/1994,BE0453604761,31/12/2024,,,,,Activités de conseil en informatique et de gestion d’installations informatiques,"11 (2024) 2022 2023 2024 8 9 9 10 10 11 11 12 10 9 11 Marge Brute1 311 537 € (2024) 2022 2023 2024 0 € 500,000 € 1,000,000 € 1,500,000 € 2,000,000 € 2,500,000 € 3,000,000 € 1,488,892 2,756,988 1,311,537"
https://www.infobel.com/fr/belgium/grano/liege/BE106197454-042242410/businessdetails.aspx,2026-07-29,Grano à Liège,Rue Ferdinand Hénaux 9 4000 Liège LIEGE,4000,Liège,,04 224 24 10,contact@pizzagrano.be,http://www.pizzagrano.be/index.html,BE2359421466,,https://www.infobel.com/fr/belgium/financial/vat/BE2359421466,Pizzeria Grano,Rue Ferdinand Hénaux 9 4000 Liège LIEGE,20/12/2023,BE2359421466,,,,,,"Restauration à service restreint, à l'exclusion de restauration mobile",
https://www.infobel.com/fr/belgium/pedicure_medical_intini/liege/BE106099333-042370375/businessdetails.aspx,2026-07-29,Pédicure médical intini à Liège,Rue Saint-Georges 9 4000 Liège LIEGE,4000,Liège,,04 237 03 75,ristoranteilbaro@gmail.com,http://m.facebook.com/pages/Il-Baro-Ristorante/1477987005791100,BE0843416582,,https://www.infobel.com/fr/belgium/financial/vat/BE0843416582,Intini Vanessa,Rue Saint-Georges 9 4000 Liège LIEGE,01/04/2012,BE0843416582,,Vanessa Vittoria Francesca Intini,Administrateur,Vanessa,Vittoria Francesca Intini,Activités dans le domaine de l’alimentation,
https://www.infobel.com/fr/belgium/om_nomnom_liege/liege/BE106071013-042332979/businessdetails.aspx,2026-07-29,OM-NOMNOM LIEGE à Liège,Rue de la Cathédrale 76 4000 Liège LIEGE,4000,Liège,,0474 96 08 08; 04 233 29 79,sittard@om-nomnom.com,https://www.om-nomnom.com/,BE0748494956,Me: 12:00-22:00; Je: 17:30-22:00; Ve: 17:30-22:00; Sa: 17:30-21:30; Di: 17:30-22:00,https://www.infobel.com/fr/belgium/financial/vat/BE0748494956,OM-NOMNOM LIEGE,Rue de la Cathédrale 76 4000 Liège LIEGE,11/06/2020,BE0748494956,31/12/2023,Thi Trieu; Tony Thai,Administrateur,Thi,Trieu,Restauration à service complet,"7 (2023) 2021 2022 2023 0 1 2 3 4 5 6 7 8 9 10 4 7 7 Marge Brute20 317 € (2023) 2021 2022 2023 0 € 5,000 € 10,000 € 15,000 € 20,000 € 25,000 € 30,000 € 35,000 € 40,000 € 20,550 35,455 20,317"
https://www.infobel.com/fr/belgium/peeters_renaud/liege/BE106100322/businessdetails.aspx,2026-07-29,Peeters Renaud à Liège,Rue du Puits 1 C 4000 Liège LIEGE,4000,Liège,,0484 16 12 66,,https://search.infobelpro.com/belgium/fr/liege/liege,BE0666852135,,https://www.infobel.com/fr/belgium/financial/vat/BE0666852135,Peeters Renaud,Rue du Puits 1 C 4000 Liège LIEGE,01/12/2016,BE0666852135,,Renaud Peeters,Administrateur,Renaud,Peeters,Restauration à service complet,
https://www.infobel.com/fr/belgium/chez_blanche/liege/BE105994546-042313159/businessdetails.aspx,2026-07-29,Chez Blanche à Liège - Pont d'Ile 19,Rue des Anglais 31 4051 Chaudfontaine LIEGE,4000,Liège,,04 231 31 59,info@chezblanche.net,https://www.chezblanche.net/,BE0716619568,Ma: 07:00-18:00; Me: 07:00-18:00; Je: 07:00-18:00; Ve: 07:00-18:00; Sa: 07:00-18:00; Di: 07:00-16:00,https://www.infobel.com/fr/belgium/financial/vat/BE0716619568,Chez Blanche,Rue des Anglais 31 4051 Chaudfontaine LIEGE,19/12/2018,BE0716619568,31/12/2024,David Hubert Georges Reynders; Yvette Josée Jeanne Dillen; David Hubert Georges Reynders,Administrateur,David,Hubert Georges Reynders,Fabrication artisanale de pain et de pâtisserie fraîche,"96 (2024) 2022 2023 2024 0 20 40 60 80 100 120 67 68 96 Marge Brute-539 659 € (2024) 2022 2023 2024 -600,000 € -500,000 € -400,000 € -300,000 € -200,000 € -100,000 € 0 € 100,000 € -30,322 30,609 -539,659"
https://www.infobel.com/fr/belgium/find_your_place/liege/BE105966826-042596925/businessdetails.aspx,2026-07-29,Find Your Place à Liège,Rue de Liège 96 4020 Liège LIEGE,4020,Liège,,04 259 69 25,info@findyourplace.be,http://www.findyourplace.be/,BE0690713046,,https://www.infobel.com/fr/belgium/financial/vat/BE0690713046,Find Your Place,Rue de Liège 96 4020 Liège LIEGE,19/02/2018,BE0690713046,31/12/2024,Ingrid Marie-José Françoise Hick,Administrateur,Ingrid,Marie-José Françoise Hick,"Infrastructure informatique, traitement de données, hébergement et activités connexes","0 (2024) 2022 2023 2024 0 1 2 3 4 5 6 7 8 9 10 1 1 0 Marge Brute54 251 € (2024) 2022 2023 2024 0 € 10,000 € 20,000 € 30,000 € 40,000 € 50,000 € 60,000 € 13,561 35,008 54,251"
https://www.infobel.com/fr/belgium/chez_mamy/liege/BE105888732-042664884/businessdetails.aspx,2026-07-29,Chez Mamy à Liège,,4000,Liège,,04 266 48 84,chezmamy@chezmamy.be,http://www.chezmamy.be/,BE0666916273,,https://www.infobel.com/fr/belgium/financial/vat/BE0666916273,,,,,,,,,,,
https://www.infobel.com/fr/belgium/haci_baba/liege/BE105729949/businessdetails.aspx,2026-07-29,HACI BABA à Liège,Place d'Elmer 1 4020 Liège LIEGE,4020,Liège,,0484 57 39 08,,https://qr.wwwcafe.de/2025/08/12/hacibaba/,BE0537417810,Lu: 11:30-22:00; Ma: 11:30-22:00; Me: 11:30-22:00; Je: 11:30-22:00; Ve: 11:30-22:00; Sa: 11:30-22:00; Di: 12:00-22:00,https://www.infobel.com/fr/belgium/financial/vat/BE0537417810,Aker Serkan,Place d'Elmer 1 4020 Liège LIEGE,09/08/2013,BE0537417810,,erkan Aker,Administrateur,erkan,Aker,"Restauration à service restreint, à l'exclusion de restauration mobile",
https://www.infobel.com/fr/belgium/microbrasserie_de_la_principaute/liege/BE105683255-042660692/businessdetails.aspx,2026-07-29,Microbrasserie de la Principaute à Liège,Impasse des Ursulines 14 /24 4000 Liège LIEGE,4000,Liège,,0499 43 28 03; 04 266 06 92,taproom@brasseriec.com,http://www.brasseriec.com,BE2207575389,Je: 12:00-00:00; Ve: 12:00-00:00; Sa: 12:00-00:00; Di: 10:30-20:00,https://www.infobel.com/fr/belgium/financial/vat/BE2207575389,Smash Immo,Impasse des Ursulines 14 /24 4000 Liège LIEGE,01/04/2012,BE2207575389,,,,,,"Location et exploitation de biens immobiliers non résidentiels propres ou loués, sauf terrains",
https://www.infobel.com/fr/belgium/chez_marie_jeanne/liege/BE105666539-042877822/businessdetails.aspx,2026-07-29,Chez Marie-Jeanne à Liège,Rue Bontemps 75 4000 Liège LIEGE,4000,Liège,,04 287 78 22,,https://search.infobelpro.com/belgium/fr/liege/liege,BE0691669980,Ma: 10:00-18:00; Me: 10:00-18:00; Je: 10:00-18:00; Ve: 10:00-18:00; Sa: 11:00-18:00,https://www.infobel.com/fr/belgium/financial/vat/BE0691669980,Chez Marie-Jeanne,Rue Bontemps 75 4000 Liège LIEGE,02/03/2018,BE0691669980,31/12/2024,Romy Di Donato; Sébastien Moray,Administrateur,Romy,Di Donato,"Commerce de détail non spécialisé dans lequel les produits alimentaires et le tabac prédominent Marge Brute510 € (2024) 2022 2023 2024 -9,000 € -8,000 € -7,000 € -6,000 € -5,000 € -4,000 € -3,000 € -2,000 € -1,000 € 0 € 1,000 € -8,061 -2,536 510",
https://www.infobel.com/fr/belgium/lazeez/liege/BE105666725-042232813/businessdetails.aspx,2026-07-29,Lazeez à Liège,Place du Marché 9 4000 Liège LIEGE,4000,Liège,,0493 44 23 86; 04 223 28 13,,http://www.levinsurvin.be,BE1003605352,,https://www.infobel.com/fr/belgium/financial/vat/BE1003605352,LAZEEZ,Place du Marché 9 4000 Liège LIEGE,19/12/2023,BE1003605352,31/12/2024,Wessam Albayyoomi; Mona Almasri; Ashwaq Albayyoomi,Administrateur,Wessam,Albayyoomi,"Restauration à service restreint, à l'exclusion de restauration mobile","0 (2024) 2024 0 1 2 3 4 5 6 7 8 9 10 0 Marge Brute15 989 € (2024) 2024 0 € 2,000 € 4,000 € 6,000 € 8,000 € 10,000 € 12,000 € 14,000 € 16,000 € 18,000 € 15,989"
https://www.infobel.com/fr/belgium/le_pain_d_antan/liege/BE105604552-043420048/businessdetails.aspx,2026-07-29,Le Pain d'Antan à Liège,Rue des Dominicains 6 4000 Liège LIEGE,4000,Liège,,04 342 00 48,,http://www.lepaindantan.be/,BE2282217483,Lu: 07:00-18:30; Ma: 07:00-18:30; Me: 07:00-18:30; Je: 07:00-18:30; Ve: 07:00-18:30; Sa: 07:00-18:30; Di: 07:00-17:00,https://www.infobel.com/fr/belgium/financial/vat/BE2282217483,Le Pain d'Antan,Rue des Dominicains 6 4000 Liège LIEGE,10/12/2018,BE2282217483,,,,,,"Fabrication de biscottes, de biscuits, de pains d'épices, etc.",
https://www.infobel.com/fr/belgium/balami_thai/liege/BE105546165-043444109/businessdetails.aspx,2026-07-29,Balami Thai à Liège,Rue Sohet 27 4000 Liège LIEGE,4000,Liège,,04 344 41 09,0@sentry.wixpress.com,https://balamithai.wixsite.com/monsite,BE0707875019,Lu: 18:00-21:30; Ma: 18:00-21:30; Me: 18:00-21:30; Je: 18:00-21:30; Ve: 18:00-22:00; Sa: 18:00-22:00,https://www.infobel.com/fr/belgium/financial/vat/BE0707875019,Mani Oudomxay,Rue Sohet 27 4000 Liège LIEGE,08/10/2018,BE0707875019,,Oudomxay Mani,Administrateur,Oudomxay,Mani,"Restauration à service restreint, à l'exclusion de restauration mobile",
https://www.infobel.com/fr/belgium/sush_e/liege/BE105510622-042780747/businessdetails.aspx,2026-07-29,SUSH-E à Liège - Rue Souverain Pont 30,Rue Souverain Pont 30 4000 Liège LIEGE,4000,Liège,,04 278 07 47,info@ramenbar.be,http://www.ramenbar.be,BE2261914888,Me: 12:00-14:00; Je: 12:00-14:00; Ve: 12:00-14:00; Sa: 12:00-14:00,https://www.infobel.com/fr/belgium/financial/vat/BE2261914888,Sush-E,Rue Souverain Pont 30 4000 Liège LIEGE,01/03/2017,BE2261914888,,,,,,Restauration à service complet,
https://www.infobel.com/fr/belgium/les_cuistots/liege/BE105509961/businessdetails.aspx,2026-07-29,Les Cuistots à Liège,Rue des Mineurs 4 4000 Liège LIEGE,4000,Liège,,0472 97 21 53,,https://m.facebook.com/Les-Cuistots-Bistrot-%C3%A0-mezzes-990853050987215/,BE2349794910,Lu: 11:00-18:00; Ma: 11:00-18:00; Je: 11:00-18:00; Ve: 11:00-21:00; Sa: 11:00-21:00; Di: 11:00-20:00,https://www.infobel.com/fr/belgium/financial/vat/BE2349794910,Les Cuistots,Rue des Mineurs 4 4000 Liège LIEGE,01/09/2023,BE2349794910,,,,,,"Restauration à service restreint, à l'exclusion de restauration mobile",
https://www.infobel.com/fr/belgium/hebes_cathy/liege/BE105280741-042340729/businessdetails.aspx,2026-07-29,HEBES CATHY à Liège,Rue Souverain Pont 32 4000 Liège LIEGE,4000,Liège,,0495 81 83 57; 04 234 07 29,,https://search.infobelpro.com/belgium/fr/liege/liege,BE2260607962,Ma: 09:00-20:00; Me: 09:00-20:00; Je: 09:00-20:00; Ve: 09:00-00:00; Sa: 15:30-00:00,https://www.infobel.com/fr/belgium/financial/vat/BE2260607962,Tchesté Liège,Rue Souverain Pont 32 4000 Liège LIEGE,01/04/2017,BE2260607962,,,,,,Restauration à service complet,
https://www.infobel.com/fr/belgium/green/liege/BE105363280-043587613/businessdetails.aspx,2026-07-29,GREEN à Liège,Rue du Pont 13 4000 Liège LIEGE,4000,Liège,,04 358 76 13,greenburger.coop@gmail.com,http://www.greenburger.be/,BE2260996556,,https://www.infobel.com/fr/belgium/financial/vat/BE2260996556,Green,Rue du Pont 13 4000 Liège LIEGE,01/04/2017,BE2260996556,,,,,,"Restauration à service restreint, à l'exclusion de restauration mobile",
https://www.infobel.com/fr/belgium/le_mechoui_chez_hamada/liege/BE105248171-042281860/businessdetails.aspx,2026-07-29,Le mechoui chez Hamada à Liège,Rue des Guillemins 21 4000 Liège LIEGE,4000,Liège,,0496 38 34 01; 04 228 18 60,,https://www.facebook.com/Les-m%C3%A9chouis-de-chez-Hamada-282701835704626/,BE0887757856,Lu: 11:00-22:30; Ma: 11:00-22:30; Je: 11:00-22:30; Ve: 11:00-22:30; Sa: 11:00-22:30; Di: 11:00-22:30,https://www.infobel.com/fr/belgium/financial/vat/BE0887757856,Mohamed Mohamed Bltagy Hamada,Rue des Guillemins 21 4000 Liège LIEGE,01/04/2007,BE0887757856,,Hamada Mohamed Mohamed Bltagy,Administrateur,Hamada,Mohamed Mohamed Bltagy,"Restauration à service restreint, à l'exclusion de restauration mobile",
https://www.infobel.com/fr/belgium/andre_veronique_anne/liege/BE105226849-042505042/businessdetails.aspx,2026-07-29,André Véronique Anne à Liège,Avenue Louise 231 1050 Bruxelles,4000,Liège,,0493 31 65 61; 04 250 50 42; 04 250 50 42,info@cafe.com,https://yellow.pages.wwwcafe.de/little-italy-pizzeria/,BE0453604761,Lu: 11:45-16:30; Ma: 11:45-16:30; Me: 11:45-16:30; Je: 11:45-16:30; Ve: 11:45-16:30; Sa: 11:45-16:30,https://www.infobel.com/fr/belgium/financial/vat/BE0453604761,Infobel,Avenue Louise 231 1050 Bruxelles,02/11/1994,BE0453604761,31/12/2024,,,,,Activités de conseil en informatique et de gestion d’installations informatiques,"11 (2024) 2022 2023 2024 8 9 9 10 10 11 11 12 10 9 11 Marge Brute1 311 537 € (2024) 2022 2023 2024 0 € 500,000 € 1,000,000 € 1,500,000 € 2,000,000 € 2,500,000 € 3,000,000 € 1,488,892 2,756,988 1,311,537"
https://www.infobel.com/fr/belgium/chaud_diffusion/liege/BE105215818-042321287/businessdetails.aspx,2026-07-29,Chaud Diffusion à Liège - Rue de la Casquette 7,Rue de la Casquette 7 /9 4000 Liège LIEGE,4000,Liège,,04 232 12 87,info@pointchaud.be,http://www.pointchaud.be,BE2239944289,Lu: 06:30-17:00; Ma: 06:30-17:00; Me: 06:30-17:00; Je: 06:30-17:00; Ve: 06:30-17:00; Sa: 06:30-17:00; Di: 06:30-16:30,https://www.infobel.com/fr/belgium/financial/vat/BE2239944289,Point Chaud,Rue de la Casquette 7 /9 4000 Liège LIEGE,19/03/2015,BE2239944289,,,,,,Production de plats préparés à base de viande,
https://www.infobel.com/fr/belgium/le_bistrot_d_en_face/liege/BE105116051-042231584/businessdetails.aspx,2026-07-29,Le Bistrot d’En Face à Liège,Avenue Louise 231 1050 Bruxelles,1043,évaluations),,04 223 15 84,info@lebistrotdenface.be,https://lebistrotdenface.be/,BE0453604761,Me: 12:00-13:30; Je: 12:00-13:30; Ve: 12:00-13:30; Sa: 19:00-21:30; Di: 12:00-13:30,https://www.infobel.com/fr/belgium/financial/vat/BE0453604761,Infobel,Avenue Louise 231 1050 Bruxelles,02/11/1994,BE0453604761,31/12/2024,,,,,Activités de conseil en informatique et de gestion d’installations informatiques,"11 (2024) 2022 2023 2024 8 9 9 10 10 11 11 12 10 9 11 Marge Brute1 311 537 € (2024) 2022 2023 2024 0 € 500,000 € 1,000,000 € 1,500,000 € 2,000,000 € 2,500,000 € 3,000,000 € 1,488,892 2,756,988 1,311,537"
https://www.infobel.com/fr/belgium/le_petit_carre/liege/BE105127654-042244209/businessdetails.aspx,2026-07-29,Le Petit Carré à Liège - Rue des Célestines 18,Rue des Célestines 18 4000 Liège LIEGE,4000,Liège,,0497 65 70 22; 04 224 42 09,,https://expireddomains.com/domain/lepetitcarre.be?utm_source=redi,BE2219588642,Me: 18:30-00:00; Je: 00:00-05:00; Ve: 00:00-06:00; Sa: 00:00-06:00; Di: 00:00-06:00,https://www.infobel.com/fr/belgium/financial/vat/BE2219588642,Le Petit Carré,Rue des Célestines 18 4000 Liège LIEGE,12/06/2013,BE2219588642,,,,,,"Vente au comptoir ou par téléphone, fax, internet d'aliments et de boissons à consommer sur place : friteries, échoppes de hot-dogs, etc.",
https://www.infobel.com/fr/belgium/wok_d_asie/liege/BE105069573-043426888/businessdetails.aspx,2026-07-29,Wok d'Asie à Liège,Bld Frankignoul 2 /4 4020 Liège LIEGE,1765,évaluations),,0485 43 95 22; 04 342 68 88,,http://www.wok-dasie.be/,BE0892773152,Lu: 12:00-14:30; Me: 12:00-14:30; Je: 12:00-14:30; Ve: 12:00-14:30; Sa: 12:00-14:30; Di: 12:00-15:00,https://www.infobel.com/fr/belgium/financial/vat/BE0892773152,Le Jardin d'Asie,Bld Frankignoul 2 /4 4020 Liège LIEGE,10/10/2007,BE0892773152,31/12/2024,huxiong Wu; Jing Wu; Yuan Chen,Administrateur,huxiong,Wu,Restauration à service complet,"5 (2024) 2023 2024 0 1 2 3 4 5 6 7 8 9 10 5 5 Marge Brute10 165 € (2024) 2022 2023 2024 0 € 20,000 € 40,000 € 60,000 € 80,000 € 100,000 € 120,000 € 39,324 110,079 10,165"
https://www.infobel.com/fr/belgium/le_labo_4/liege/BE105117595/businessdetails.aspx,2026-07-29,Le Labo 4 à Liège,Avenue Louise 231 1050 Bruxelles,4020,Liège,,0474 09 09 39,,http://lelabo4.be/,BE0453604761,,https://www.infobel.com/fr/belgium/financial/vat/BE0453604761,Infobel,Avenue Louise 231 1050 Bruxelles,02/11/1994,BE0453604761,31/12/2024,,,,,Activités de conseil en informatique et de gestion d’installations informatiques,"11 (2024) 2022 2023 2024 8 9 9 10 10 11 11 12 10 9 11 Marge Brute1 311 537 € (2024) 2022 2023 2024 0 € 500,000 € 1,000,000 € 1,500,000 € 2,000,000 € 2,500,000 € 3,000,000 € 1,488,892 2,756,988 1,311,537"
https://www.infobel.com/fr/belgium/picha/liege/BE105054067-042500616/businessdetails.aspx,2026-07-29,Picha à Liège,Rue Georges Clémenceau 15 BP A 4000 Liège LIEGE,4000,Liège,,04 250 06 16,,https://www.facebook.com/Sandwicherie-Picha-984932328326033/,BE0810817159,Lu: 09:00-17:45; Ma: 09:00-17:45; Me: 09:00-17:45; Je: 09:00-17:45; Ve: 09:00-17:45; Sa: 09:00-18:00,https://www.infobel.com/fr/belgium/financial/vat/BE0810817159,Agirman Luse,Rue Georges Clémenceau 15 BP A 4000 Liège LIEGE,01/04/2009,BE0810817159,,Mehmet Agirman; Luse Agirman,Administrateur,Mehmet,Agirman,"Restauration à service restreint, à l'exclusion de restauration mobile",
https://www.infobel.com/fr/belgium/point_chaud/liege/BE102132863-043441626/businessdetails.aspx,2026-07-29,Point Chaud à Liège - Boulevard Emile de Laveleye 96,,1018,évaluations),,04 344 16 26; 04 367 48 69,info@pointchaud.be,http://www.pointchaud.be,BE2315105235,Lu: 05:30-18:00; Ma: 05:30-18:00; Me: 05:30-18:00; Je: 05:30-18:00; Ve: 05:30-18:00; Sa: 06:00-18:00; Di: 06:00-18:00,https://www.infobel.com/fr/belgium/financial/vat/BE2315105235,,,,,,,,,,,
https://www.infobel.com/fr/belgium/sushi_time/liege/BE102310270-043712988/businessdetails.aspx,2026-07-29,Sushi Time à Liège,Rue des Clarisses 22 4000 Liège LIEGE,4000,Liège,,0473 80 24 18; 04 371 29 88,,http://www.sushi-time.be/,BE2217531054,Lu: 11:30-14:30; Me: 11:30-14:30; Je: 11:30-14:30; Ve: 11:30-14:30; Sa: 11:30-14:30; Di: 11:30-14:30,https://www.infobel.com/fr/belgium/financial/vat/BE2217531054,Sushi Time,Rue des Clarisses 22 4000 Liège LIEGE,01/04/2013,BE2217531054,,,,,,Activités de traiteur événementiel,
https://www.infobel.com/fr/belgium/darius_cafe/liege/BE101960633-043805877/businessdetails.aspx,2026-07-29,Darius Café à Liège,Rue Charles Magnette 1 C 4000 Liège LIEGE,1095,évaluations),,0493 66 49 85; 04 380 58 77,,http://www.facebook.com/852471188118393,BE0559979416,Lu: 07:30-18:00; Ma: 07:30-18:00; Me: 07:30-18:00; Je: 07:30-18:00; Ve: 07:30-18:00; Sa: 07:30-18:00; Di: 07:30-18:00,https://www.infobel.com/fr/belgium/financial/vat/BE0559979416,Darius Cafe,Rue Charles Magnette 1 C 4000 Liège LIEGE,22/08/2014,BE0559979416,31/12/2024,Elisabeth Fares,Administrateur,Elisabeth,Fares,Autres commerces de détail alimentaires n.c.a.,"13 (2024) 2023 2024 0 2 4 6 8 10 12 14 10 13 Marge Brute359 738 € (2024) 2022 2023 2024 0 € 50,000 € 100,000 € 150,000 € 200,000 € 250,000 € 300,000 € 350,000 € 400,000 € 123,812 204,009 359,738"
https://www.infobel.com/fr/belgium/van_eysden/liege/BE102016497-043371035/businessdetails.aspx,2026-07-29,VAN EYSDEN à Liège,Route du Condroz 541 4031 Liège LIEGE,4031,Liège,,04 337 10 35,info@rgcst.be,http://www.rgcst.be,BE0878732304,Ma: 12:00-14:00; Me: 12:00-14:00; Je: 12:00-14:00; Ve: 12:00-14:00; Sa: 12:00-14:00; Di: 12:00-14:00,https://www.infobel.com/fr/belgium/financial/vat/BE0878732304,Van Eysden Michaël,Route du Condroz 541 4031 Liège LIEGE,01/02/2006,BE0878732304,,Michaël Van Eysden,Administrateur,Michaël,Van Eysden,Restauration à service complet,
https://www.infobel.com/fr/belgium/le_paris_brest/liege/BE101945934-042234711/businessdetails.aspx,2026-07-29,Le Paris-Brest à Liège,Rue du Pont 16 4000 Liège LIEGE,4000,Liège,,0498 59 83 02; 04 223 47 11,dansmichelparisbrest@gmail.com,https://leparisbrest.eatbu.com/,BE0666909048,Me: 12:30-13:30; Je: 12:30-13:30; Ve: 12:30-13:30; Sa: 12:00-13:30; Di: 12:00-13:30,https://www.infobel.com/fr/belgium/financial/vat/BE0666909048,Paris-Brest,Rue du Pont 16 4000 Liège LIEGE,02/12/2016,BE0666909048,31/12/2024,Michel Jacques Jean Dans; Michel Jacques Jean Dans; Michel Jacques Jean Dans,Administrateur,Michel,Jacques Jean Dans,"Cafés et bars Marge Brute1 273 € (2024) 2022 2023 2024 -20,000 € -10,000 € 0 € 10,000 € 20,000 € 30,000 € 40,000 € 50,000 € 60,000 € -7,469 52,724 1,273",
https://www.infobel.com/fr/belgium/petite_brasserie/liege/BE101932540-026469040/businessdetails.aspx,2026-07-29,Petite Brasserie à Liège,Chaussée de Tongres 532 4000 Liège LIEGE,4000,Liège,,0493 36 17 20; 02 646 90 40,,http://www.resto.be/restaurant/liege/4000-rocourt/3802-la-petite-brasserie,BE0862666530,Lu: 12:00-16:00; Ma: 12:00-15:30; Me: 12:00-15:30; Je: 12:00-15:30; Ve: 12:00-15:30; Sa: 18:00-22:30,https://www.infobel.com/fr/belgium/financial/vat/BE0862666530,La Petite Brasserie,Chaussée de Tongres 532 4000 Liège LIEGE,14/01/2004,BE0862666530,31/12/2024,Caroline Grommen,Administrateur,Caroline,Grommen,"Restauration à service complet Marge Brute-3 745 € (2024) 2022 2023 2024 -4,500 € -4,000 € -3,500 € -3,000 € -2,500 € -2,000 € -1,500 € -1,000 € -500 € 0 € -3,386 -4,312 -3,745",
https://www.infobel.com/fr/belgium/grill_saint_paul/liege/BE100709973-042210202/businessdetails.aspx,2026-07-29,Grill Saint Paul à Liège,Rue Saint-Paul 39 4000 Liège LIEGE,4000,Liège,,04 221 02 02,grillstpaul@gmail.com,https://grillsaintpaulblog.wordpress.com/,BE0836797818,Lu: 11:30-14:00; Ma: 11:30-14:00; Me: 11:30-14:00; Je: 11:30-14:00; Ve: 11:30-14:00; Sa: 11:30-14:00; Di: 11:30-14:00,https://www.infobel.com/fr/belgium/financial/vat/BE0836797818,Grill Saint Paul,Rue Saint-Paul 39 4000 Liège LIEGE,01/06/2011,BE0836797818,31/12/2024,tefano Munisteri; Calogero Munisteri; Stefano Munisteri,Administrateur,tefano,Munisteri,Restauration à service complet,"6 (2023) 2022 2023 0 1 2 3 4 5 6 7 8 9 10 6 6 Marge Brute75 713 € (2024) 2022 2023 2024 -40,000 € -20,000 € 0 € 20,000 € 40,000 € 60,000 € 80,000 € 100,000 € 32,762 -29,614 75,713"
https://www.infobel.com/fr/belgium/poivre_et_sel/liege/BE100709965-042236550/businessdetails.aspx,2026-07-29,Poivre et Sel à Liège - Rue de l'Université 33,Rue de l'Université 33 4000 Luik LUIK,4000,Liège,,04 223 65 50,hello@poivreetsel.eu,https://www.poivreetsel.eu/menu/#menu-carte,BE2197709796,Lu: 11:00-14:30; Ma: 11:00-14:30; Me: 11:00-14:30; Je: 11:00-14:30; Ve: 11:00-14:30; Sa: 11:00-15:00,https://www.infobel.com/fr/belgium/financial/vat/BE2197709796,Poivre et Sel,Rue de l'Université 33 4000 Luik LUIK,01/06/2011,BE2197709796,,,,,,"Restauration à service restreint, à l'exclusion de restauration mobile",
https://www.infobel.com/fr/belgium/l_industrie/liege/BE100693238-043782213/businessdetails.aspx,2026-07-29,L’Industrie à Liège,Rue Saint-Gilles 6 4000 Liège LIEGE,1066,évaluations),,0492 36 76 13; 04 378 22 13,info@oye-oye.net,https://restaurant-industrie.be/,BE2330174679,Ma: 11:30-14:15; Me: 11:30-14:15; Je: 11:30-14:15; Ve: 11:30-14:15; Sa: 11:30-14:15; Di: 11:30-14:15,https://www.infobel.com/fr/belgium/financial/vat/BE2330174679,L'Industrie,Rue Saint-Gilles 6 4000 Liège LIEGE,19/04/2022,BE2330174679,,,,,,Restauration à service complet,
https://www.infobel.com/fr/belgium/au_cedre/liege/BE100693298-042698024/businessdetails.aspx,2026-07-29,Au Cèdre à Liège,Rue des Guillemins 100 4000 Liège LIEGE,4000,Liège,,0483 03 20 08; 04 269 80 24,,https://www.aucedreliege.be/,BE0828683866,Lu: 12:00-23:30; Ma: 12:00-23:30; Me: 12:00-23:30; Je: 12:00-23:30; Ve: 12:00-23:30; Sa: 12:00-23:30; Di: 12:00-23:30,https://www.infobel.com/fr/belgium/financial/vat/BE0828683866,Au Cèdre,Rue des Guillemins 100 4000 Liège LIEGE,01/08/2010,BE0828683866,,Ayman Rammal; Ayman Rammal; Ayman Rammal,Administrateur,Ayman,Rammal,"Restauration à service restreint, à l'exclusion de restauration mobile",
https://www.infobel.com/fr/belgium/zhou_aili/liege/BE100583628-043676436/businessdetails.aspx,2026-07-29,Zhou Aili à Liège,Chaussée de Tongres 610 BP A 4000 Liège LIEGE,4000,Liège,,04 367 64 36,,http://Www.delicesorient.be/,BE0657722752,,https://www.infobel.com/fr/belgium/financial/vat/BE0657722752,DELICE D'ORIENT,Chaussée de Tongres 610 BP A 4000 Liège LIEGE,01/03/2002,BE0657722752,,Aili Zhou,Administrateur,Aili,Zhou,"Restauration à service restreint, à l'exclusion de restauration mobile",
https://www.infobel.com/fr/belgium/enoteca/liege/BE100505655-042222464/businessdetails.aspx,2026-07-29,ENOTECA à Liège,Rue de la Casquette 5 4000 Liège LIEGE,1125,évaluations),,0496 96 47 59; 04 222 24 64; 04 222 24 64,hello@centralapp.com,http://www.enoteca.be/,BE0434922363,Ma: 12:00-14:00; Me: 12:00-14:00; Je: 12:00-14:00; Ve: 12:00-14:00; Sa: 19:00-21:30,https://www.infobel.com/fr/belgium/financial/vat/BE0434922363,François,Rue de la Casquette 5 4000 Liège LIEGE,07/07/1988,BE0434922363,31/12/2024,Thierry Bedeur; Etienne Fernand Edouard Senny; Jean-Philippe Frenoy,Administrateur,Thierry,Bedeur,Restauration à service complet,"6 (2024) 2022 2023 2024 4 5 6 7 8 9 10 5 5 6 Marge Brute123 487 € (2024) 2022 2023 2024 0 € 20,000 € 40,000 € 60,000 € 80,000 € 100,000 € 120,000 € 140,000 € 63,978 54,717 123,487"
https://www.infobel.com/fr/belgium/la_cave_des_vignerons/liege/BE100500320-042465661/businessdetails.aspx,2026-07-29,La Cave des Vignerons à Liège,Rue des Vennes 229 4020 Liège LIEGE,4020,Liège,,0486 24 76 01; 04 246 56 61; 04 246 56 61,,https://search.infobelpro.com/belgium/fr/liege/liege,BE0452257154,Ma: 10:00-18:30; Me: 10:00-18:30; Je: 10:00-18:30; Ve: 10:00-18:30; Sa: 10:00-18:30; Di: 10:00-13:00,https://www.infobel.com/fr/belgium/financial/vat/BE0452257154,La Fromagerie Des Vennes,Rue des Vennes 229 4020 Liège LIEGE,31/03/1994,BE0452257154,31/12/2024,Aurélie Masciarelli; Sébastien Luthers,Administrateur,Aurélie,Masciarelli,"Commerce de gros de boissons, assortiment général","9 (2024) 2022 2023 2024 0 1 2 3 4 5 6 7 8 9 10 6 3 9 Marge Brute85 061 € (2024) 2022 2023 2024 0 € 10,000 € 20,000 € 30,000 € 40,000 € 50,000 € 60,000 € 70,000 € 80,000 € 90,000 € 59,867 72,624 85,061"
https://www.infobel.com/fr/belgium/le_perron/liege/BE100427183-042232678/businessdetails.aspx,2026-07-29,Le Perron à Liège,Place du Marché 35 4000 Liège LIEGE,4000,Liège,,0483 06 45 09; 04 223 26 78,,http://www.facebook.com/BrasserieLePerron,BE2128687566,Lu: 09:00-18:30; Ma: 09:00-18:30; Me: 09:00-18:30; Je: 09:00-18:30; Ve: 09:00-18:30; Sa: 09:00-18:00,https://www.infobel.com/fr/belgium/financial/vat/BE2128687566,Le Perron,Place du Marché 35 4000 Liège LIEGE,03/04/1990,BE2128687566,,,,,,Cafés-restaurants (tavernes),
https://www.infobel.com/fr/belgium/la_mere_berthe/liege/BE100428013-043414932/businessdetails.aspx,2026-07-29,La Mère Berthe à Liège,Rue de Stavelot 5 4020 Liège LIEGE,4020,Liège,,0478 18 00 91; 04 341 49 32,,http://www.facebook.com/lamereberthe/,BE0754930313,Lu: 10:00-18:00; Ma: 10:00-18:00; Me: 10:00-18:00; Je: 10:00-18:00; Ve: 10:00-18:00,https://www.infobel.com/fr/belgium/financial/vat/BE0754930313,LA MERE BERTHE,Rue de Stavelot 5 4020 Liège LIEGE,25/09/2020,BE0754930313,31/12/2024,Geneviève Lahaye,Administrateur,Geneviève,Lahaye,Restauration à service complet,"1 (2024) 2022 2023 2024 0 1 2 3 4 5 6 7 8 9 10 3 3 1 Marge Brute-16 686 € (2024) 2022 2023 2024 -20,000 € -15,000 € -10,000 € -5,000 € 0 € 5,000 € 10,000 € 15,000 € 20,000 € 25,000 € -14,611 20,355 -16,686"
https://www.infobel.com/fr/belgium/la_mandarine/liege/BE100373384-042666727/businessdetails.aspx,2026-07-29,La Mandarine à Liège,Avenue Louise 231 1050 Bruxelles,4020,Liège,,04 266 67 27,info@oye-oye.net,https://mandarine-liege.be/,BE0453604761,Lu: 09:00-20:00; Ma: 09:00-20:00; Me: 09:00-20:00; Je: 09:00-20:00; Ve: 09:00-21:00; Sa: 09:00-21:00,https://www.infobel.com/fr/belgium/financial/vat/BE0453604761,Infobel,Avenue Louise 231 1050 Bruxelles,02/11/1994,BE0453604761,31/12/2024,,,,,Activités de conseil en informatique et de gestion d’installations informatiques,"11 (2024) 2022 2023 2024 8 9 9 10 10 11 11 12 10 9 11 Marge Brute1 311 537 € (2024) 2022 2023 2024 0 € 500,000 € 1,000,000 € 1,500,000 € 2,000,000 € 2,500,000 € 3,000,000 € 1,488,892 2,756,988 1,311,537"
https://www.infobel.com/fr/belgium/le_chandelier_restaurant_a_jupille/liege/BE100373374-043700598/businessdetails.aspx,2026-07-29,Le Chandelier restaurant à Jupille à Liège,Rue de Visé 154 4020 Liège LIEGE,4020,Liège,,0497 50 17 12; 04 370 05 98,,http://www.lechandelier.be/,BE1025649492,Je: 12:00-14:00; Ve: 12:00-14:00; Sa: 12:00-14:00; Di: 11:30-14:30,https://www.infobel.com/fr/belgium/financial/vat/BE1025649492,Chandelier,Rue de Visé 154 4020 Liège LIEGE,17/07/2025,BE1025649492,,Micheline Ghenne,Administrateur,Micheline,Ghenne,Restauration à service complet,
https://www.infobel.com/fr/belgium/belle_ile/liege/BE100304400-067211649/businessdetails.aspx,2026-07-29,Belle Ile à Liège,Quai des Vennes 1 BP magasin 60 4020 Liège LIEGE,4031,Liège,,067 21 16 49; 087 74 01 07,privacy@quick.be,https://www.quick.be/fr/restaurant/belle-ile,BE2324599654,,https://www.infobel.com/fr/belgium/financial/vat/BE2324599654,Cantata Belle Ile Magasin 60,Quai des Vennes 1 BP magasin 60 4020 Liège LIEGE,11/12/2021,BE2324599654,,,,,,"Commerce de gros de café, thé, cacao et épices",
https://www.infobel.com/fr/belgium/mea_cantagallo/liege/BE100328664-043650425/businessdetails.aspx,2026-07-29,MEA CANTAGALLO à Liège,Rue Félix Vandersnoeck 1 4000 Liège LIEGE,4000,Liège,,04 365 04 25,,http://www.facebook.com/IlRossoVino,BE0502467027,Ma: 12:00-14:00; Me: 12:00-14:00; Je: 12:00-21:00; Ve: 12:00-14:00; Sa: 18:00-21:00,https://www.infobel.com/fr/belgium/financial/vat/BE0502467027,Rossovino,Rue Félix Vandersnoeck 1 4000 Liège LIEGE,15/01/2013,BE0502467027,31/12/2024,Tiziana Coppola; Maurizio Cantagallo,Administrateur,Tiziana,Coppola,"Restauration à service restreint, à l'exclusion de restauration mobile","3 (2024) 2022 2023 2024 0 1 2 3 4 5 6 7 8 9 10 1 1 3 Marge Brute83 535 € (2024) 2022 2023 2024 0 € 10,000 € 20,000 € 30,000 € 40,000 € 50,000 € 60,000 € 70,000 € 80,000 € 90,000 € 54,796 56,430 83,535"
https://www.infobel.com/fr/belgium/la_saveur_d_asie/liege/BE100279094-043656588/businessdetails.aspx,2026-07-29,La Saveur d'Asie à Liège,,4031,Liège,,04 365 65 88,,http://www.resto.be/restaurant/liege/4031-angleur/159003-la-saveur-dasie/,BE0558739695,,https://www.infobel.com/fr/belgium/financial/vat/BE0558739695,,,,,,,,,,,
https://www.infobel.com/fr/belgium/chaud_diffusion/liege/BE100137604-043774464/businessdetails.aspx,2026-07-29,CHAUD DIFFUSION à Liège,Avenue de Jupille 16 4020 Luik LUIK,4020,Liège,,04 377 44 64; 04 377 40 75,info@pointchaud.be,http://www.pointchaud.be,BE2203184655,Lu: 05:30-17:30; Ma: 05:30-17:30; Me: 05:30-17:30; Je: 05:30-17:30; Ve: 05:30-17:30; Sa: 05:30-17:00; Di: 05:30-17:00,https://www.infobel.com/fr/belgium/financial/vat/BE2203184655,Chaud Diffusion,Avenue de Jupille 16 4020 Luik LUIK,27/10/2011,BE2203184655,,,,,,Commerce de détail de pain et de pâtisserie (dépôts),
https://www.infobel.com/fr/belgium/pizzeria_da_piero/liege/BE100131393-043444200/businessdetails.aspx,2026-07-29,Pizzeria da Piero à Liège,Rue Jean d'Outremeuse 55 4020 Liège LIEGE,4020,Liège,,04 344 42 00,,http://www.pizzeriadapiero.be/,BE2376022522,Lu: 12:00-14:00; Ma: 12:00-14:00; Je: 12:00-14:00; Ve: 12:00-14:00; Sa: 12:00-14:00; Di: 18:00-22:00,https://www.infobel.com/fr/belgium/financial/vat/BE2376022522,Pizzeria Da Piero,Rue Jean d'Outremeuse 55 4020 Liège LIEGE,03/07/2025,BE2376022522,,,,,,"Restauration à service restreint, à l'exclusion de restauration mobile",
https://www.infobel.com/fr/belgium/jardin_du_vietnam/liege/BE100128407-042533900/businessdetails.aspx,2026-07-29,JARDIN DU VIETNAM à Liège,Boulevard d'Avroy 252 4000 Liège LIEGE,4000,Liège,,0471 07 16 47; 04 253 39 00; 04 253 56 42,,https://lejardinduvietnam.wixsite.com/acceuil,BE0428881342,Lu: 12:00-14:00; Me: 12:00-14:00; Je: 12:00-14:00; Ve: 12:00-14:00; Sa: 12:00-14:00; Di: 12:00-14:00,https://www.infobel.com/fr/belgium/financial/vat/BE0428881342,Jardin du Vietnam,Boulevard d'Avroy 252 4000 Liège LIEGE,16/05/1986,BE0428881342,31/12/2024,Thi Tuoi Pham; Thi Pham Thi,Administrateur,Thi,Tuoi Pham,Restauration à service complet,"1 (2024) 2022 2023 2024 0 1 2 3 4 5 6 7 8 9 10 3 1 1 Marge Brute19 380 € (2024) 2022 2023 2024 0 € 10,000 € 20,000 € 30,000 € 40,000 € 50,000 € 60,000 € 9,845 50,434 19,380"
https://www.infobel.com/fr/belgium/l_amuse_bouche/liege/BE100128126-042222557/businessdetails.aspx,2026-07-29,L'Amuse Bouche à Liège,Avenue Louise 231 1050 Bruxelles,4000,Liège,,04 222 25 57,,http://newsites.resto.com/lamusebouche,BE0453604761,,https://www.infobel.com/fr/belgium/financial/vat/BE0453604761,Infobel,Avenue Louise 231 1050 Bruxelles,02/11/1994,BE0453604761,31/12/2024,,,,,Activités de conseil en informatique et de gestion d’installations informatiques,"11 (2024) 2022 2023 2024 8 9 9 10 10 11 11 12 10 9 11 Marge Brute1 311 537 € (2024) 2022 2023 2024 0 € 500,000 € 1,000,000 € 1,500,000 € 2,000,000 € 2,500,000 € 3,000,000 € 1,488,892 2,756,988 1,311,537"
https://www.infobel.com/fr/belgium/le_gandhi/liege/BE100131875-043441828/businessdetails.aspx,2026-07-29,Le Gandhi à Liège,Rue Grétry 110 4020 Liège LIEGE,4020,Liège,,0496 31 93 99; 04 344 18 28; 04 344 18 28,,http://www.restaurant-indien-gandhi-liege.com/,BE0473120369,Lu: 12:00-14:00; Me: 12:00-14:00; Je: 12:00-14:00; Ve: 12:00-14:00; Sa: 12:00-14:00; Di: 12:00-14:00,https://www.infobel.com/fr/belgium/financial/vat/BE0473120369,GBS Belgium,Rue Grétry 110 4020 Liège LIEGE,23/10/2000,BE0473120369,31/12/2024,Bikash Gupta; Bikash Chandra Gupta,Administrateur,Bikash,Gupta,"Restauration à service complet Marge Brute-7 585 € (2024) 2022 2023 2024 -16,000 € -14,000 € -12,000 € -10,000 € -8,000 € -6,000 € -4,000 € -2,000 € 0 € -13,540 -3,682 -7,585",
https://www.infobel.com/fr/belgium/desthin/liege/BE100132282-043823330/businessdetails.aspx,2026-07-29,Desthin à Liège,Rue Servais Malaise 15 4030 Liège LIEGE,2877,évaluations),,04 382 33 30; 04 365 33 90,info@trendstop.be,https://trendstop.levif.be/fr/detail/899866723/desthin.aspx,BE0899866723,Lu: 10:00-23:00; Ma: 10:00-23:00; Me: 10:00-23:00; Je: 10:00-23:00; Ve: 10:00-23:00; Sa: 10:00-23:00; Di: 10:00-23:00,https://www.infobel.com/fr/belgium/financial/vat/BE0899866723,La charnale,Rue Servais Malaise 15 4030 Liège LIEGE,19/08/2008,BE0899866723,31/12/2024,Michaël Vervaeke,Administrateur,Michaël,Vervaeke,Restauration à service complet,"26 (2024) 2022 2023 2024 20 21 22 23 24 25 26 27 22 23 26 Marge Brute228 667 € (2024) 2022 2023 2024 0 € 50,000 € 100,000 € 150,000 € 200,000 € 250,000 € 30,471 52,782 228,667"
https://www.infobel.com/fr/belgium/feng_ling/liege/BE100129076-042534175/businessdetails.aspx,2026-07-29,Feng Ling à Liège,Rue des Guillemins 60 4000 Liège,4000,Liège,,04 253 41 75; 04 254 05 09,,http://www.fengling.be/,BE0450983880,Ma: 12:00-14:30; Me: 12:00-14:30; Je: 12:00-14:30; Ve: 12:00-14:30; Sa: 12:00-14:30; Di: 12:00-14:30,https://www.infobel.com/fr/belgium/financial/vat/BE0450983880,FENG LING,Rue des Guillemins 60 4000 Liège,04/10/1993,BE0450983880,31/12/2025,Jianhai Chen; Dan Zhao,Administrateur,Jianhai,Chen,Restauration à service complet,"2 (2025) 2024 2025 0 1 2 3 4 5 6 7 8 9 10 2 2 Marge Brute71 390 € (2025) 2024 2025 68,000 € 68,500 € 69,000 € 69,500 € 70,000 € 70,500 € 71,000 € 71,500 € 72,000 € 69,167 71,390"
https://www.infobel.com/fr/belgium/la_sirena/liege/BE100129171-042528518/businessdetails.aspx,2026-07-29,La Sirena à Liège,Avenue de l'Observatoire 282 4000 Liège LIEGE,4000,Liège,,0477 84 11 30; 04 252 85 18,,https://m.facebook.com/lasirenapizzeriacucinaitaliana/,BE0752221637,Ma: 17:30-22:00; Me: 17:30-22:00; Je: 17:30-22:00; Ve: 17:30-22:00; Sa: 17:30-22:00; Di: 17:30-22:00,https://www.infobel.com/fr/belgium/financial/vat/BE0752221637,Doria Calogero,Avenue de l'Observatoire 282 4000 Liège LIEGE,01/04/1988,BE0752221637,,Doria Calogero; Calogero Doria,Administrateur,Doria,Calogero,Commerce de détail de fruits et légumes,
https://www.infobel.com/fr/belgium/au_concordia/liege/BE100129090-042522915/businessdetails.aspx,2026-07-29,Au Concordia à Liège,Rue des Guillemins 114 4000 Liège LIEGE,5088,évaluations),,04 252 29 15; 04 254 07 43,,https://au-concordia.be/,BE0421959205,Lu: 12:00-22:00; Ma: 12:00-22:00; Me: 12:00-22:00; Je: 12:00-22:00; Ve: 12:00-22:00; Sa: 12:00-22:00; Di: 12:00-22:00,https://www.infobel.com/fr/belgium/financial/vat/BE0421959205,Restaurant au Concordia,Rue des Guillemins 114 4000 Liège LIEGE,01/01/1981,BE0421959205,31/12/2024,Jean-Louis Somers; Jean-Louis Somers; Annabelle Tomaszewski,Administrateur,Jean-Louis,Somers,Restauration à service complet,"22 (2024) 2022 2023 2024 19 20 21 22 23 24 25 26 27 28 27 22 22 Marge Brute52 113 € (2024) 2022 2023 2024 -80,000 € -60,000 € -40,000 € -20,000 € 0 € 20,000 € 40,000 € 60,000 € -62,306 39,293 52,113"
https://www.infobel.com/fr/belgium/step_metiers/liege/BE100130022-042282264/businessdetails.aspx,2026-07-29,Step Métiers à Liège,Rue de Steppe 20 4000 Liège LIEGE,4000,Liège,,04 228 22 64; 04 227 58 34,sallesettraiteur@stepmetiers.be,https://stepmetiers.be/restaurants/le20/,BE0439365161,Lu: 11:30-13:45; Ma: 11:30-13:45; Me: 11:30-13:45; Je: 11:30-13:45; Ve: 11:30-13:45,https://www.infobel.com/fr/belgium/financial/vat/BE0439365161,Step Métiers,Rue de Steppe 20 4000 Liège LIEGE,21/11/1989,BE0439365161,31/12/2024,Delphine Stévens; Nancy Rahir; Delphine Stévens,Administrateur,Delphine,Stévens,Restauration à service complet,"42 (2024) 2022 2023 2024 40 41 41 41 41 41 42 42 42 42 42 41 42 Marge Brute41 891 € (2024) 2022 2023 2024 -80,000 € -60,000 € -40,000 € -20,000 € 0 € 20,000 € 40,000 € 60,000 € -39,733 -62,726 41,891"
https://www.infobel.com/fr/belgium/folies_gourmandes/liege/BE100128578-042231644/businessdetails.aspx,2026-07-29,Folies Gourmandes à Liège,Rue des Clarisses 48 4000 Liège LIEGE,4000,Liège,,04 223 16 44,,http://www.lesfoliesgourmandes.be/,BE0433444401,Ma: 12:00-13:30; Me: 12:00-13:30; Je: 12:00-13:30; Ve: 12:00-13:30; Sa: 12:00-13:30,https://www.infobel.com/fr/belgium/financial/vat/BE0433444401,Folies Gourmandes,Rue des Clarisses 48 4000 Liège LIEGE,17/02/1988,BE0433444401,31/12/2024,Philippe Burton,Administrateur,Philippe,Burton,Restauration à service complet,"3 (2022) 2022 0 1 2 3 4 5 6 7 8 9 10 3 Marge Brute312 810 € (2024) 2022 2023 2024 -40,000 € -35,000 € -30,000 € -25,000 € -20,000 € -15,000 € -10,000 € -5,000 € 0 € -6,892 -33,651 -33,651"
https://www.infobel.com/fr/belgium/chez_silvano/liege/BE100128547-042234060/businessdetails.aspx,2026-07-29,Chez Silvano à Liège,Bergerue 13 4000 Luik LUIK,4000,Liège,,04 223 40 60,,http://www.chez-silvano.be/,BE2199398685,Me: 12:00-14:30; Je: 12:00-14:30; Ve: 12:00-14:30; Sa: 12:00-14:30,https://www.infobel.com/fr/belgium/financial/vat/BE2199398685,SILVANN'O,Bergerue 13 4000 Luik LUIK,13/06/2011,BE2199398685,,,,,,Restauration à service complet,
https://www.infobel.com/fr/belgium/tete_de_boeuf/liege/BE100136014/businessdetails.aspx,2026-07-29,Tête de Boeuf à Liège,Rue Tête-de-Boeuf 2 A 4000 Liège LIEGE,4000,Liège,,0497 50 95 09; 04 223 55 09,,http://www.notger.be,BE0819961784,,https://www.infobel.com/fr/belgium/financial/vat/BE0819961784,Association des Copropriétaires de l'Immeuble à Liège Rue Tête de Boeuf 2/A et Rue du Pot,Rue Tête-de-Boeuf 2 A 4000 Liège LIEGE,01/08/1995,BE0819961784,,,,,,Administration de biens immobiliers résidentiels pour compte de tiers,
https://www.infobel.com/fr/belgium/le_boulevard/liege/BE100630207-043424042/businessdetails.aspx,2026-07-29,Le Boulevard à Liège,Rue Charles Steenebruggen 40 4020 Liège LIEGE,4020,Liège,,0493 41 16 32; 04 342 40 42,info@cafe.com,https://yellow.pages.wwwcafe.de/boulevard/,BE2142522142,Lu: 11:30-21:00; Ma: 11:30-21:00; Me: 11:30-21:00; Je: 11:30-21:00; Ve: 11:30-23:30,https://www.infobel.com/fr/belgium/financial/vat/BE2142522142,Le Boulevard,Rue Charles Steenebruggen 40 4020 Liège LIEGE,17/11/2004,BE2142522142,,,,,,Cafés-restaurants (tavernes),
https://www.infobel.com/fr/belgium/brasserie_liegeoise/liege/BE106614769-042332500/businessdetails.aspx,2026-07-29,Brasserie Liegeoise à Liège,Avenue Louise 231 1050 Bruxelles,4000,Liège,,042332500,info@oye-oye.net,https://brasserieliegeoise.be/,BE0453604761,,https://www.infobel.com/fr/belgium/financial/vat/BE0453604761,Infobel,Avenue Louise 231 1050 Bruxelles,02/11/1994,BE0453604761,31/12/2024,,,,,Activités de conseil en informatique et de gestion d’installations informatiques,"11 (2024) 2022 2023 2024 8 9 9 10 10 11 11 12 10 9 11 Marge Brute1 311 537 € (2024) 2022 2023 2024 0 € 500,000 € 1,000,000 € 1,500,000 € 2,000,000 € 2,500,000 € 3,000,000 € 1,488,892 2,756,988 1,311,537"
https://www.infobel.com/fr/belgium/la_strada/liege/BE105366021-032042221699/businessdetails.aspx,2026-07-29,La Strada à Liège,Avenue Louise 231 1050 Bruxelles,4000,Liège,,0483610001; 032042221699; 0483610001,,http://www.la-strada.be,BE0453604761,,https://www.infobel.com/fr/belgium/financial/vat/BE0453604761,Infobel,Avenue Louise 231 1050 Bruxelles,02/11/1994,BE0453604761,31/12/2024,,,,,Activités de conseil en informatique et de gestion d’installations informatiques,"11 (2024) 2022 2023 2024 8 9 9 10 10 11 11 12 10 9 11 Marge Brute1 311 537 € (2024) 2022 2023 2024 0 € 500,000 € 1,000,000 € 1,500,000 € 2,000,000 € 2,500,000 € 3,000,000 € 1,488,892 2,756,988 1,311,537"
https://www.infobel.com/fr/belgium/la_liniere/liege/BE106582722-042288181/businessdetails.aspx,2026-07-29,LA LINIÈRE à Liège,Avenue Louise 231 1050 Bruxelles,4000,Liège,,042288181,info@laliniereliege.be,https://laliniereliege.be/,BE0453604761,,https://www.infobel.com/fr/belgium/financial/vat/BE0453604761,Infobel,Avenue Louise 231 1050 Bruxelles,02/11/1994,BE0453604761,31/12/2024,,,,,Activités de conseil en informatique et de gestion d’installations informatiques,"11 (2024) 2022 2023 2024 8 9 9 10 10 11 11 12 10 9 11 Marge Brute1 311 537 € (2024) 2022 2023 2024 0 € 500,000 € 1,000,000 € 1,500,000 € 2,000,000 € 2,500,000 € 3,000,000 € 1,488,892 2,756,988 1,311,537"
https://www.infobel.com/fr/belgium/carre_d_as_bowling/liege/BE107282977-042535675/businessdetails.aspx,2026-07-29,Carré d'As Bowling à Liège - Rue Paradis 5456,Rue Paradis 54 56 4000 Liège LIEGE,5456,Modifier les infos,,0473 65 16 31; 04 253 56 75,,http://www.bowlingcarredas.be/,BE0431104028,Lu: 10:00-01:00; Ma: 10:00-01:00; Me: 10:00-01:00; Je: 10:00-01:00; Ve: 10:00-03:00; Sa: 10:00-03:00; Di: 11:00-01:00,https://www.infobel.com/fr/belgium/financial/vat/BE0431104028,Le Carre d'As,Rue Paradis 54 56 4000 Liège LIEGE,13/05/1987,BE0431104028,,Eliane Lampe,Administrateur,Eliane,Lampe,Cafés-restaurants (tavernes),
https://www.infobel.com/fr/belgium/squash_22/liege/BE107240816-042532555/businessdetails.aspx,2026-07-29,Squash 22 à Liège - Rue des Vingt-Deux 22,,4000,Liège,,04 253 25 55,annabelge@hotmail.com,http://www.squash22.be/,BE0453604761,Lu: 10:00-00:00; Ma: 10:00-00:00; Me: 10:00-00:00; Je: 10:00-00:00; Ve: 10:00-00:00; Sa: 09:00-20:00; Di: 09:00-20:00,https://www.infobel.com/fr/belgium/financial/vat/BE0453604761,,,,,,,,,,,
https://www.infobel.com/fr/belgium/salt_pepper/liege/BE107127686-043440832/businessdetails.aspx,2026-07-29,Salt & Pepper à Liège,Avenue Louise 231 1050 Bruxelles,4031,Liège,,04 344 08 32; 087 74 01 07,,https://www.instagram.com/salt_pepper_liege?igsh=bG03a3JtamVlMnZi,BE0453604761,,https://www.infobel.com/fr/belgium/financial/vat/BE0453604761,Infobel,Avenue Louise 231 1050 Bruxelles,02/11/1994,BE0453604761,31/12/2024,,,,,Activités de conseil en informatique et de gestion d’installations informatiques,"11 (2024) 2022 2023 2024 8 9 9 10 10 11 11 12 10 9 11 Marge Brute1 311 537 € (2024) 2022 2023 2024 0 € 500,000 € 1,000,000 € 1,500,000 € 2,000,000 € 2,500,000 € 3,000,000 € 1,488,892 2,756,988 1,311,537"
https://www.infobel.com/fr/belgium/polpe/liege/BE107122129/businessdetails.aspx,2026-07-29,Polpe à Liège,Avenue Louise 231 1050 Bruxelles,4000,Liège,,0472 50 20 14,,https://www.facebook.com/PolpeFoodWine,BE0453604761,Lu: 08:30-16:30; Ma: 08:30-16:30; Me: 08:30-16:30; Je: 08:30-16:30; Ve: 08:30-16:30,https://www.infobel.com/fr/belgium/financial/vat/BE0453604761,Infobel,Avenue Louise 231 1050 Bruxelles,02/11/1994,BE0453604761,31/12/2024,,,,,Activités de conseil en informatique et de gestion d’installations informatiques,"11 (2024) 2022 2023 2024 8 9 9 10 10 11 11 12 10 9 11 Marge Brute1 311 537 € (2024) 2022 2023 2024 0 € 500,000 € 1,000,000 € 1,500,000 € 2,000,000 € 2,500,000 € 3,000,000 € 1,488,892 2,756,988 1,311,537"
https://www.infobel.com/fr/belgium/tom_s_pizza_club/liege/BE107026502/businessdetails.aspx,2026-07-29,Tom's Pizza Club à Liège,Rue Soeurs de Hasque 16 4000 Liège LIEGE,4000,Liège,,0465 59 28 07,,https://www.tomspizzaclub.com/,BE2378523736,Ma: 12:00-18:00; Me: 12:00-18:00; Je: 12:00-18:00; Ve: 12:00-17:00; Sa: 20:00-01:00,https://www.infobel.com/fr/belgium/financial/vat/BE2378523736,Tom'S Pizza Club Par Thomas Dal Piva,Rue Soeurs de Hasque 16 4000 Liège LIEGE,01/10/2025,BE2378523736,,,,,,"Restauration à service restreint, à l'exclusion de restauration mobile",
https://www.infobel.com/fr/belgium/artisan_conseil_habitat/liege/BE106993659-043780555/businessdetails.aspx,2026-07-29,ARTISAN CONSEIL HABITAT à Liège,Clos Chanmurly 13 4000 Liège LIEGE,4000,Liège,,04 378 05 55,,https://artisanconseilhabitat.be/,BE2220131149,Lu: 09:00-18:00; Ma: 09:00-18:00; Me: 09:00-18:00; Je: 09:00-18:00; Ve: 09:00-18:00,https://www.infobel.com/fr/belgium/financial/vat/BE2220131149,A.C.H.,Clos Chanmurly 13 4000 Liège LIEGE,15/09/2013,BE2220131149,,,,,,Cafés et bars,
https://www.infobel.com/fr/belgium/viveur/liege/BE106958850/businessdetails.aspx,2026-07-29,Viveur à Liège,Rue Sébastien Laruelle 1 4000 Liège LIEGE,4000,Liège,,0471 84 16 83,,https://www.instagram.com/viveur.liege?igsh=MWg1Yzk4cnZnYWI5MQ==,BE2370516088,Me: 17:00-00:00; Je: 17:00-00:00; Ve: 17:00-00:00; Sa: 17:00-00:00,https://www.infobel.com/fr/belgium/financial/vat/BE2370516088,Viveur,Rue Sébastien Laruelle 1 4000 Liège LIEGE,24/02/2025,BE2370516088,,,,,,Cafés et bars,
https://www.infobel.com/fr/belgium/8grams_store/liege/BE106925501/businessdetails.aspx,2026-07-29,8GRAMS.STORE à Liège,Maastrichtersteenweg 10 3770 Riemst LIMBURG,4000,Liège,,0495 18 47 29,help@engotheme.com,https://8grams.store/,BE0799891989,Me: 08:30-16:30; Je: 08:30-16:30; Ve: 08:30-16:30; Sa: 09:00-12:30; Di: 09:00-14:00,https://www.infobel.com/fr/belgium/financial/vat/BE0799891989,8grams,Maastrichtersteenweg 10 3770 Riemst LIMBURG,24/03/2023,BE0799891989,31/12/2024,Giuseppe Greco; Giuseppe Greco; Antonella Felice,Administrateur,Giuseppe,Greco,"Autres commerces de détail alimentaires n.c.a. Marge Brute11 590 € (2024) 2024 0 € 2,000 € 4,000 € 6,000 € 8,000 € 10,000 € 12,000 € 14,000 € 11,590",
https://www.infobel.com/fr/belgium/la_place/liege/BE106017377-042210111/businessdetails.aspx,2026-07-29,La Place à Liège,Rue Docteur Rasquinet 9 4020 Luik LUIK,4020,Liège,,0473 38 13 74; 04 221 01 11,,https://search.infobelpro.com/belgium/fr/liege/liege,BE2156691763,,https://www.infobel.com/fr/belgium/financial/vat/BE2156691763,SNC La Place,Rue Docteur Rasquinet 9 4020 Luik LUIK,12/10/2006,BE2156691763,,,,,,Restauration à service complet,
https://www.infobel.com/fr/belgium/cosi_com_e/liege/BE105995065-042666510/businessdetails.aspx,2026-07-29,Cosi Com'e à Liège,Avenue Louise 231 1050 Bruxelles,4020,Liège,,0494 64 84 22; 04 266 65 10,,https://search.infobelpro.com/belgium/fr/liege/liege,BE0453604761,,https://www.infobel.com/fr/belgium/financial/vat/BE0453604761,Infobel,Avenue Louise 231 1050 Bruxelles,02/11/1994,BE0453604761,31/12/2024,,,,,Activités de conseil en informatique et de gestion d’installations informatiques,"11 (2024) 2022 2023 2024 8 9 9 10 10 11 11 12 10 9 11 Marge Brute1 311 537 € (2024) 2022 2023 2024 0 € 500,000 € 1,000,000 € 1,500,000 € 2,000,000 € 2,500,000 € 3,000,000 € 1,488,892 2,756,988 1,311,537"
https://www.infobel.com/fr/belgium/le_quartier_latin/liege/BE100128784-042232303/businessdetails.aspx,2026-07-29,Le Quartier Latin à Liège,Rue des Clarisses 60 BP 22 4000 Liège LIEGE,4000,Liège,,0475 66 06 97; 04 223 23 03,lequartierlatin@yahoo.com,http://www.lequartierlatin.be/,BE0864653446,Lu: 11:00-22:00; Ma: 11:00-22:00; Me: 11:00-22:00; Je: 11:00-22:00; Ve: 11:00-22:00; Sa: 11:00-22:00,https://www.infobel.com/fr/belgium/financial/vat/BE0864653446,Boran Adrian-Tony,Rue des Clarisses 60 BP 22 4000 Liège LIEGE,01/07/2004,BE0864653446,,Adrian-Tony Boran; ADRIAN BORAN,Administrateur,Adrian-Tony,Boran,Cafés et bars,
https://www.infobel.com/fr/belgium/pizza_hut/liege/BE100615815-042322000/businessdetails.aspx,2026-07-29,Pizza Hut à Liège,Borsbeeksebrug 34 PB 4 2600 Antwerpen ANTWERPEN,4000,Liège,,04 232 20 00,,https://restaurants.pizzahut.be/,BE0428600141,Lu: 11:30-21:00; Ma: 11:30-21:00; Me: 11:30-21:00; Je: 11:30-21:00; Ve: 11:30-22:00; Sa: 11:30-22:00; Di: 12:00-21:00,https://www.infobel.com/fr/belgium/financial/vat/BE0428600141,Pizza Belgium,Borsbeeksebrug 34 PB 4 2600 Antwerpen ANTWERPEN,28/02/1986,BE0428600141,30/11/2024,,,,,"Restauration à service restreint, à l'exclusion de restauration mobile","458 (2024) 2022 2023 2024 430 440 450 460 470 480 490 500 510 520 514 498 458 Marge Brute441 941 € (2024) 2022 2023 2024 0 € 200,000 € 400,000 € 600,000 € 800,000 € 1,000,000 € 1,200,000 € 1,400,000 € 1,600,000 € 900,830 1,530,026 441,941"
https://www.infobel.com/fr/belgium/tasty/liege/BE105980356-043822281/businessdetails.aspx,2026-07-29,Tasty à Liège,Boulevard de Patience et Beaujonc 2 4000 Liège LIEGE,4000,Liège,,04 382 22 81,,https://search.infobelpro.com/belgium/fr/liege/liege,BE2297654836,Lu: 08:00-19:00; Ma: 08:00-19:00; Me: 08:00-19:00; Je: 08:00-19:00; Ve: 08:00-19:00; Sa: 12:00-17:00; Di: 12:00-17:00,https://www.infobel.com/fr/belgium/financial/vat/BE2297654836,Tasty,Boulevard de Patience et Beaujonc 2 4000 Liège LIEGE,01/03/2020,BE2297654836,,,,,,"Vente au comptoir ou par téléphone, fax, internet d'aliments et de boissons : croissanteries, crêperies et gaufreries",
https://www.infobel.com/fr/belgium/le_temple/liege/BE100302025-043421141/businessdetails.aspx,2026-07-29,Le Temple à Liège,Avenue Louise 231 1050 Bruxelles,4020,Liège,,0475 51 77 65; 04 342 11 41,,https://search.infobelpro.com/belgium/fr/liege/liege,BE0453604761,,https://www.infobel.com/fr/belgium/financial/vat/BE0453604761,Infobel,Avenue Louise 231 1050 Bruxelles,02/11/1994,BE0453604761,31/12/2024,,,,,Activités de conseil en informatique et de gestion d’installations informatiques,"11 (2024) 2022 2023 2024 8 9 9 10 10 11 11 12 10 9 11 Marge Brute1 311 537 € (2024) 2022 2023 2024 0 € 500,000 € 1,000,000 € 1,500,000 € 2,000,000 € 2,500,000 € 3,000,000 € 1,488,892 2,756,988 1,311,537"
https://www.infobel.com/fr/belgium/konno/liege/BE107333953/businessdetails.aspx,2026-07-29,Konno à Liège,Avenue Louise 231 1050 Bruxelles,4000,Liège,,0455 18 17 95,example@example.com,https://www.konno.be/,BE0453604761,Lu: 08:00-15:00; Ma: 08:00-15:00; Me: 08:00-15:00; Je: 08:00-15:00; Ve: 08:00-15:00; Sa: 09:00-15:00,https://www.infobel.com/fr/belgium/financial/vat/BE0453604761,Infobel,Avenue Louise 231 1050 Bruxelles,02/11/1994,BE0453604761,31/12/2024,,,,,Activités de conseil en informatique et de gestion d’installations informatiques,"11 (2024) 2022 2023 2024 8 9 9 10 10 11 11 12 10 9 11 Marge Brute1 311 537 € (2024) 2022 2023 2024 0 € 500,000 € 1,000,000 € 1,500,000 € 2,000,000 € 2,500,000 € 3,000,000 € 1,488,892 2,756,988 1,311,537"
https://www.infobel.com/fr/belgium/pizza_da_mimmo_guillemins/liege/BE107322131/businessdetails.aspx,2026-07-29,Pizza da Mimmo Guillemins à Liège,Rue des Guillemins 8 4000 Liège LIEGE,4000,Liège,,0465 75 98 18,,https://www.pizzadamimmoguillemins.be/,BE2382587541,Lu: 11:30-14:30; Ma: 11:30-14:30; Me: 11:30-14:30; Je: 11:30-14:30; Ve: 11:30-14:30; Sa: 11:30-14:30; Di: 11:30-14:30,https://www.infobel.com/fr/belgium/financial/vat/BE2382587541,Pizza Da Mimmo Guillemins,Rue des Guillemins 8 4000 Liège LIEGE,01/01/2026,BE2382587541,,,,,,"Restauration à service restreint, à l'exclusion de restauration mobile",
https://www.infobel.com/fr/belgium/le_matin_liegeois/liege/BE107321803-042220322/businessdetails.aspx,2026-07-29,Le Matin Liégeois à Liège,Rue de Hamoir 34 4590 Ouffet LIEGE,4000,Liège,,04 222 03 22,,https://www.facebook.com/pages/Le-Matin-Liegeois/587510458008889,BE0466190611,Lu: 07:30-17:00; Ma: 07:30-17:00; Me: 07:30-17:00; Je: 07:30-17:00; Ve: 07:30-17:00; Sa: 08:00-17:00,https://www.infobel.com/fr/belgium/financial/vat/BE0466190611,Le Matin Liegeois,Rue de Hamoir 34 4590 Ouffet LIEGE,01/06/1999,BE0466190611,30/09/2025,Vinciane Danielle Marie de Francquen; Vinciane Danielle Marie de Francquen; Vinciane Danielle Marie de Francquen,Administrateur,Vinciane,Danielle Marie de Francquen,"Restauration à service restreint, à l'exclusion de restauration mobile","0 (2025) 2023 2024 2025 0 1 2 3 4 5 6 7 8 9 10 1 2 0 Marge Brute28 618 € (2025) 2023 2024 2025 -15,000 € -10,000 € -5,000 € 0 € 5,000 € 10,000 € 15,000 € 20,000 € 25,000 € 30,000 € 35,000 € -8,959 4,461 28,618"
https://www.infobel.com/fr/belgium/bar_a_burgers_bbr_friterie/liege/BE107322495-043754666/businessdetails.aspx,2026-07-29,Bar À Burgers Bbr Friterie à Liège,Rue de Herve 34 4020 Liège LIEGE,4020,Liège,,04 375 46 66,,https://www.facebook.com/share/15yd7EuQLV/?mibextid=wwXIfr,BE0849178877,Lu: 17:30-22:00; Me: 11:30-13:30; Je: 17:30-22:00; Ve: 11:30-13:00; Sa: 17:30-22:00; Di: 17:30-22:00,https://www.infobel.com/fr/belgium/financial/vat/BE0849178877,FFL,Rue de Herve 34 4020 Liège LIEGE,01/10/2012,BE0849178877,31/12/2024,teven Boulanger; Kevin Gilles Thierry Vanderwaeren,Administrateur,teven,Boulanger,"Restauration à service restreint, à l'exclusion de restauration mobile","0 (2024) 2022 2023 2024 0 1 2 3 4 5 6 7 8 9 10 0 0 0 Marge Brute-6 331 € (2024) 2022 2023 2024 -25,000 € -20,000 € -15,000 € -10,000 € -5,000 € 0 € 5,000 € 10,000 € 15,000 € -18,362 9,764 -6,331"
https://www.infobel.com/fr/belgium/pizzeria_da_savoia/liege/BE107253224-042529734/businessdetails.aspx,2026-07-29,Pizzeria Da Savoia à Liège - Rue Saint-Gilles 445,Rue Saint-Gilles 586 4000 Liège LIEGE,4000,Liège,,04 252 97 34,,http://www.dasavoia.be/,BE0550651281,Lu: 12:00-14:00; Ma: 12:00-14:00; Me: 12:00-14:00; Je: 12:00-14:00; Ve: 12:00-14:00,https://www.infobel.com/fr/belgium/financial/vat/BE0550651281,Savoia Daniel,Rue Saint-Gilles 586 4000 Liège LIEGE,15/04/2014,BE0550651281,,Daniel Savoia,Administrateur,Daniel,Savoia,"Restauration à service restreint, à l'exclusion de restauration mobile",
https://www.infobel.com/fr/belgium/oba_restaurant/liege/BE107250206-042357500/businessdetails.aspx,2026-07-29,Oba Restaurant à Liège - Rue Saint-Nicolas 447,Avenue Louise 231 1050 Bruxelles,4000,Liège,,04 235 75 00,,https://www.resto.be/restaurant/liege/4000-liege/166823-oba-restaurant-grillades/,BE0453604761,Ma: 09:00-22:00; Me: 09:00-22:00; Je: 09:00-22:00; Ve: 09:00-23:00; Sa: 09:00-23:00; Di: 09:00-22:00,https://www.infobel.com/fr/belgium/financial/vat/BE0453604761,Infobel,Avenue Louise 231 1050 Bruxelles,02/11/1994,BE0453604761,31/12/2024,,,,,Activités de conseil en informatique et de gestion d’installations informatiques,"11 (2024) 2022 2023 2024 8 9 9 10 10 11 11 12 10 9 11 Marge Brute1 311 537 € (2024) 2022 2023 2024 0 € 500,000 € 1,000,000 € 1,500,000 € 2,000,000 € 2,500,000 € 3,000,000 € 1,488,892 2,756,988 1,311,537"
https://www.infobel.com/fr/belgium/fu_yuan/liege/BE107211699-042660885/businessdetails.aspx,2026-07-29,Fu Yuan à Liège,,4000,Liège,,04 266 08 85,,https://www.fuyuan.be/,BE1018290657,Lu: 18:00-22:30; Ma: 18:00-22:30; Me: 18:00-22:30; Je: 18:00-22:30; Ve: 18:00-22:30; Sa: 12:00-15:00; Di: 12:00-15:00,https://www.infobel.com/fr/belgium/financial/vat/BE1018290657,,,,,,,,,,,
https://www.infobel.com/fr/belgium/caprice_gourmand/liege/BE107138633-042233007/businessdetails.aspx,2026-07-29,Caprice Gourmand à Liège,Avenue Louise 231 1050 Bruxelles,4000,Liège,,0477 33 51 96; 04 223 30 07,,https://www.facebook.com/Caprice.Gourmand.Liege/,BE0453604761,,https://www.infobel.com/fr/belgium/financial/vat/BE0453604761,Infobel,Avenue Louise 231 1050 Bruxelles,02/11/1994,BE0453604761,31/12/2024,,,,,Activités de conseil en informatique et de gestion d’installations informatiques,"11 (2024) 2022 2023 2024 8 9 9 10 10 11 11 12 10 9 11 Marge Brute1 311 537 € (2024) 2022 2023 2024 0 € 500,000 € 1,000,000 € 1,500,000 € 2,000,000 € 2,500,000 € 3,000,000 € 1,488,892 2,756,988 1,311,537"
https://www.infobel.com/fr/belgium/cous_cosy_umami/liege/BE107128917/businessdetails.aspx,2026-07-29,Cous-Cosy Umami à Liège,Rue Saint-Léonard 17 4000 Liège LIEGE,4000,Liège,,0491 24 81 89,,https://www.cous-cosy-sara.be/,BE0784854615,Lu: 17:30-23:00; Ma: 17:00-23:00; Je: 17:30-23:00; Ve: 17:00-23:00; Sa: 17:30-23:30; Di: 17:00-23:00,https://www.infobel.com/fr/belgium/financial/vat/BE0784854615,couss-cozy sara,Rue Saint-Léonard 17 4000 Liège LIEGE,01/05/2022,BE0784854615,,Rachid Kraimaa,Administrateur,Rachid,Kraimaa,"Restauration à service restreint, à l'exclusion de restauration mobile",
https://www.infobel.com/fr/belgium/arfa_noureddine/rocourt/BE107118180-042470422/businessdetails.aspx,2026-07-29,ARFA NOUREDDINE à Liège,Chaussée de Tongres 496 4000 Liège LIEGE,4000,Liège - Rocourt,,04 247 04 22; 04 247 04 22,,https://m.facebook.com/pg/SpigadoroLiege/menu/,BE0472096129,Lu: 12:00-14:00; Ma: 12:00-14:00; Je: 12:00-14:00; Ve: 12:00-14:00; Sa: 18:00-23:00; Di: 12:00-14:00,https://www.infobel.com/fr/belgium/financial/vat/BE0472096129,Spiga D'Oro,Chaussée de Tongres 496 4000 Liège LIEGE,07/06/2000,BE0472096129,31/12/2024,El Bachir El Akhssassi; El Bachir El Akhssassi el Bachir,Administrateur,El,Bachir El Akhssassi,"Location et exploitation de biens immobiliers non résidentiels propres ou loués, sauf terrains Marge Brute-2 781 € (2024) 2021 2022 2024 -6,000 € -5,000 € -4,000 € -3,000 € -2,000 € -1,000 € 0 € 1,000 € 2,000 € 3,000 € 2,117 -5,135 -2,781",
https://www.infobel.com/fr/belgium/l_atelier_des_croques/liege/BE107115676/businessdetails.aspx,2026-07-29,L'atelier des croques à Liège,Avenue Louise 231 1050 Bruxelles,4000,Liège,,0473 71 85 89,,https://www.facebook.com/5et5saladsbar/,BE0453604761,,https://www.infobel.com/fr/belgium/financial/vat/BE0453604761,Infobel,Avenue Louise 231 1050 Bruxelles,02/11/1994,BE0453604761,31/12/2024,,,,,Activités de conseil en informatique et de gestion d’installations informatiques,"11 (2024) 2022 2023 2024 8 9 9 10 10 11 11 12 10 9 11 Marge Brute1 311 537 € (2024) 2022 2023 2024 0 € 500,000 € 1,000,000 € 1,500,000 € 2,000,000 € 2,500,000 € 3,000,000 € 1,488,892 2,756,988 1,311,537"
https://www.infobel.com/fr/belgium/deniz/liege/BE107116655-042540045/businessdetails.aspx,2026-07-29,Deniz à Liège,Rue Puits en Sock 18 4020 Liège LIEGE,4020,Liège,,0498 82 24 02; 04 254 00 45,info@example.com,https://dailymaps.info/deniz-641836-be,BE0889930557,Lu: 11:00-02:30; Ma: 11:00-02:30; Me: 11:00-02:30; Je: 11:00-02:30; Ve: 11:00-05:00; Sa: 11:00-05:00; Di: 11:00-02:30,https://www.infobel.com/fr/belgium/financial/vat/BE0889930557,Ergün Özgür,Rue Puits en Sock 18 4020 Liège LIEGE,11/04/2007,BE0889930557,,Özgür Ergün,Administrateur,Özgür,Ergün,"Restauration à service restreint, à l'exclusion de restauration mobile",
https://www.infobel.com/fr/belgium/snackleyer/liege/BE107105391-042259565/businessdetails.aspx,2026-07-29,Snackleyer à Liège,Chaussée de Tongres 380 4450 Juprelle LIEGE,4000,Liège,,0495 60 03 58; 04 225 95 65,,https://www.facebook.com/groups/103137086389032,BE0838282314,Lu: 11:30-14:00; Ma: 11:30-14:00; Me: 11:30-14:00; Je: 11:30-14:00; Ve: 11:30-14:00; Sa: 11:30-14:00; Di: 11:30-14:00,https://www.infobel.com/fr/belgium/financial/vat/BE0838282314,SNACK KLEYER 2,Chaussée de Tongres 380 4450 Juprelle LIEGE,28/07/2011,BE0838282314,31/12/2024,Rafaël Di Cienzo,Administrateur,Rafaël,Di Cienzo,"Restauration à service restreint, à l'exclusion de restauration mobile","1 (2024) 2022 2023 2024 0 1 2 3 4 5 6 7 8 9 10 0 1 1 Marge Brute14 763 € (2024) 2022 2023 2024 -4,000 € -2,000 € 0 € 2,000 € 4,000 € 6,000 € 8,000 € 10,000 € 12,000 € 14,000 € 16,000 € -2,753 6,524 14,763"
https://www.infobel.com/fr/belgium/snack_royal/liege/BE107094417/businessdetails.aspx,2026-07-29,Snack Royal à Liège,Chaussée des Prés 46 4020 Liège LIEGE,4020,Liège,,0475 40 83 37,,https://www.facebook.com/www.liege.royal.be/,BE0875344925,Lu: 12:00-23:30; Ma: 12:00-23:30; Me: 00:00-00:00; Je: 12:00-23:30; Ve: 12:00-23:30; Sa: 12:00-23:30; Di: 12:00-23:30,https://www.infobel.com/fr/belgium/financial/vat/BE0875344925,Aouf Mohamedc/O Delhax JoÙlle,Chaussée des Prés 46 4020 Liège LIEGE,15/06/2005,BE0875344925,,Mohamed Aouf,Administrateur,Mohamed,Aouf,"Restauration à service restreint, à l'exclusion de restauration mobile",
https://www.infobel.com/fr/belgium/huggy_s_dogs/liege/BE107088081-043378143/businessdetails.aspx,2026-07-29,Huggy's Dogs à Liège,Avenue Louise 231 1050 Bruxelles,4000,Liège,,04 337 81 43,,https://expireddomains.com/domain/huggysdogs.com?utm_source=redi,BE0453604761,,https://www.infobel.com/fr/belgium/financial/vat/BE0453604761,Infobel,Avenue Louise 231 1050 Bruxelles,02/11/1994,BE0453604761,31/12/2024,,,,,Activités de conseil en informatique et de gestion d’installations informatiques,"11 (2024) 2022 2023 2024 8 9 9 10 10 11 11 12 10 9 11 Marge Brute1 311 537 € (2024) 2022 2023 2024 0 € 500,000 € 1,000,000 € 1,500,000 € 2,000,000 € 2,500,000 € 3,000,000 € 1,488,892 2,756,988 1,311,537"
https://www.infobel.com/fr/belgium/philipopolis/liege/BE107091312/businessdetails.aspx,2026-07-29,Philipopolis à Liège - Rue Grétry 26,Rue Grétry 26 4020 Liège LIEGE,4020,Liège,,0473 25 90 07,,https://www.facebook.com/profile.php?id=100093902870874,BE2376908586,,https://www.infobel.com/fr/belgium/financial/vat/BE2376908586,Tarwiqa,Rue Grétry 26 4020 Liège LIEGE,19/08/2025,BE2376908586,,,,,,"Restauration à service restreint, à l'exclusion de restauration mobile",
https://www.infobel.com/fr/belgium/la_bocca/liege/BE107089198-042236924/businessdetails.aspx,2026-07-29,LA BOCCA à Liège,Avenue Louise 231 1050 Bruxelles,4032,Liège,,04 223 69 24,info@labocca.be,https://www.labocca.be/,BE0453604761,Lu: 10:00-17:00; Ma: 10:00-17:00; Me: 10:00-17:00; Je: 10:00-19:00; Ve: 10:00-19:00,https://www.infobel.com/fr/belgium/financial/vat/BE0453604761,Infobel,Avenue Louise 231 1050 Bruxelles,02/11/1994,BE0453604761,31/12/2024,,,,,Activités de conseil en informatique et de gestion d’installations informatiques,"11 (2024) 2022 2023 2024 8 9 9 10 10 11 11 12 10 9 11 Marge Brute1 311 537 € (2024) 2022 2023 2024 0 € 500,000 € 1,000,000 € 1,500,000 € 2,000,000 € 2,500,000 € 3,000,000 € 1,488,892 2,756,988 1,311,537"
https://www.infobel.com/fr/belgium/pizzeria_la_casa/liege/BE107075480-043440248/businessdetails.aspx,2026-07-29,Pizzeria La Casa à Liège,Avenue Louise 231 1050 Bruxelles,4020,Liège,,04 344 02 48,,https://www.facebook.com/La-Casa-pizzeria-1841796132731583/,BE0453604761,Ma: 11:30-14:00; Me: 11:30-14:00; Je: 11:30-14:00; Ve: 11:30-14:00; Sa: 17:30-23:00; Di: 17:30-22:30,https://www.infobel.com/fr/belgium/financial/vat/BE0453604761,Infobel,Avenue Louise 231 1050 Bruxelles,02/11/1994,BE0453604761,31/12/2024,,,,,Activités de conseil en informatique et de gestion d’installations informatiques,"11 (2024) 2022 2023 2024 8 9 9 10 10 11 11 12 10 9 11 Marge Brute1 311 537 € (2024) 2022 2023 2024 0 € 500,000 € 1,000,000 € 1,500,000 € 2,000,000 € 2,500,000 € 3,000,000 € 1,488,892 2,756,988 1,311,537"
https://www.infobel.com/fr/belgium/friterie_colson/liege/BE107051505-042623255/businessdetails.aspx,2026-07-29,Friterie Colson à Liège - Rue Jean Hermesse 20,Rue Jean Hermesse 2 4020 Liège LIEGE,4020,Liège,,04 262 32 55,,https://www.facebook.com/FriterieColsonJupille/,BE0474666035,Ma: 11:30-14:00; Me: 11:30-14:00; Je: 11:30-14:00; Ve: 11:30-14:00; Sa: 11:30-14:00; Di: 11:30-14:00,https://www.infobel.com/fr/belgium/financial/vat/BE0474666035,Friterie Colson,Rue Jean Hermesse 2 4020 Liège LIEGE,10/04/2001,BE0474666035,31/12/2024,Dominique Dubois; Jean Colson; François Joseph Gabriel Suede,Administrateur,Dominique,Dubois,"Estimation et évaluation de biens immobiliers pour compte de tiers Marge Brute-12 147 € (2024) 2022 2023 2024 -15,000 € -10,000 € -5,000 € 0 € 5,000 € 10,000 € 15,000 € 9,554 -768 -12,147",
https://www.infobel.com/fr/belgium/baeri_s/liege/BE107046044/businessdetails.aspx,2026-07-29,Baeri's à Liège,Avenue Louise 231 1050 Bruxelles,4000,Liège,,0470 45 82 02,,https://www.facebook.com/Baeris-restaurant-107665250778257,BE0453604761,,https://www.infobel.com/fr/belgium/financial/vat/BE0453604761,Infobel,Avenue Louise 231 1050 Bruxelles,02/11/1994,BE0453604761,31/12/2024,,,,,Activités de conseil en informatique et de gestion d’installations informatiques,"11 (2024) 2022 2023 2024 8 9 9 10 10 11 11 12 10 9 11 Marge Brute1 311 537 € (2024) 2022 2023 2024 0 € 500,000 € 1,000,000 € 1,500,000 € 2,000,000 € 2,500,000 € 3,000,000 € 1,488,892 2,756,988 1,311,537"
https://www.infobel.com/fr/belgium/sahara/liege/BE107026494/businessdetails.aspx,2026-07-29,Sahara à Liège,Place Théodore Gobert 5 4020 Liège LIEGE,4020,Liège,,0466 20 93 32,,https://search.infobelpro.com/belgium/fr/liege/liege,BE2375806845,Ma: 13:00-22:00; Me: 13:00-22:00; Je: 13:00-22:00; Ve: 13:00-23:00; Sa: 13:00-23:00; Di: 13:00-23:00,https://www.infobel.com/fr/belgium/financial/vat/BE2375806845,Sahara,Place Théodore Gobert 5 4020 Liège LIEGE,11/07/2025,BE2375806845,,,,,,"Restauration à service restreint, à l'exclusion de restauration mobile",
https://www.infobel.com/fr/belgium/chamas_tacos_outremeuse/liege/BE107018270-042652861/businessdetails.aspx,2026-07-29,Chamas Tacos Outremeuse à Liège,Rue Gaston Grégoire 24 4020 Liège LIEGE,4020,Liège,,04 265 28 61,,https://www.facebook.com/tacosfrance/,BE0641723294,Lu: 11:30-23:00; Ma: 11:30-23:00; Me: 11:30-23:00; Je: 11:30-23:00; Ve: 11:30-00:00; Sa: 11:30-00:00; Di: 12:00-23:00,https://www.infobel.com/fr/belgium/financial/vat/BE0641723294,Les Puces De Marolles,Rue Gaston Grégoire 24 4020 Liège LIEGE,20/10/2015,BE0641723294,31/12/2024,Otmane Nouhi,Administrateur,Otmane,Nouhi,"Restauration à service restreint, à l'exclusion de restauration mobile","2 (2023) 2022 2023 0 1 2 3 4 5 6 7 8 9 10 2 2 Marge Brute-2 464 € (2024) 2022 2023 2024 -3,000 € -2,500 € -2,000 € -1,500 € -1,000 € -500 € 0 € 500 € 1,000 € 200 505 -2,464"
https://www.infobel.com/fr/belgium/sora_fe/liege/BE106977273/businessdetails.aspx,2026-07-29,Sora-fe à Liège,Rue des Guillemins 47 4000 Liège LIEGE,4000,Liège,,0492 75 37 53,info@sora-liege.be,https://sora-liege.be/,BE1017252856,Lu: 12:00-14:30; Ma: 12:00-14:30; Je: 12:00-14:00; Ve: 12:00-14:00; Sa: 12:00-14:00,https://www.infobel.com/fr/belgium/financial/vat/BE1017252856,Sora-fe,Rue des Guillemins 47 4000 Liège LIEGE,11/12/2024,BE1017252856,,Freddy Kambembo,Administrateur,Freddy,Kambembo,Restauration à service complet,
https://www.infobel.com/fr/belgium/chingoo/liege/BE106996982-042235988/businessdetails.aspx,2026-07-29,Chingoo à Liège,Rue Sur-la-Fontaine 116 4000 Liège LIEGE,4000,Liège,,04 223 59 88,chingoo.be@gmail.com,http://chingoo.squarespace.com/,BE2331293248,Lu: 11:45-21:15; Ma: 11:45-21:15; Me: 11:45-21:15; Je: 11:45-21:15; Ve: 11:45-21:15; Sa: 11:45-21:15; Di: 12:30-15:15,https://www.infobel.com/fr/belgium/financial/vat/BE2331293248,Chingoo,Rue Sur-la-Fontaine 116 4000 Liège LIEGE,11/05/2022,BE2331293248,,,,,,"Commerce de gros de viandes et de produits à base de viande, sauf viande de volaille et de gibier",
https://www.infobel.com/fr/belgium/ninja_ramen_leopold/liege/BE106963494/businessdetails.aspx,2026-07-29,Ninja Ramen Léopold à Liège,Rue Léopold 2 4000 Liège LIEGE,4000,Liège,,0470 13 86 66,ninjaramen.leopold@gmail.com,https://www.ninjaramen-leopold.be/,BE1007807729,Lu: 12:00-14:30; Me: 12:00-14:30; Je: 12:00-14:30; Ve: 12:00-14:30; Sa: 12:00-21:30; Di: 11:30-14:30,https://www.infobel.com/fr/belgium/financial/vat/BE1007807729,Ninja Ramen Leopold,Rue Léopold 2 4000 Liège LIEGE,29/03/2024,BE1007807729,31/12/2024,Weilong Chen,Administrateur,Weilong,Chen,Restauration à service complet,"2 (2024) 2024 0 1 2 3 4 5 6 7 8 9 10 2 Marge Brute-47 894 € (2024) 2024 -60,000 € -50,000 € -40,000 € -30,000 € -20,000 € -10,000 € 0 € -47,894"
https://www.infobel.com/fr/belgium/friterie_chez_dockier_2/liege/BE106853560-042332748/businessdetails.aspx,2026-07-29,Friterie Chez Dockier 2 à Liège,,4000,Liège,,0492 07 84 72; 04 233 27 48,,http://friteriechezdockier.be/,BE2337250038,,https://www.infobel.com/fr/belgium/financial/vat/BE2337250038,,,,,,,,,,,
https://www.infobel.com/fr/belgium/quick_pizza_outremeuse/liege/BE106826693-043444414/businessdetails.aspx,2026-07-29,Quick Pizza Outremeuse à Liège,Rue Jean d'Outremeuse 102 4020 Liège LIEGE,4020,Liège,,0498 75 88 46; 04 344 44 14,,https://search.infobelpro.com/belgium/fr/liege/liege,BE1002271405,Lu: 11:00-14:00; Ma: 11:00-14:00; Me: 17:00-00:00; Je: 11:00-14:00; Ve: 11:00-14:00; Sa: 17:00-00:00; Di: 00:00-12:00,https://www.infobel.com/fr/belgium/financial/vat/BE1002271405,Quick pizza outremeuse,Rue Jean d'Outremeuse 102 4020 Liège LIEGE,14/11/2023,BE1002271405,31/12/2024,Aya Lakhsadi; Reda Bousselham,Administrateur,Aya,Lakhsadi,"Restauration à service restreint, à l'exclusion de restauration mobile Marge Brute32 120 € (2024) 2024 0 € 5,000 € 10,000 € 15,000 € 20,000 € 25,000 € 30,000 € 35,000 € 32,120",
https://www.infobel.com/fr/belgium/napolificio/liege/BE106796381-042647181/businessdetails.aspx,2026-07-29,NAPOLIFICIO à Liège,Quai Orban 11 4020 Liège LIEGE,4020,Liège,,0489 12 08 20; 04 264 71 81,,https://www.facebook.com/share/1JxC8RdSJi/,BE2339877055,Ve: 18:30-22:00; Sa: 18:30-22:00,https://www.infobel.com/fr/belgium/financial/vat/BE2339877055,Napolificio,Quai Orban 11 4020 Liège LIEGE,01/03/2023,BE2339877055,,,,,,"Commerce de gros de boissons, assortiment général",
https://www.infobel.com/fr/belgium/la_friture/liege/BE106740737/businessdetails.aspx,2026-07-29,La Friture à Liège,Avenue Louise 231 1050 Bruxelles,4020,Liège,,0484 93 41 85,,https://l.instagram.com/?u=https%3A%2F%2Flinktr.ee%2Flafritureliege%3Ffbclid%3DPAAaZUwD5M10GM_omrhWkX_jdbUsTItJOvhYk8ltJQvcdfQ7MIgbwnvXhIjsc_aem_AToBSjbGxICRZ0aEp-B63pc6_amxAQRN7o0cBtdgHqHPEEZNDzOxwQ8CyDYS47IiWv8&e=AT1Jls9OEDHm-JkJr8o6ocnzOPbXRw1rnRkQNqLzVrmni0dQlo4BhT_p33JSsIFK-Lji6N39yiSB2XfejT5sfzJce5xEm03zPRrgavU,BE0453604761,,https://www.infobel.com/fr/belgium/financial/vat/BE0453604761,Infobel,Avenue Louise 231 1050 Bruxelles,02/11/1994,BE0453604761,31/12/2024,,,,,Activités de conseil en informatique et de gestion d’installations informatiques,"11 (2024) 2022 2023 2024 8 9 9 10 10 11 11 12 10 9 11 Marge Brute1 311 537 € (2024) 2022 2023 2024 0 € 500,000 € 1,000,000 € 1,500,000 € 2,000,000 € 2,500,000 € 3,000,000 € 1,488,892 2,756,988 1,311,537"
https://www.infobel.com/fr/belgium/snack_erbil/liege/BE106480784-042639804/businessdetails.aspx,2026-07-29,Snack ERBIL à Liège,Rue de la Cathédrale 55 4000 Liège LIEGE,4000,Liège,,0470 30 40 11; 04 263 98 04,,https://search.infobelpro.com/belgium/fr/liege/liege,BE2344934517,Lu: 11:00-22:00; Ma: 11:00-22:00; Me: 11:00-22:00; Je: 11:00-22:00; Ve: 11:00-22:00; Sa: 11:00-22:00; Di: 11:00-22:00,https://www.infobel.com/fr/belgium/financial/vat/BE2344934517,Snack Erbil,Rue de la Cathédrale 55 4000 Liège LIEGE,03/05/2023,BE2344934517,,,,,,"Restauration à service restreint, à l'exclusion de restauration mobile",
https://www.infobel.com/fr/belgium/le_refectoire_de_la_brasserie/liege/BE106483761-043848478/businessdetails.aspx,2026-07-29,Le Réfectoire de la Brasserie à Liège,Avenue Louise 231 1050 Bruxelles,4000,Liège,,04 384 84 78,,https://search.infobelpro.com/belgium/fr/liege/liege,BE0453604761,Me: 18:00-22:45; Je: 12:00-14:30; Ve: 12:00-14:30; Sa: 12:00-14:30,https://www.infobel.com/fr/belgium/financial/vat/BE0453604761,Infobel,Avenue Louise 231 1050 Bruxelles,02/11/1994,BE0453604761,31/12/2024,,,,,Activités de conseil en informatique et de gestion d’installations informatiques,"11 (2024) 2022 2023 2024 8 9 9 10 10 11 11 12 10 9 11 Marge Brute1 311 537 € (2024) 2022 2023 2024 0 € 500,000 € 1,000,000 € 1,500,000 € 2,000,000 € 2,500,000 € 3,000,000 € 1,488,892 2,756,988 1,311,537"
https://www.infobel.com/fr/belgium/la_liniere/liege/BE106357138-042288181/businessdetails.aspx,2026-07-29,LA LINIERE à Liège,Quai Saint-Léonard 34 4000 Liège LIEGE,4000,Liège,,04 228 81 81,info@laliniereliege.be,https://laliniereliege.be/,BE0686857889,,https://www.infobel.com/fr/belgium/financial/vat/BE0686857889,Association des Copropriétaires Résidence Ok 34 à Liège Quai St Léonard 34 et Rue de la Li,Quai Saint-Léonard 34 4000 Liège LIEGE,26/12/2017,BE0686857889,,Eric Pirson,Administrateur,Eric,Pirson,,
https://www.infobel.com/fr/belgium/liege/liege/BE106035117-042269140/businessdetails.aspx,2026-07-29,LIEGE à Liège - Rue des Guillemins 129,Rue des Guillemins 129 4000 Liège LIEGE,4000,Liège,,04 226 91 40; 04 273 76 05,,http://www.ey.com/be,BE2138463582,,https://www.infobel.com/fr/belgium/financial/vat/BE2138463582,Ernst & Young Bedrijfsrevisoren,Rue des Guillemins 129 4000 Liège LIEGE,06/01/1992,BE2138463582,,,,,,Activités des réviseurs d'entreprises,
https://www.infobel.com/fr/belgium/blegny_mine_a_s_b_l/liege/BE105989296-043874333/businessdetails.aspx,2026-07-29,Blegny-Mine A.S.B.L à Liège,Port des Yachts 992 4000 Liège LIEGE,4000,Liège,,04 387 43 33,,http://www.bateaulepaysdeliege.be,BE2255356601,,https://www.infobel.com/fr/belgium/financial/vat/BE2255356601,Bateau 'Pays de Liege',Port des Yachts 992 4000 Liège LIEGE,12/08/2016,BE2255356601,,,,,,Transports maritimes et côtiers de passagers,
https://www.infobel.com/fr/belgium/chef_city_liege/liege/BE105948573/businessdetails.aspx,2026-07-29,Chef City Liège à Liège,Rue Grétry 129 4020 Liège LIEGE,4020,Liège,,0465 56 80 63,,https://www.takeaway.com/be/menu/chef-city-snack?sharingId=i1668729737808,BE0737357772,Lu: 12:00-22:00; Ma: 12:00-22:00; Me: 12:00-22:00; Je: 12:00-22:00; Ve: 12:00-22:00; Sa: 14:00-22:00,https://www.infobel.com/fr/belgium/financial/vat/BE0737357772,Al Rasheed Amer,Rue Grétry 129 4020 Liège LIEGE,08/11/2019,BE0737357772,,Amer Al Rasheed,Administrateur,Amer,Al Rasheed,"Restauration à service restreint, à l'exclusion de restauration mobile",
https://www.infobel.com/fr/belgium/saveurs_delices/liege/BE105847930-043392666/businessdetails.aspx,2026-07-29,SAVEURS DELICES à Liège,Rue du Marché 8 4020 Liège LIEGE,1370,évaluations),,0489 23 61 13; 04 339 26 66,,https://www.order.store/store/tacos-bressoux-liege/l2zdkPi2VnuM6zl_fmKioQ,BE0669831718,Lu: 16:30-00:00; Ma: 16:30-00:00; Me: 16:30-00:00; Je: 16:30-00:00; Ve: 16:30-00:00; Sa: 16:30-00:00; Di: 16:30-00:00,https://www.infobel.com/fr/belgium/financial/vat/BE0669831718,Saveurs Delices,Rue du Marché 8 4020 Liège LIEGE,20/01/2017,BE0669831718,31/12/2024,oufiane Zagaouch; Mimoun Jiala,Administrateur,oufiane,Zagaouch,"Restauration à service restreint, à l'exclusion de restauration mobile Marge Brute33 517 € (2024) 2022 2023 2024 -15,000 € -10,000 € -5,000 € 0 € 5,000 € 10,000 € 15,000 € 20,000 € 25,000 € 30,000 € 35,000 € 40,000 € -11,996 18,585 33,517",
https://www.infobel.com/fr/belgium/cafe_randaxhe/liege/BE105718731-043656701/businessdetails.aspx,2026-07-29,CAFE RANDAXHE à Liège,Chaussée des Prés 61 4020 Liège LIEGE,2648,évaluations),,04 365 67 01,cafe.randaxhe@gmail.com,https://cafe-randaxhe.be/,BE2295717806,Lu: 08:00-23:00; Ma: 08:00-23:00; Me: 08:00-23:00; Je: 08:00-23:00; Ve: 08:00-23:00; Sa: 08:00-23:00; Di: 08:00-23:00,https://www.infobel.com/fr/belgium/financial/vat/BE2295717806,Café Randaxhe,Chaussée des Prés 61 4020 Liège LIEGE,01/11/2019,BE2295717806,,,,,,Restauration de type traditionnel,
https://www.infobel.com/fr/belgium/o_tacos/liege/BE105638775-043796599/businessdetails.aspx,2026-07-29,O'Tacos à Liège,Place Saint-Lambert 27 4000 Liège LIEGE,4000,Liège,,04 379 65 99,,https://o-tacos.com/be-nl/,BE2285702159,Lu: 09:30-19:45; Ma: 09:30-19:45; Me: 09:30-19:45; Je: 09:30-19:45; Ve: 09:30-19:45; Sa: 09:30-19:45,https://www.infobel.com/fr/belgium/financial/vat/BE2285702159,O'Tacos Liege 3,Place Saint-Lambert 27 4000 Liège LIEGE,12/02/2019,BE2285702159,,,,,,"Restauration à service restreint, à l'exclusion de restauration mobile",
https://www.infobel.com/fr/belgium/cafe_sarajevo/liege/BE105624732/businessdetails.aspx,2026-07-29,Cafe Sarajevo à Liège,avenue Georges-Truffaut 28 BP 0003 4020 Liège LIEGE,4000,Liège,,0497 29 97 77,,https://www.facebook.com/pages/category/Coffee-Shop/Caf%C3%A9-Sarajevo-1458338121132006/,BE0543981740,Lu: 11:30-22:00; Ma: 11:30-22:00; Me: 11:30-22:00; Je: 11:30-22:00; Ve: 11:30-23:00; Sa: 11:30-23:00; Di: 11:30-22:00,https://www.infobel.com/fr/belgium/financial/vat/BE0543981740,Ticic Adnan,avenue Georges-Truffaut 28 BP 0003 4020 Liège LIEGE,10/01/2014,BE0543981740,,Adnan Ticic,Administrateur,Adnan,Ticic,Cafés et bars,
https://www.infobel.com/fr/belgium/quick_belle_ile/liege/BE105592719-043444968/businessdetails.aspx,2026-07-29,Quick Belle-Ile à Liège,Quai des Vennes 1 BP 44 4020 Liège LIEGE,1730,évaluations),,04 344 49 68,privacy@quick.be,https://www.quick.be/fr/restaurant/belle-ile,BE0664719026,Lu: 10:00-22:00; Ma: 10:00-22:00; Me: 10:00-22:00; Je: 10:00-22:00; Ve: 10:00-22:00; Sa: 10:00-22:00; Di: 11:00-22:00,https://www.infobel.com/fr/belgium/financial/vat/BE0664719026,Bimo Rest,Quai des Vennes 1 BP 44 4020 Liège LIEGE,18/10/2016,BE0664719026,31/12/2024,Josefa Moreno Paez; Josefa Moreno Paez,Administrateur,Josefa,Moreno Paez,Restauration à service complet,"17 (2024) 2022 2023 2024 14 15 15 16 16 17 17 18 17 15 17 Marge Brute57 703 € (2024) 2022 2023 2024 -40,000 € -30,000 € -20,000 € -10,000 € 0 € 10,000 € 20,000 € 30,000 € 40,000 € 50,000 € 60,000 € 70,000 € -12,571 -33,994 57,703"
https://www.infobel.com/fr/belgium/poke_shop/liege/BE105357861-042782640/businessdetails.aspx,2026-07-29,POKÉ SHOP à Liège,Rue de la Station 10 4430 Ans LIEGE,4020,Liège,,0483 66 77 54; 04 278 26 40,fengkaibelgique@gmail.com,https://www.xn--pokshop-dya.be/,BE0680578031,,https://www.infobel.com/fr/belgium/financial/vat/BE0680578031,Feng Kai,Rue de la Station 10 4430 Ans LIEGE,01/10/2017,BE0680578031,,Kai Feng,Administrateur,Kai,Feng,"Restauration à service restreint, à l'exclusion de restauration mobile",
https://www.infobel.com/fr/belgium/nouilles_fraiches/liege/BE105210971-043552573/businessdetails.aspx,2026-07-29,Nouilles Fraîches à Liège,Rue de la Régence 10 4000 Liège LIEGE,4000,Liège,,04 355 25 73,,https://www.facebook.com/Nouilles-Fraiches-1303540163031655/,BE0664514237,Lu: 12:00-14:30; Ma: 12:00-14:30; Me: 12:00-14:30; Je: 12:00-14:30; Ve: 12:00-14:30; Sa: 12:00-14:30,https://www.infobel.com/fr/belgium/financial/vat/BE0664514237,Zhou Shoubin,Rue de la Régence 10 4000 Liège LIEGE,25/10/2016,BE0664514237,,houbin Zhou,Administrateur,houbin,Zhou,"Restauration à service restreint, à l'exclusion de restauration mobile",
https://www.infobel.com/fr/belgium/alga/liege/BE105079186-042268560/businessdetails.aspx,2026-07-29,Alga à Liège,Boulevard Jean de Wilde 83 4000 Liège LIÈGE,4000,Liège,,0477 71 01 65; 04 226 85 60,,https://algatourisme.jimdo.com/,BE0422339285,Ma: 11:15-14:15; Me: 11:15-14:15; Je: 11:15-14:15; Ve: 11:15-14:15; Sa: 11:15-14:15,https://www.infobel.com/fr/belgium/financial/vat/BE0422339285,Alga,Boulevard Jean de Wilde 83 4000 Liège LIÈGE,01/02/1982,BE0422339285,31/12/2024,alvatore Luciano Guglielmi; Salvatore Luciano Guglielmi,Administrateur,alvatore,Luciano Guglielmi,"Restauration à service restreint, à l'exclusion de restauration mobile","0 (2024) 2022 2023 2024 0 1 2 3 4 5 6 7 8 9 10 1 0 0 Marge Brute201 € (2024) 2022 2023 2024 -8,000 € -6,000 € -4,000 € -2,000 € 0 € 2,000 € 4,000 € 6,000 € 8,000 € 7,275 -5,725 201"
https://www.infobel.com/fr/belgium/wannisa_mangli/liege/BE104946954-043429389/businessdetails.aspx,2026-07-29,Wannisa MANGLI à Liège,Rue Puits en Sock 53 4020 Luik LUIK,4020,Liège,,0499 46 05 12; 04 342 93 89,,https://plus.google.com/b/100443441897448918216/100443441897448918216/photos?hl=fr,BE0668487475,Lu: 12:00-14:00; Ma: 12:00-14:00; Je: 18:00-22:00; Ve: 12:00-14:00; Sa: 12:00-14:00; Di: 18:00-22:00,https://www.infobel.com/fr/belgium/financial/vat/BE0668487475,Mangli Wannisa,Rue Puits en Sock 53 4020 Luik LUIK,02/01/2017,BE0668487475,,Wannisa Mangli,Administrateur,Wannisa,Mangli,"Restauration à service restreint, à l'exclusion de restauration mobile",
https://www.infobel.com/fr/belgium/cafeteria_helmo_sainte_marie/liege/BE100746376-042540424/businessdetails.aspx,2026-07-29,Cafeteria - Helmo Sainte-Marie à Liège,,4000,Liège,,04 254 04 24,info@helmo.be,http://helmo.be,BE2201389462,,https://www.infobel.com/fr/belgium/financial/vat/BE2201389462,,,,,,,,,,,
https://www.infobel.com/fr/belgium/le_chaud_de_bloch/liege/BE100693578-043443527/businessdetails.aspx,2026-07-29,Le Chaud De Bloch à Liège,bld de la Constitution 49 4020 Liège LIEGE,4020,Liège,,04 344 35 27,geronzenjelaj@gmail.com,https://lechauddubloch.eatbu.com/,BE0822716485,,https://www.infobel.com/fr/belgium/financial/vat/BE0822716485,Barrile Vincenzo,bld de la Constitution 49 4020 Liège LIEGE,28/01/2010,BE0822716485,,Vincenzo Barrile,Administrateur,Vincenzo,Barrile,"Vente au comptoir ou par téléphone, fax, internet d'aliments et de boissons : établissements de restauration rapide (snack-bars, sandwiches-bars, etc.)",
https://www.infobel.com/fr/belgium/chez_sam/liege/BE100128025-042232269/businessdetails.aspx,2026-07-29,Chez Sam à Liège,Avenue Louise 231 1050 Bruxelles,4000,Liège,,04 223 22 69,,http://chezsam.be/,BE0453604761,Me: 08:00-00:00; Je: 08:00-00:00; Ve: 08:00-00:00; Sa: 08:00-00:00; Di: 08:00-00:00,https://www.infobel.com/fr/belgium/financial/vat/BE0453604761,Infobel,Avenue Louise 231 1050 Bruxelles,02/11/1994,BE0453604761,31/12/2024,,,,,Activités de conseil en informatique et de gestion d’installations informatiques,"11 (2024) 2022 2023 2024 8 9 9 10 10 11 11 12 10 9 11 Marge Brute1 311 537 € (2024) 2022 2023 2024 0 € 500,000 € 1,000,000 € 1,500,000 € 2,000,000 € 2,500,000 € 3,000,000 € 1,488,892 2,756,988 1,311,537"
https://www.infobel.com/fr/belgium/la_grande_muraille/liege/BE100129095-042531420/businessdetails.aspx,2026-07-29,La grande muraille à Liège,Rue des Guillemins 123 4000 Liège LIEGE,4000,Liège,,04 253 14 20,,https://www.facebook.com/lgmdchine,BE0894450361,Lu: 12:00-14:30; Me: 12:00-14:30; Je: 12:00-14:30; Ve: 12:00-14:30; Sa: 12:00-14:30; Di: 12:00-14:30,https://www.infobel.com/fr/belgium/financial/vat/BE0894450361,La Grande Muraille de Chine de Liege,Rue des Guillemins 123 4000 Liège LIEGE,19/12/2007,BE0894450361,31/03/2025,Zhengzhu Wang; Wei Jin; Weizhong Xu,Administrateur,Zhengzhu,Wang,"Restauration à service complet Marge Brute44 169 € (2025) 2023 2024 2025 -10,000 € 0 € 10,000 € 20,000 € 30,000 € 40,000 € 50,000 € -3,960 23,114 44,169",
https://www.infobel.com/fr/belgium/perle_d_asie/liege/BE100128710-042231170/businessdetails.aspx,2026-07-29,Perle d'Asie à Liège,Rue du Pot d'Or 49 4000 Liège LIEGE,4000,Liège,,04 223 11 70; 04 223 11 70,,https://search.infobelpro.com/belgium/fr/liege/liege,BE0431602389,Me: 11:30-13:30; Je: 11:30-13:30; Ve: 11:30-13:30; Sa: 11:30-13:30; Di: 11:30-13:30,https://www.infobel.com/fr/belgium/financial/vat/BE0431602389,La Perle d'Asie,Rue du Pot d'Or 49 4000 Liège LIEGE,24/07/1987,BE0431602389,31/12/2024,,,,,"Restauration à service complet Marge Brute5 578 € (2024) 2022 2023 2024 -3,000 € -2,000 € -1,000 € 0 € 1,000 € 2,000 € 3,000 € 4,000 € 5,000 € 6,000 € -2,632 -900 5,578",
https://www.infobel.com/fr/belgium/le_regina/liege/BE100128689-042212862/businessdetails.aspx,2026-07-29,Le Régina à Liège,Rue Pont d'Avroy 61 4000 Liège LIEGE,3346,évaluations),,04 221 28 62,,https://www.facebook.com/taverneleregina,BE0891639539,Lu: 09:00-23:00; Ma: 09:00-23:00; Me: 09:00-23:00; Je: 09:00-23:00; Ve: 09:00-23:00; Sa: 09:00-23:00; Di: 10:00-23:00,https://www.infobel.com/fr/belgium/financial/vat/BE0891639539,Amdra,Rue Pont d'Avroy 61 4000 Liège LIEGE,27/08/2007,BE0891639539,31/12/2024,Alain Tancev; Dragan Tancev; Dragan Tancev,Administrateur,Alain,Tancev,Cafés et bars,"11 (2024) 2023 2024 10 11 11 11 11 11 12 12 12 12 12 11 Marge Brute6 565 € (2024) 2023 2024 0 € 1,000 € 2,000 € 3,000 € 4,000 € 5,000 € 6,000 € 7,000 € 2,855 6,565"
https://www.infobel.com/fr/belgium/pizza_hut/chenee/BE100697221-042390090/businessdetails.aspx,2026-07-29,Pizza Hut à Liège - Rue de la Station 5,Borsbeeksebrug 34 PB 4 2600 Antwerpen ANTWERPEN,4032,Liège - Chênée,,04 239 00 90,info@topbrands.be,https://www.pizzahut.be/nl/store/delivery-chenee,BE0428600141,,https://www.infobel.com/fr/belgium/financial/vat/BE0428600141,Pizza Belgium,Borsbeeksebrug 34 PB 4 2600 Antwerpen ANTWERPEN,28/02/1986,BE0428600141,30/11/2024,,,,,"Restauration à service restreint, à l'exclusion de restauration mobile","458 (2024) 2022 2023 2024 430 440 450 460 470 480 490 500 510 520 514 498 458 Marge Brute441 941 € (2024) 2022 2023 2024 0 € 200,000 € 400,000 € 600,000 € 800,000 € 1,000,000 € 1,200,000 € 1,400,000 € 1,600,000 € 900,830 1,530,026 441,941"
https://www.infobel.com/fr/belgium/le_brunch/liege/BE100660064-042212551/businessdetails.aspx,2026-07-29,Le Brunch à Liège,Place Saint-Jacques 20 4000 Liège LIEGE,4000,Liège,,0497 08 17 85; 04 221 25 51,winnenthierry@live.be,https://www.lebrunchliege.be/,BE0601691889,Lu: 07:00-15:00; Ma: 07:00-15:00; Me: 07:00-15:00; Je: 07:00-15:00; Ve: 07:00-15:00,https://www.infobel.com/fr/belgium/financial/vat/BE0601691889,Le Brunch,Place Saint-Jacques 20 4000 Liège LIEGE,31/05/1996,BE0601691889,,Thierry WINNEN; Thierry WINNEN,Administrateur,Thierry,WINNEN,Commerce de détail de pain et de pâtisserie (dépôts),
https://www.infobel.com/fr/belgium/ice_bar/liege/BE100640881-042224322/businessdetails.aspx,2026-07-29,Ice Bar à Liège,Adresse inconnue belge 0000 Inconnu INCONNU,4000,Liège,,04 222 43 22,,https://icebar-by-lamorgese.be/,BE0440397123,Lu: 13:00-19:00; Ma: 13:00-19:00; Me: 13:00-19:00; Je: 13:00-19:00; Ve: 13:00-22:00; Sa: 13:00-19:00; Di: 13:00-19:00,https://www.infobel.com/fr/belgium/financial/vat/BE0440397123,Lamorgese,Adresse inconnue belge 0000 Inconnu INCONNU,01/01/1990,BE0440397123,31/12/2024,Nathalie Humblet; Maxime Jean Raymond Lamorgese; Domenico Pasquale Lamorgese,Administrateur,Nathalie,Humblet,"Restauration à service restreint, à l'exclusion de restauration mobile Marge Brute26 952 € (2024) 2022 2023 2024 0 € 5,000 € 10,000 € 15,000 € 20,000 € 25,000 € 30,000 € 22,775 18,026 26,952",
https://www.infobel.com/fr/belgium/shell_express/liege/BE106039183-025089298/businessdetails.aspx,2026-07-29,Shell Express à Liège - Rue de Beaufraipont 1,Avenue Louise 231 1050 Bruxelles,4032,Liège,,025089298,,https://find.shell.com/be/fuel/10023038-chenee-shell-express,BE0453604761,,https://www.infobel.com/fr/belgium/financial/vat/BE0453604761,Infobel,Avenue Louise 231 1050 Bruxelles,02/11/1994,BE0453604761,31/12/2024,,,,,Activités de conseil en informatique et de gestion d’installations informatiques,"11 (2024) 2022 2023 2024 8 9 9 10 10 11 11 12 10 9 11 Marge Brute1 311 537 € (2024) 2022 2023 2024 0 € 500,000 € 1,000,000 € 1,500,000 € 2,000,000 € 2,500,000 € 3,000,000 € 1,488,892 2,756,988 1,311,537"
https://www.infobel.com/fr/belgium/shell_express/liege/BE106039165-025089298/businessdetails.aspx,2026-07-29,Shell Express à Liège - Rue des Bayards 90,Avenue Louise 231 1050 Bruxelles,4000,Liège,,025089298,,https://find.shell.com/be/fuel/10023006-liege-bayards-shell-express,BE0453604761,,https://www.infobel.com/fr/belgium/financial/vat/BE0453604761,Infobel,Avenue Louise 231 1050 Bruxelles,02/11/1994,BE0453604761,31/12/2024,,,,,Activités de conseil en informatique et de gestion d’installations informatiques,"11 (2024) 2022 2023 2024 8 9 9 10 10 11 11 12 10 9 11 Marge Brute1 311 537 € (2024) 2022 2023 2024 0 € 500,000 € 1,000,000 € 1,500,000 € 2,000,000 € 2,500,000 € 3,000,000 € 1,488,892 2,756,988 1,311,537"
https://www.infobel.com/fr/belgium/ramada_plaza_de_liege_city_center_hotel_cafe/liege/BE100129772/businessdetails.aspx,2026-07-29,"Ramada Plaza de Liège City Center, Hôtel, Café à Liège",Avenue Louise 231 1050 Bruxelles,4000,Liège,,042274575,,https://search.infobelpro.com/belgium/fr/liege/liege,BE0453604761,,https://www.infobel.com/fr/belgium/financial/vat/BE0453604761,Infobel,Avenue Louise 231 1050 Bruxelles,02/11/1994,BE0453604761,31/12/2024,,,,,Activités de conseil en informatique et de gestion d’installations informatiques,"11 (2024) 2022 2023 2024 8 9 9 10 10 11 11 12 10 9 11 Marge Brute1 311 537 € (2024) 2022 2023 2024 0 € 500,000 € 1,000,000 € 1,500,000 € 2,000,000 € 2,500,000 € 3,000,000 € 1,488,892 2,756,988 1,311,537"
https://www.infobel.com/fr/belgium/tutta_n_ata_storia/liege/BE106910712/businessdetails.aspx,2026-07-29,Tutta n’ata storia à Liège,Avenue Louise 231 1050 Bruxelles,4000,Liège,,0473 44 42 52,,https://search.infobelpro.com/belgium/fr/liege/liege,BE0453604761,Lu: 15:00-11:00; Ma: 15:00-11:00; Me: 15:00-11:00; Je: 15:00-11:00; Ve: 15:00-11:00; Sa: 23:00-18:00,https://www.infobel.com/fr/belgium/financial/vat/BE0453604761,Infobel,Avenue Louise 231 1050 Bruxelles,02/11/1994,BE0453604761,31/12/2024,,,,,Activités de conseil en informatique et de gestion d’installations informatiques,"11 (2024) 2022 2023 2024 8 9 9 10 10 11 11 12 10 9 11 Marge Brute1 311 537 € (2024) 2022 2023 2024 0 € 500,000 € 1,000,000 € 1,500,000 € 2,000,000 € 2,500,000 € 3,000,000 € 1,488,892 2,756,988 1,311,537"
https://www.infobel.com/fr/belgium/oba_restaurant/liege/BE106913535-042357500/businessdetails.aspx,2026-07-29,Oba Restaurant à Liège - Rue du Chéra 49,Rue du Chéra 49 BP 21 4000 Liège LIEGE,4000,Liège,,04 235 75 00,,https://www.resto.be/restaurant/liege/4000-liege/166823-oba-restaurant-grillades/,BE0859707238,Ma: 09:00-22:00; Me: 09:00-22:00; Je: 09:00-22:00; Ve: 09:00-23:00; Sa: 09:00-23:00; Di: 09:00-22:00,https://www.infobel.com/fr/belgium/financial/vat/BE0859707238,Mayali Ali,Rue du Chéra 49 BP 21 4000 Liège LIEGE,10/07/2003,BE0859707238,,Ali Mayali,Administrateur,Ali,Mayali,"Restauration à service restreint, à l'exclusion de restauration mobile",
https://www.infobel.com/fr/belgium/pasta_bella_ciao/liege/BE106862803-043884557/businessdetails.aspx,2026-07-29,Pasta Bella Ciao à Liège,Rue Louvrex 23 BP a 4000 Liège LIEGE,4000,Liège,,04 388 45 57,hello@pastabellaciao.be,http://pastabellaciao.be/,BE2324086742,Lu: 11:30-14:00; Ma: 11:30-14:00; Me: 11:30-14:00; Je: 11:30-14:00; Ve: 11:30-14:00,https://www.infobel.com/fr/belgium/financial/vat/BE2324086742,Pasta Bella Ciao,Rue Louvrex 23 BP a 4000 Liège LIEGE,01/10/2021,BE2324086742,,,,,,"Organisation de noces, banquets, cocktails, buffets, lunches et réceptions diverses",
https://www.infobel.com/fr/belgium/possessionem/liege/BE106835837/businessdetails.aspx,2026-07-29,POSSESSIONEM à Liège,Rue Pont d'Avroy 1 4000 Liège LIEGE,4000,Liège,,0494 79 31 78,,https://search.infobelpro.com/belgium/fr/liege/liege,BE0772428024,,https://www.infobel.com/fr/belgium/financial/vat/BE0772428024,POSSESSIONEM,Rue Pont d'Avroy 1 4000 Liège LIEGE,10/08/2021,BE0772428024,30/09/2025,Jean-Luc Vasseur,Administrateur,Jean-Luc,Vasseur,"Achat et vente de biens propres Marge Brute43 798 € (2025) 2023 2024 2025 0 € 10,000 € 20,000 € 30,000 € 40,000 € 50,000 € 60,000 € 70,000 € 16,970 60,787 43,798",
https://www.infobel.com/fr/belgium/cuisine_le_bol_du_shangai/liege/BE106855184-042230738/businessdetails.aspx,2026-07-29,Cuisine Le Bol du Shangai à Liège,Rue Charles Magnette 84 4000 Liège LIEGE,4000,Liège,,04 223 07 38,,http://www.leshanghai.be,BE2334818110,,https://www.infobel.com/fr/belgium/financial/vat/BE2334818110,Cuisine Le Bol du Shangai,Rue Charles Magnette 84 4000 Liège LIEGE,25/08/2022,BE2334818110,,,,,,Restauration de type traditionnel,
https://www.infobel.com/fr/belgium/l_arborizo/liege/BE106739981/businessdetails.aspx,2026-07-29,L'Arborizo à Liège,Rue Bassenge 43 4000 Liège LIEGE,4000,Liège,,0496 22 00 84,larborizo.resto@gmail.com,https://www.larborizo.be/,BE0804634103,Me: 18:00-21:30; Je: 18:00-21:30; Ve: 18:00-21:30; Sa: 12:00-14:00,https://www.infobel.com/fr/belgium/financial/vat/BE0804634103,L'Arborizo,Rue Bassenge 43 4000 Liège LIEGE,08/08/2023,BE0804634103,31/12/2024,Pauline Taquet,Administrateur,Pauline,Taquet,"Restauration à service complet Marge Brute1 665 € (2024) 2024 0 € 200 € 400 € 600 € 800 € 1,000 € 1,200 € 1,400 € 1,600 € 1,800 € 1,665",
https://www.infobel.com/fr/belgium/authentique_pro/liege/BE106634006/businessdetails.aspx,2026-07-29,AUTHENTIQUE PRO à Liège,Féronstrée 144 4000 Liège LIEGE,4000,Liège,,0488 03 89 87,,https://www.facebook.com/Les-D%C3%A9lices-de-Prestige-128901557830517/,BE0683560879,Lu: 11:30-22:00; Ma: 11:30-22:00; Me: 11:30-22:00; Je: 11:30-22:00; Ve: 11:30-22:00; Di: 11:30-22:00,https://www.infobel.com/fr/belgium/financial/vat/BE0683560879,AUTHENTIQUE PRO,Féronstrée 144 4000 Liège LIEGE,20/10/2017,BE0683560879,31/12/2024,El Khadir Morrhadi,Administrateur,El,Khadir Morrhadi,"Restauration à service restreint, à l'exclusion de restauration mobile Marge Brute-473 € (2024) 2022 2023 2024 -6,000 € -4,000 € -2,000 € 0 € 2,000 € 4,000 € 6,000 € 8,000 € 10,000 € 12,000 € -3,756 11,316 -473",
https://www.infobel.com/fr/belgium/festin_deli/liege/BE106577075/businessdetails.aspx,2026-07-29,Festin deli à Liège,,4000,Liège,,0498 06 23 21,info@festinrestaurant.com,http://www.festinrestaurant.com/,BE0789920092,Ma: 19:00-22:30; Me: 19:00-22:30; Je: 19:00-22:30; Ve: 19:00-22:30,https://www.infobel.com/fr/belgium/financial/vat/BE0789920092,,,,,,,,,,,
https://www.infobel.com/fr/belgium/ici_paris_xl/liege/BE106585439-042475735/businessdetails.aspx,2026-07-29,Ici Paris XL à Liège - Boulevard Raymond Poincaré 7,Schaarbeeklei 499 1800 Vilvoorde VLAAMS BRABANT,4020,Liège,,04 247 57 35,hello@exki.com,https://www.exki.com/restaurants,BE0413790518,Lu: 08:00-20:00; Ma: 08:00-20:00; Me: 08:00-20:00; Je: 08:00-20:00; Ve: 08:00-20:00; Sa: 08:00-20:00,https://www.infobel.com/fr/belgium/financial/vat/BE0413790518,ICI PARIS XL,Schaarbeeklei 499 1800 Vilvoorde VLAAMS BRABANT,26/12/1973,BE0413790518,29/12/2024,Man Ngai; Linda Van den Burg; Christian N. R. Salbaing,Administrateur,Man,Ngai,Commerce de détail de produits cosmétiques et d'articles de toilette,"921 (2024) 2023 2023 2024 885 890 895 900 905 910 915 920 925 901 898 921 Marge Brute20 780 343 € (2024) 2023 2023 2024 18,000,000 € 18,500,000 € 19,000,000 € 19,500,000 € 20,000,000 € 20,500,000 € 21,000,000 € 19,109,496 19,546,380 20,780,343"
https://www.infobel.com/fr/belgium/chez_lili/liege/BE106556006-043784837/businessdetails.aspx,2026-07-29,Chez Lili à Liège,Rue de Herve 72 4030 Liège LIEGE,4030,Liège,,0486 13 43 80; 04 378 48 37,lihong.lao@gmail.com,http://www.chezlilisushi.be/,BE2299486453,Lu: 11:00-14:30; Me: 11:00-14:30; Je: 11:00-14:30; Ve: 11:00-14:30; Sa: 11:00-14:30; Di: 11:00-14:30,https://www.infobel.com/fr/belgium/financial/vat/BE2299486453,Sushi Daily,Rue de Herve 72 4030 Liège LIEGE,26/02/2020,BE2299486453,,,,,,Commerce de plats cuisinés frais et prêts à emporter,
https://www.infobel.com/fr/belgium/quick_rocourt/liege/BE106536068-042464914/businessdetails.aspx,2026-07-29,Quick Rocourt à Liège - Chaussée de Tongres 269,Chaussée de Tongres 269 4000 Liège LIEGE,3294,évaluations),,04 246 49 14,privacy@quick.be,http://www.quick.be/fr/restaurant/rocourt,BE0683883157,Lu: 10:30-23:00; Ma: 10:30-23:00; Me: 10:30-23:00; Je: 10:30-23:00; Ve: 10:30-01:00; Sa: 10:30-01:00; Di: 10:30-23:00,https://www.infobel.com/fr/belgium/financial/vat/BE0683883157,Guesso,Chaussée de Tongres 269 4000 Liège LIEGE,31/10/2017,BE0683883157,31/12/2024,,,,,"Restauration à service restreint, à l'exclusion de restauration mobile","29 (2024) 2022 2023 2024 26 27 27 28 28 29 29 30 27 28 29 Marge Brute30 277 € (2024) 2022 2023 2024 -100,000 € -80,000 € -60,000 € -40,000 € -20,000 € 0 € 20,000 € 40,000 € 6,405 -84,904 30,277"
https://www.infobel.com/fr/belgium/sushi_fuji/liege/BE106516601-043794576/businessdetails.aspx,2026-07-29,Sushi Fuji à Liège,Rue Saint-Gilles 7 4000 Liège LIEGE,4000,Liège,,04 379 45 76,,https://sushifuji.be/,BE0736892865,Lu: 11:30-21:30; Ma: 11:30-21:30; Me: 11:30-21:30; Je: 11:30-21:30; Ve: 11:30-21:30; Sa: 11:30-21:30; Di: 11:30-21:30,https://www.infobel.com/fr/belgium/financial/vat/BE0736892865,Sushi Fuji,Rue Saint-Gilles 7 4000 Liège LIEGE,29/10/2019,BE0736892865,31/12/2024,Xiping Wang; Zhenlian Liu,Administrateur,Xiping,Wang,Activités de service contractuel de restauration et autres activités de service de restauration,"2 (2023) 2022 2023 0 1 2 3 4 5 6 7 8 9 10 1 2 Marge Brute26 991 € (2024) 2022 2023 2024 -10,000 € -5,000 € 0 € 5,000 € 10,000 € 15,000 € 20,000 € 25,000 € 30,000 € -8,032 11,521 26,991"
https://www.infobel.com/fr/belgium/vinicurien/liege/BE106491859-043610380/businessdetails.aspx,2026-07-29,vinicurien à Liège,Avenue Louise 231 1050 Bruxelles,4020,Liège,,0499 21 38 92; 04 361 03 80,vinicurien@gmail.com,http://www.vinicurien.com/,BE0453604761,Me: 17:00-23:00; Je: 17:00-23:00; Ve: 17:00-01:00,https://www.infobel.com/fr/belgium/financial/vat/BE0453604761,Infobel,Avenue Louise 231 1050 Bruxelles,02/11/1994,BE0453604761,31/12/2024,,,,,Activités de conseil en informatique et de gestion d’installations informatiques,"11 (2024) 2022 2023 2024 8 9 9 10 10 11 11 12 10 9 11 Marge Brute1 311 537 € (2024) 2022 2023 2024 0 € 500,000 € 1,000,000 € 1,500,000 € 2,000,000 € 2,500,000 € 3,000,000 € 1,488,892 2,756,988 1,311,537"
https://www.infobel.com/fr/belgium/la_vita_da_billy/liege/BE106491290-043715798/businessdetails.aspx,2026-07-29,La Vita Da Billy à Liège,Rue de l'Abattoir 14 4020 Liège LIEGE,4020,Liège,,0472 81 44 03; 04 371 57 98,,https://www.facebook.com/LaVitaDaBilly/,BE0501972426,Lu: 12:00-14:30; Je: 12:00-14:30; Ve: 12:00-14:30; Sa: 12:00-14:30; Di: 12:00-14:30,https://www.infobel.com/fr/belgium/financial/vat/BE0501972426,Pira Blerim,Rue de l'Abattoir 14 4020 Liège LIEGE,17/12/2012,BE0501972426,,Blerim Pira,Administrateur,Blerim,Pira,Restauration à service complet,
https://www.infobel.com/fr/belgium/spratchie_s/liege/BE106517077-087312230/businessdetails.aspx,2026-07-29,Spratchie's à Liège,Rue de la Casquette 15 4000 Liège LIEGE,4000,Liège,,0496 33 65 55; 087 31 22 30,,https://spratchies.be/,BE0876885443,,https://www.infobel.com/fr/belgium/financial/vat/BE0876885443,Spratchie's,Rue de la Casquette 15 4000 Liège LIEGE,18/10/2005,BE0876885443,31/12/2024,Maxence Louis,Administrateur,Maxence,Louis,"Activités de conseil pour les affaires et autre conseil de gestion Marge Brute4 696 € (2024) 2022 2023 2024 -45,000 € -40,000 € -35,000 € -30,000 € -25,000 € -20,000 € -15,000 € -10,000 € -5,000 € 0 € 5,000 € 10,000 € 2,033 -39,049 4,696",
https://www.infobel.com/fr/belgium/mariuta/liege/BE106454366-042344504/businessdetails.aspx,2026-07-29,MARIUTA à Liège,Visé Voie 1 4000 Liège LIEGE,4000,Liège,,04 234 45 04,,https://www.facebook.com/La-Mariuta-102831464838208/,BE0781775260,Lu: 09:00-14:30; Ma: 09:00-14:30; Me: 09:00-14:30; Je: 09:00-14:30; Ve: 09:00-14:30; Sa: 09:00-19:00; Di: 09:00-13:00,https://www.infobel.com/fr/belgium/financial/vat/BE0781775260,MARIUTA,Visé Voie 1 4000 Liège LIEGE,09/02/2022,BE0781775260,31/12/2024,Adrian-Gabriel Pop,Administrateur,Adrian-Gabriel,Pop,"Autres commerces de détail alimentaires n.c.a. Marge Brute8 220 € (2024) 2022 2023 2024 0 € 20,000 € 40,000 € 60,000 € 80,000 € 100,000 € 120,000 € 140,000 € 113,502 13,942 8,220",
https://www.infobel.com/fr/belgium/la_cafeiere/liege/BE106445097-043435685/businessdetails.aspx,2026-07-29,La caféière à Liège,Rue Puits en Sock 118 4020 Liège LIEGE,4020,Liège,,04 343 56 85; 04 343 56 85,info@oye-oye.net,http://www.la-cafeiere.be/,BE0600651318,Ma: 10:00-18:00; Me: 10:00-18:00; Je: 10:00-18:00; Ve: 10:00-18:00; Sa: 10:00-18:00,https://www.infobel.com/fr/belgium/financial/vat/BE0600651318,Le Baivy,Rue Puits en Sock 118 4020 Liège LIEGE,31/03/1992,BE0600651318,,Cecile BOSCH; Cécile Bosch,Administrateur,Cecile,BOSCH,"Commerce de détail de boissons, assortiment général",
https://www.infobel.com/fr/belgium/g_du_bol/liege/BE106353453/businessdetails.aspx,2026-07-29,G DU BOL à Liège,Rue du Snapeux 198 4000 Liège LIEGE,4000,Liège,,0492 77 65 72,,https://search.infobelpro.com/belgium/fr/liege/liege,BE2317643368,,https://www.infobel.com/fr/belgium/financial/vat/BE2317643368,G Du Bol,Rue du Snapeux 198 4000 Liège LIEGE,27/05/2021,BE2317643368,,,,,,Commerce de détail de fruits et légumes,
https://www.infobel.com/fr/belgium/phuong_huy/liege/BE106321578-043410485/businessdetails.aspx,2026-07-29,Phuong Huy à Liège,Rue Paul-Joseph Carpay 1 4020 Liège LIEGE,1948,évaluations),,0475 68 71 13; 04 341 04 85; 04 344 13 00,,https://www.phuong-huy.be/,BE0836629948,Ma: 10:00-14:00; Me: 10:00-14:00; Je: 10:00-14:00; Ve: 10:00-14:00; Sa: 10:00-14:00; Di: 10:00-14:00,https://www.infobel.com/fr/belgium/financial/vat/BE0836629948,Sophie Concept,Rue Paul-Joseph Carpay 1 4020 Liège LIEGE,12/05/2011,BE0836629948,31/12/2023,Thanh-Huy Nguyen; Thanh-Huy Nguyen,Administrateur,Thanh-Huy,Nguyen,"Achat et vente de biens propres Marge Brute-7 134 € (2023) 2021 2022 2023 -8,000 € -6,000 € -4,000 € -2,000 € 0 € 2,000 € 4,000 € 6,000 € 8,000 € -2,404 6,186 -7,134",
https://www.infobel.com/fr/belgium/new_izmir/liege/BE106210813-042213017/businessdetails.aspx,2026-07-29,New Izmir à Liège,Rue Saint-Léonard 5 4000 Liège LIEGE,4000,Liège,,0498 74 77 47; 04 221 30 17,,https://search.infobelpro.com/belgium/fr/liege/liege,BE2319234069,Lu: 10:54-00:08; Ma: 10:54-00:08; Me: 10:54-00:08; Je: 10:54-00:08; Ve: 10:54-00:08; Sa: 10:54-00:08; Di: 10:54-00:08,https://www.infobel.com/fr/belgium/financial/vat/BE2319234069,New Izmir,Rue Saint-Léonard 5 4000 Liège LIEGE,12/07/2021,BE2319234069,,,,,,"Restauration à service restreint, à l'exclusion de restauration mobile",
https://www.infobel.com/fr/belgium/sakura_ying/liege/BE106141953-042505081/businessdetails.aspx,2026-07-29,Sakura Ying à Liège,Rue des Clarisses 22 4000 Liège LIEGE,4000,Liège,,0493 64 68 97; 04 250 50 81,info@sakuraying.be,http://sakuraying.be/,BE0760469805,Lu: 11:00-14:00; Ma: 11:00-14:00; Me: 11:00-14:00; Je: 11:00-16:00; Ve: 11:00-14:00; Sa: 11:00-14:00,https://www.infobel.com/fr/belgium/financial/vat/BE0760469805,SAKURA YING,Rue des Clarisses 22 4000 Liège LIEGE,23/12/2020,BE0760469805,31/12/2024,Lei Pei; Gang Zhao,Administrateur,Lei,Pei,"Restauration à service complet Marge Brute-3 923 € (2024) 2022 2023 2024 -5,000 € -4,000 € -3,000 € -2,000 € -1,000 € 0 € 1,000 € 2,000 € 3,000 € 2,468 -4,463 -3,923",
https://www.infobel.com/fr/belgium/yaka_afrotoria/liege/BE106002080-043582063/businessdetails.aspx,2026-07-29,YAKA - AFROTORIA à Liège,Rue de la Madeleine 33 4000 Liège LIEGE,4000,Liège,,0465 41 23 63; 04 358 20 63,booking@yaka-liege.be,https://www.yaka-liege.be/,BE2296599219,Lu: 18:30-00:00; Ma: 18:30-00:00; Me: 18:30-00:00; Je: 18:30-00:00; Ve: 18:00-00:00; Sa: 18:00-00:00,https://www.infobel.com/fr/belgium/financial/vat/BE2296599219,Yaka,Rue de la Madeleine 33 4000 Liège LIEGE,17/12/2019,BE2296599219,,,,,,Restauration à service complet,
https://www.infobel.com/fr/belgium/da_genova/liege/BE105967273-042575041/businessdetails.aspx,2026-07-29,Da Genova à Liège,Rue Tesny 149 BP C 4020 Liège LIEGE,4020,Liège,,04 257 50 41,kleineve@hotmail.com,https://pizzeria-da-genova.eatbu.com/,BE0653783166,Lu: 12:00-14:00; Je: 12:00-14:00; Ve: 12:00-14:00; Sa: 12:00-14:00; Di: 12:00-14:00,https://www.infobel.com/fr/belgium/financial/vat/BE0653783166,DA GENOVA,Rue Tesny 149 BP C 4020 Liège LIEGE,04/05/2016,BE0653783166,31/12/2024,Ferdinando Lo Verso; Evelyne Klein; Gerolamo Arnoldus Cariola,Administrateur,Ferdinando,Lo Verso,Restauration à service complet,"0 (2024) 2024 0 1 2 3 4 5 6 7 8 9 10 0 Marge Brute-3 916 € (2024) 2021 2023 2024 -60,000 € -50,000 € -40,000 € -30,000 € -20,000 € -10,000 € 0 € -47,658 -1,774 -3,916"
https://www.infobel.com/fr/belgium/libano/liege/BE105931052-043396028/businessdetails.aspx,2026-07-29,Libano à Liège,Rue Puits en Sock 41 4020 Liège LIEGE,4020,Liège,,0465 61 50 50; 04 339 60 28,,https://libano-snack.business.site/,BE2286770149,Lu: 11:30-22:00; Ma: 11:30-22:00; Me: 11:30-22:00; Je: 11:30-22:00; Ve: 11:30-22:00; Sa: 11:30-22:00,https://www.infobel.com/fr/belgium/financial/vat/BE2286770149,Libano,Rue Puits en Sock 41 4020 Liège LIEGE,25/03/2019,BE2286770149,,,,,,Commerce de détail alimentaire sur marchés et éventaires,
https://www.infobel.com/fr/belgium/city_sushi/liege/BE105910344-042320483/businessdetails.aspx,2026-07-29,City Sushi à Liège,Rue de l'Université 45 4000 Liège LIEGE,4000,Liège,,0484 73 14 87; 04 232 04 83,,http://www.citysushi.be,BE0729993789,Lu: 12:00-15:00; Ma: 12:00-15:00; Me: 12:00-15:00; Je: 12:00-15:00; Ve: 12:00-15:00; Sa: 12:00-15:00,https://www.infobel.com/fr/belgium/financial/vat/BE0729993789,Lin Yi,Rue de l'Université 45 4000 Liège LIEGE,15/07/2019,BE0729993789,,Yi Lin Yi,Administrateur,Yi,Lin Yi,"Restauration à service restreint, à l'exclusion de restauration mobile",
https://www.infobel.com/fr/belgium/eat_alystreet/liege/BE105925622/businessdetails.aspx,2026-07-29,Eat-alystreet à Liège,Avenue Maurice Destenay 2 BP a 4000 Liège LIEGE,4000,Liège,,0497 07 14 22,,https://www.italygastronomia.be/,BE2338929920,Lu: 11:00-15:00; Ma: 11:00-15:00; Me: 11:00-15:00; Je: 11:00-15:00; Ve: 11:00-15:00,https://www.infobel.com/fr/belgium/financial/vat/BE2338929920,EAT-Alystreet,Avenue Maurice Destenay 2 BP a 4000 Liège LIEGE,01/01/2023,BE2338929920,,,,,,"Restauration à service restreint, à l'exclusion de restauration mobile",
https://www.infobel.com/fr/belgium/fu_xin/liege/BE105826975-042229385/businessdetails.aspx,2026-07-29,Fu Xin à Liège,,4000,Liège,,04 222 93 85,,https://www.fuxin.be/,BE0830055229,Lu: 12:00-14:30; Ma: 12:00-14:30; Me: 12:00-14:30; Je: 12:00-14:30; Ve: 12:00-14:30; Sa: 12:00-14:30,https://www.infobel.com/fr/belgium/financial/vat/BE0830055229,,,,,,,,,,,
https://www.infobel.com/fr/belgium/pates_a_pau/liege/BE105820601/businessdetails.aspx,2026-07-29,Pâtes à Pau à Liège,Rue des Mineurs 5 4000 Liège LIEGE,4000,Liège,,0477 35 76 01,,https://www.facebook.com/P%C3%A2tes-%C3%A0-Pau-113344146196267,BE0690796188,Lu: 11:00-15:00; Ma: 11:00-15:00; Me: 11:00-15:00; Je: 11:00-15:00; Ve: 11:00-15:00,https://www.infobel.com/fr/belgium/financial/vat/BE0690796188,Pirard Pauline,Rue des Mineurs 5 4000 Liège LIEGE,02/04/2018,BE0690796188,,Pauline Pirard,Administrateur,Pauline,Pirard,"Restauration à service restreint, à l'exclusion de restauration mobile",
https://www.infobel.com/fr/belgium/bro_s_burger_kitchen/liege/BE105651718-043400277/businessdetails.aspx,2026-07-29,Bro’s Burger Kitchen à Liège,Rue Pont d'Avroy 25 4000 Liège LIEGE,4000,Liège,,0478 15 29 51; 04 340 02 77,,https://www.facebook.com/BrosBurgerLiege/,BE0704799426,Lu: 11:30-00:00; Ma: 11:30-00:00; Me: 11:30-00:00; Je: 11:30-00:00; Ve: 11:30-02:00; Sa: 11:30-02:00; Di: 11:30-00:00,https://www.infobel.com/fr/belgium/financial/vat/BE0704799426,Bro?s Burger Kitchen,Rue Pont d'Avroy 25 4000 Liège LIEGE,20/09/2018,BE0704799426,31/12/2024,Asif Malik; Asif Malik Asif; Noël Ide,Administrateur,Asif,Malik,"Restauration à service restreint, à l'exclusion de restauration mobile","3 (2024) 2022 2023 2024 0 1 2 3 4 5 6 7 8 9 10 3 3 3 Marge Brute19 679 € (2024) 2022 2023 2024 -20,000 € -15,000 € -10,000 € -5,000 € 0 € 5,000 € 10,000 € 15,000 € 20,000 € 25,000 € -14,172 2,567 19,679"
https://www.infobel.com/fr/belgium/sushi_king/liege/BE105594003-042782268/businessdetails.aspx,2026-07-29,SUSHI KING à Liège,Rue Pont d'Avroy 51 4000 Liège LIEGE,4000,Liège,,04 278 22 68,,https://www.facebook.com/makikingliege,BE0888597303,Ma: 11:30-15:00; Me: 11:30-15:00; Je: 11:30-15:00; Ve: 11:30-15:00; Sa: 11:30-15:00; Di: 11:30-15:00,https://www.infobel.com/fr/belgium/financial/vat/BE0888597303,SUSHI KING,Rue Pont d'Avroy 51 4000 Liège LIEGE,26/03/2007,BE0888597303,31/03/2025,Gang Yin; Xin Zhang,Administrateur,Gang,Yin,"Activités de traiteur événementiel Marge Brute-2 509 € (2025) 2023 2024 2025 -4,000 € -2,000 € 0 € 2,000 € 4,000 € 6,000 € 8,000 € 10,000 € 12,000 € 14,000 € 16,000 € 18,000 € -1,045 15,460 -2,509",
https://www.infobel.com/fr/belgium/restaurant_indian_royal/liege/BE105630239-042533135/businessdetails.aspx,2026-07-29,Restaurant Indian Royal à Liège,Avenue Louise 231 1050 Bruxelles,4000,Liège,,04 253 31 35,indian.royal@hotmail.com,http://restaurantindianroyal.be/,BE0453604761,Lu: 12:00-14:00; Me: 12:00-14:00; Je: 12:00-14:00; Ve: 12:00-14:00; Sa: 12:00-14:00; Di: 12:00-14:00,https://www.infobel.com/fr/belgium/financial/vat/BE0453604761,Infobel,Avenue Louise 231 1050 Bruxelles,02/11/1994,BE0453604761,31/12/2024,,,,,Activités de conseil en informatique et de gestion d’installations informatiques,"11 (2024) 2022 2023 2024 8 9 9 10 10 11 11 12 10 9 11 Marge Brute1 311 537 € (2024) 2022 2023 2024 0 € 500,000 € 1,000,000 € 1,500,000 € 2,000,000 € 2,500,000 € 3,000,000 € 1,488,892 2,756,988 1,311,537"
https://www.infobel.com/fr/belgium/benzai/liege/BE105586470/businessdetails.aspx,2026-07-29,Benzai à Liège,Rue du Moulin 60 4020 Liège LIEGE,4020,Liège,,0484 03 52 68,,http://www.benzai.be,BE2367705959,Lu: 17:00-23:00; Ma: 17:00-23:00; Me: 17:00-23:00; Je: 17:00-23:00; Ve: 17:00-01:00; Sa: 17:00-01:00; Di: 17:00-01:00,https://www.infobel.com/fr/belgium/financial/vat/BE2367705959,Benzai,Rue du Moulin 60 4020 Liège LIEGE,01/01/2025,BE2367705959,,,,,,"Restauration à service restreint, à l'exclusion de restauration mobile",
https://www.infobel.com/fr/belgium/sauvage/liege/BE105488599-042473396/businessdetails.aspx,2026-07-29,Sauvage à Liège,Route du Condroz 151 4031 Liège LIEGE,4031,Liège,,0479 22 47 87; 04 247 33 96,,http://sauvage-restaurant.be/,BE2285002868,,https://www.infobel.com/fr/belgium/financial/vat/BE2285002868,Sauvage,Route du Condroz 151 4031 Liège LIEGE,01/01/2019,BE2285002868,,,,,,Commerce de détail d'autres articles de ménage n.c.a.,
https://www.infobel.com/fr/belgium/restaurant_bota_jardin_en_ville/liege/BE105353591-042520716/businessdetails.aspx,2026-07-29,Restaurant Bota Jardin en ville à Liège,Rue des Anges 27 4000 Liège LIEGE,4000,Liège,,0493 18 65 60; 04 252 07 16,b@sentry.wixpress.com,https://www.botajardinenville.be/,BE0878412105,Ma: 12:00-15:00; Me: 12:00-15:00; Je: 12:00-15:00; Ve: 12:00-15:00; Sa: 18:30-22:00,https://www.infobel.com/fr/belgium/financial/vat/BE0878412105,Bota,Rue des Anges 27 4000 Liège LIEGE,06/01/2006,BE0878412105,,Régis Mélotte,Administrateur,Régis,Mélotte,"Restauration à service restreint, à l'exclusion de restauration mobile",
https://www.infobel.com/fr/belgium/g_snack/liege/BE105098312-042650668/businessdetails.aspx,2026-07-29,G-Snack à Liège,Place Andréa Jadoulle 12 4031 Liège LIEGE,4031,Liège,,04 265 06 68,,https://www.facebook.com/G-snack-friterie-894619197285917/,BE0506722258,Ma: 11:30-14:00; Me: 11:30-14:00; Je: 11:30-14:00; Ve: 11:30-14:00; Di: 17:30-21:00,https://www.infobel.com/fr/belgium/financial/vat/BE0506722258,G-snack,Place Andréa Jadoulle 12 4031 Liège LIEGE,02/01/2015,BE0506722258,,Michaël Gonzalez Nagy,Administrateur,Michaël,Gonzalez Nagy,"Restauration à service restreint, à l'exclusion de restauration mobile",
https://www.infobel.com/fr/belgium/aux_quatre_bras/liege/BE105084535-043701734/businessdetails.aspx,2026-07-29,Aux Quatre Bras à Liège,Rue de Rabosée 194 4020 Liège LIEGE,4020,Liège,,04 370 17 34; 04 370 29 96,,http://www.les4bras.be/,BE0446179115,Me: 11:30-14:00; Je: 11:30-14:00; Ve: 11:30-14:00; Sa: 17:30-21:30; Di: 11:30-14:00,https://www.infobel.com/fr/belgium/financial/vat/BE0446179115,Aux Quatre Bras,Rue de Rabosée 194 4020 Liège LIEGE,07/01/1992,BE0446179115,31/12/2024,Rudi Glisenti,Administrateur,Rudi,Glisenti,"Restauration à service restreint, à l'exclusion de restauration mobile","2 (2024) 2022 2023 2024 0 1 2 3 4 5 6 7 8 9 10 1 1 2 Marge Brute-29 752 € (2024) 2022 2023 2024 -35,000 € -30,000 € -25,000 € -20,000 € -15,000 € -10,000 € -5,000 € 0 € -12,346 -3,636 -29,752"
https://www.infobel.com/fr/belgium/maharaja_royal/liege/BE104968762-042224373/businessdetails.aspx,2026-07-29,MAHARAJA ROYAL à Liège,Avenue Louise 231 1050 Bruxelles,4000,Liège,,0473 27 99 90; 04 222 43 73,,http://www.maharajapalace.be,BE0453604761,Lu: 12:00-14:00; Ma: 12:00-14:00; Me: 12:00-14:00; Je: 12:00-14:00; Ve: 12:00-14:00; Sa: 12:00-14:00; Di: 12:00-14:00,https://www.infobel.com/fr/belgium/financial/vat/BE0453604761,Infobel,Avenue Louise 231 1050 Bruxelles,02/11/1994,BE0453604761,31/12/2024,,,,,Activités de conseil en informatique et de gestion d’installations informatiques,"11 (2024) 2022 2023 2024 8 9 9 10 10 11 11 12 10 9 11 Marge Brute1 311 537 € (2024) 2022 2023 2024 0 € 500,000 € 1,000,000 € 1,500,000 € 2,000,000 € 2,500,000 € 3,000,000 € 1,488,892 2,756,988 1,311,537"
https://www.infobel.com/fr/belgium/le_petit_bistroquet/liege/BE102131384-042634666/businessdetails.aspx,2026-07-29,Le Petit Bistroquet à Liège,Rue du Gravier 45 4032 Liège LIEGE,4032,Liège,,0495 57 09 80; 04 263 46 66,,http://www.lepetitbistroquet.be/,BE0828929138,Lu: 12:00-14:00; Je: 12:00-14:00; Ve: 12:00-14:00; Sa: 19:00-21:00; Di: 12:00-14:00,https://www.infobel.com/fr/belgium/financial/vat/BE0828929138,LE PETIT BISTROQUET,Rue du Gravier 45 4032 Liège LIEGE,01/09/2010,BE0828929138,31/12/2024,Jean-François Farina; Jean-François Farina; Krystel Julie Genua,Administrateur,Jean-François,Farina,"Restauration à service restreint, à l'exclusion de restauration mobile","2 (2024) 2022 2023 2024 0 1 2 3 4 5 6 7 8 9 10 1 2 2 Marge Brute44 705 € (2024) 2022 2023 2024 0 € 10,000 € 20,000 € 30,000 € 40,000 € 50,000 € 60,000 € 70,000 € 80,000 € 90,000 € 83,179 40,850 44,705"
https://www.infobel.com/fr/belgium/altro/liege/BE101946194-042229199/businessdetails.aspx,2026-07-29,ALTRO à Liège,Rue Saint-Paul 5 4000 Liège LIEGE,4000,Liège,,04 222 91 99,,https://www.facebook.com/Altro-Maccheroni-1842825879318974/,BE0661807541,Lu: 10:00-16:00; Ma: 10:00-16:00; Me: 10:00-16:00; Je: 10:00-16:00; Ve: 10:00-16:00; Sa: 10:00-17:00,https://www.infobel.com/fr/belgium/financial/vat/BE0661807541,Altro,Rue Saint-Paul 5 4000 Liège LIEGE,30/08/2016,BE0661807541,31/12/2024,Martin Fonzé,Administrateur,Martin,Fonzé,Activités de traiteur événementiel,"6 (2024) 2022 2023 2024 4 5 6 7 8 9 10 6 5 6 Marge Brute14 245 € (2024) 2022 2023 2024 -200,000 € -150,000 € -100,000 € -50,000 € 0 € 50,000 € 100,000 € 150,000 € -137,741 109,056 14,245"
https://www.infobel.com/fr/belgium/il_crostini/liege/BE101936842-042370667/businessdetails.aspx,2026-07-29,Il Crostini à Liège,Avenue Louise 231 1050 Bruxelles,4000,Liège,,04 237 06 67,,https://search.infobelpro.com/belgium/fr/liege/liege,BE0453604761,Lu: 12:00-14:30; Me: 12:00-14:30; Je: 12:00-14:30; Ve: 12:00-14:30; Sa: 12:00-14:30; Di: 18:00-22:30,https://www.infobel.com/fr/belgium/financial/vat/BE0453604761,Infobel,Avenue Louise 231 1050 Bruxelles,02/11/1994,BE0453604761,31/12/2024,,,,,Activités de conseil en informatique et de gestion d’installations informatiques,"11 (2024) 2022 2023 2024 8 9 9 10 10 11 11 12 10 9 11 Marge Brute1 311 537 € (2024) 2022 2023 2024 0 € 500,000 € 1,000,000 € 1,500,000 € 2,000,000 € 2,500,000 € 3,000,000 € 1,488,892 2,756,988 1,311,537"
https://www.infobel.com/fr/belgium/les_folies_grillades/liege/BE101817996-042465141/businessdetails.aspx,2026-07-29,Les Folies Grillades à Liège,Rue d'Ans 172 4000 Liège LIEGE,4000,Liège,,04 246 51 41,,http://www.leglobal.be,BE0568911136,,https://www.infobel.com/fr/belgium/financial/vat/BE0568911136,LFG,Rue d'Ans 172 4000 Liège LIEGE,21/01/2015,BE0568911136,31/12/2024,Diana Khachatryan; Diana Khachatryan; Fenghui Liu,Administrateur,Diana,Khachatryan,Restauration à service complet,"3 (2024) 2022 2023 2024 0 1 2 3 4 5 6 7 8 9 10 2 4 3 Marge Brute30 € (2024) 2022 2023 2024 0 € 5,000 € 10,000 € 15,000 € 20,000 € 25,000 € 20,266 18,293 30"
https://www.infobel.com/fr/belgium/grand_maison/liege/BE100794184-042236504/businessdetails.aspx,2026-07-29,Grand Maison à Liège,Quai de la Goffe 37 4000 Liège LIEGE,4000,Liège,,0484 47 79 93; 04 223 65 04,,https://qr.wwwcafe.de/2025/08/12/grand-maison/,BE0630794364,Lu: 07:30-15:00; Ma: 07:30-15:00; Me: 07:30-15:00; Je: 07:30-15:00; Di: 10:00-15:00,https://www.infobel.com/fr/belgium/financial/vat/BE0630794364,Grand Maison,Quai de la Goffe 37 4000 Liège LIEGE,22/05/2015,BE0630794364,31/12/2024,Elisa Stolz,Administrateur,Elisa,Stolz,Cafés et bars,"0 (2024) 2024 0 1 2 3 4 5 6 7 8 9 10 0 Marge Brute00 € (2024) 2022 2023 2024 -10,000 € -5,000 € 0 € 5,000 € 10,000 € 15,000 € 20,000 € 25,000 € 30,000 € 35,000 € 40,000 € 9,816 35,952 -5,145"
https://www.infobel.com/fr/belgium/starbucks/liege/BE100746375-042356778/businessdetails.aspx,2026-07-29,Starbucks à Liège,Luchthaven Brussel Nationaal - 1930 Zaventem VLAAMS BRABANT,1474,évaluations),,04 235 67 78,,https://www.starbucks.fr/store-locator/store/1013152/liege-guillemins-station-2-place-de-guillemins-liege-wal-4000-be,BE0414555036,Lu: 06:00-21:00; Ma: 06:00-21:00; Me: 06:00-21:00; Je: 06:00-21:00; Ve: 06:00-21:00; Sa: 06:00-21:00; Di: 06:00-21:00,https://www.infobel.com/fr/belgium/financial/vat/BE0414555036,Autogrill België,Luchthaven Brussel Nationaal - 1930 Zaventem VLAAMS BRABANT,26/09/1974,BE0414555036,31/12/2024,tanislas (Stan) Monheim; Walter Sieb; Thibault Jouy,Administrateur,tanislas,(Stan) Monheim,"Restauration à service restreint, à l'exclusion de restauration mobile","657 (2024) 2023 2024 645 650 655 660 665 670 675 673 657 Marge Brute266 767 € (2024) 2023 2024 0 € 50,000 € 100,000 € 150,000 € 200,000 € 250,000 € 300,000 € 350,000 € 400,000 € 450,000 € 412,971 266,767"
https://www.infobel.com/fr/belgium/a_cortina/liege/BE100693327-042525533/businessdetails.aspx,2026-07-29,A Cortina à Liège,Rue de Serbie 3 4000 Liège LIEGE,4000,Liège,,0475 48 08 51; 04 252 55 33; 04 252 63 33,info@oye-oye.net,https://glacier-cortina.be/,BE0879609955,Me: 11:00-18:00; Je: 11:00-18:00; Ve: 11:00-18:00; Sa: 11:00-18:00; Di: 11:00-12:30,https://www.infobel.com/fr/belgium/financial/vat/BE0879609955,A Cortina,Rue de Serbie 3 4000 Liège LIEGE,20/02/2006,BE0879609955,31/12/2024,Jean-Christophe Sadron; Danielle Bastianelli; Jean-Christophe Sadron,Administrateur,Jean-Christophe,Sadron,"Fabrication de crèmes glacées et autres glaces alimentaires Marge Brute1 378 € (2024) 2022 2023 2024 0 € 2,000 € 4,000 € 6,000 € 8,000 € 10,000 € 12,000 € 14,000 € 16,000 € 7,062 15,060 1,378",
https://www.infobel.com/fr/belgium/la_licorne_de_feu/liege/BE100547757-042392885/businessdetails.aspx,2026-07-29,LA LICORNE DE FEU à Liège,Avenue Louise 231 1050 Bruxelles,4031,Liège,,04 239 28 85,letempledugout@hotmail.com,http://templedugout.be/,BE0453604761,Lu: 12:00-14:30; Ma: 12:00-14:30; Me: 12:00-14:30; Je: 12:00-14:30; Ve: 12:00-14:30; Sa: 12:00-14:30; Di: 12:00-12:45,https://www.infobel.com/fr/belgium/financial/vat/BE0453604761,Infobel,Avenue Louise 231 1050 Bruxelles,02/11/1994,BE0453604761,31/12/2024,,,,,Activités de conseil en informatique et de gestion d’installations informatiques,"11 (2024) 2022 2023 2024 8 9 9 10 10 11 11 12 10 9 11 Marge Brute1 311 537 € (2024) 2022 2023 2024 0 € 500,000 € 1,000,000 € 1,500,000 € 2,000,000 € 2,500,000 € 3,000,000 € 1,488,892 2,756,988 1,311,537"
https://www.infobel.com/fr/belgium/le_caprice/liege/BE100371372-043823323/businessdetails.aspx,2026-07-29,Le Caprice à Liège,,4030,Liège,,0494 74 74 23; 04 382 33 23,info@friterielecaprice.be,https://www.friterielecaprice.be/,BE0475940002,Lu: 11:30-14:00; Ma: 11:30-14:00; Me: 11:30-14:00; Je: 11:30-14:00; Ve: 11:30-14:00; Sa: 11:30-14:00; Di: 11:30-14:00,https://www.infobel.com/fr/belgium/financial/vat/BE0475940002,,,,,,,,,,,
https://www.infobel.com/fr/belgium/le_temps_d_une_pause/liege/BE100346533-043843756/businessdetails.aspx,2026-07-29,Le Temps D'Une Pause à Liège,Rue François Lefèbvre 65 4000 Liège LIEGE,4000,Liège,,0493 56 41 49; 04 384 37 56,,https://www.facebook.com/Le-temps-dune-pause-165948456904642/,BE0524926584,Je: 11:00-15:00; Ve: 11:00-15:00; Sa: 11:00-15:00; Di: 11:00-15:00,https://www.infobel.com/fr/belgium/financial/vat/BE0524926584,Le Temps d'Une Pause,Rue François Lefèbvre 65 4000 Liège LIEGE,28/03/2013,BE0524926584,,Jean Michel Husser; Jean Michel Husser; Gaetano Mineo,Administrateur,Jean,Michel Husser,Restauration à service complet,
https://www.infobel.com/fr/belgium/restaurant_le_shangai/liege/BE100351432-042222263/businessdetails.aspx,2026-07-29,Restaurant Le Shangai à Liège,Galeries Cathédrale 104 4000 Liège LIEGE,4000,Liège,,04 222 22 63; 04 223 00 50,,http://www.leshanghai.be,BE2043941042,Lu: 11:45-14:30; Ma: 09:00-12:00; Me: 11:45-14:30; Je: 11:45-14:30; Ve: 11:45-14:30; Sa: 11:45-14:30; Di: 11:45-14:30,https://www.infobel.com/fr/belgium/financial/vat/BE2043941042,Restaurant Le Shangai,Galeries Cathédrale 104 4000 Liège LIEGE,30/06/1989,BE2043941042,,,,,,Production de plats préparés à base de viande,
https://www.infobel.com/fr/belgium/la_parra/liege/BE100211049-042212401/businessdetails.aspx,2026-07-29,La Parra à Liège,Chéravoie 14 4000 Liège LIEGE,4000,Liège,,04 221 24 01,info@bar-laparra.com,http://bar-laparra.com/,BE0806778296,Me: 16:00-23:30; Je: 16:00-23:30; Ve: 16:00-01:30; Sa: 16:00-01:30; Di: 12:00-22:00,https://www.infobel.com/fr/belgium/financial/vat/BE0806778296,La Parra,Chéravoie 14 4000 Liège LIEGE,01/10/2008,BE0806778296,31/12/2024,Pierre Rixhon,Administrateur,Pierre,Rixhon,"Restauration à service restreint, à l'exclusion de restauration mobile Marge Brute13 290 € (2024) 2022 2023 2024 0 € 5,000 € 10,000 € 15,000 € 20,000 € 25,000 € 16,645 21,365 13,290",
https://www.infobel.com/fr/belgium/dakar/liege/BE100131339-043431172/businessdetails.aspx,2026-07-29,Dakar à Liège,Rue Roture 5 4020 Liège LIEGE,4020,Liège,,0497 36 57 76; 04 343 11 72,pressedakar@aso.fr,https://www.dakar.com/,BE0808422843,Me: 18:00-23:00; Je: 18:00-23:00; Ve: 18:00-23:00; Sa: 18:00-23:00; Di: 18:00-23:00,https://www.infobel.com/fr/belgium/financial/vat/BE0808422843,La Charbonnade,Rue Roture 5 4020 Liège LIEGE,08/12/2008,BE0808422843,31/12/2024,ébastien André Michel Reners; Julie Anne Laurence Goffinet,Administrateur,ébastien,André Michel Reners,Restauration à service complet,"1 (2024) 2022 2024 0 1 2 3 4 5 6 7 8 9 10 1 1 Marge Brute7 160 € (2024) 2022 2023 2024 -25,000 € -20,000 € -15,000 € -10,000 € -5,000 € 0 € 5,000 € 10,000 € -21,502 -6,581 7,160"
https://www.infobel.com/fr/belgium/l_aquilone/liege/BE100131363-043431751/businessdetails.aspx,2026-07-29,L'Aquilone à Liège,Boulevard Saucy 25 4020 Liège LIEGE,4020,Liège,,0496 21 50 46; 04 343 17 51,aquilone@gmail.com,https://aquilone.be/,BE0431738882,Je: 18:00-23:30; Ve: 18:00-23:30; Sa: 18:00-23:30,https://www.infobel.com/fr/belgium/financial/vat/BE0431738882,L'AQUILONE,Boulevard Saucy 25 4020 Liège LIEGE,21/10/1985,BE0431738882,,Nicolino Briale; Marie-Pierre Dessart; Marguerita Francescangeli,Administrateur,Nicolino,Briale,Autres associations n.c.a.,
https://www.infobel.com/fr/belgium/l_ange_vin/liege/BE100128113-042212921/businessdetails.aspx,2026-07-29,L'Ange Vin à Liège,Place du Marché 43 4000 Liège LIEGE,4000,Liège,,04 221 29 21,,http://www.resto.be/ware/details.jsp?businessid=10903,BE2115150524,,https://www.infobel.com/fr/belgium/financial/vat/BE2115150524,L'Ange Vin,Place du Marché 43 4000 Liège LIEGE,26/11/2002,BE2115150524,,,,,,Cafés et bars,
https://www.infobel.com/fr/belgium/le_moliere/liege/BE100128930-042241637/businessdetails.aspx,2026-07-29,Le Molière à Liège,Place de Bronckart 3 4000 Liège LIEGE,4000,Liège,,04 224 16 37,traiteur.moliere@gmail.com,https://www.lemoliere.be/,BE0841296440,Lu: 11:30-14:30; Ma: 11:30-14:30; Me: 11:30-14:30; Je: 11:30-14:30; Ve: 11:30-14:30,https://www.infobel.com/fr/belgium/financial/vat/BE0841296440,MoliÞre Arnaud,Place de Bronckart 3 4000 Liège LIEGE,01/01/2012,BE0841296440,,Arnaud Molière,Administrateur,Arnaud,Molière,"Restauration à service restreint, à l'exclusion de restauration mobile",
https://www.infobel.com/fr/belgium/galler/liege/BE100128690-042213050/businessdetails.aspx,2026-07-29,Galler à Liège,Avenue Louise 231 1050 Bruxelles,4000,Liège,,04 221 30 50; 422 13 05 0,jobs@galler.com,http://www.galler.com,BE0453604761,Lu: 10:00-18:00; Ma: 10:00-18:00; Me: 10:00-18:00; Je: 10:00-18:00; Ve: 10:00-18:30; Sa: 10:00-18:30,https://www.infobel.com/fr/belgium/financial/vat/BE0453604761,Infobel,Avenue Louise 231 1050 Bruxelles,02/11/1994,BE0453604761,31/12/2024,,,,,Activités de conseil en informatique et de gestion d’installations informatiques,"11 (2024) 2022 2023 2024 8 9 9 10 10 11 11 12 10 9 11 Marge Brute1 311 537 € (2024) 2022 2023 2024 0 € 500,000 € 1,000,000 € 1,500,000 € 2,000,000 € 2,500,000 € 3,000,000 € 1,488,892 2,756,988 1,311,537"
https://www.infobel.com/fr/belgium/point_chaud/liege/BE100128686-042320702/businessdetails.aspx,2026-07-29,Point chaud à Liège,Rue Pont d'Avroy 52 4000 Liège LIEGE,4000,Liège,,04 232 07 02,info@pointchaud.be,http://www.pointchaud.be,BE0630604522,Lu: 06:00-19:00; Ma: 06:00-19:00; Me: 06:00-19:00; Je: 06:00-19:00; Ve: 06:00-19:00; Sa: 06:00-19:00; Di: 06:00-17:00,https://www.infobel.com/fr/belgium/financial/vat/BE0630604522,Point Chaud,Rue Pont d'Avroy 52 4000 Liège LIEGE,13/05/2015,BE0630604522,31/12/2024,Didier Depreay; Brigitte Caroline Julie Roudelet,Administrateur,Didier,Depreay,"Restauration à service restreint, à l'exclusion de restauration mobile","3 (2024) 2022 2023 2024 0 1 2 3 4 5 6 7 8 9 10 4 5 3 Marge Brute-62 009 € (2024) 2022 2023 2024 -70,000 € -60,000 € -50,000 € -40,000 € -30,000 € -20,000 € -10,000 € 0 € 10,000 € 20,000 € 13,922 -32,620 -62,009"
https://www.infobel.com/fr/belgium/ty_breizh/liege/BE100128682-042230269/businessdetails.aspx,2026-07-29,Ty Breizh à Liège,Rue du Vieux Mayeur 36 BP 22 4000 Liège LIEGE,4000,Liège,,04 223 02 69,,http://www.tybreizh.be,BE0873571112,,https://www.infobel.com/fr/belgium/financial/vat/BE0873571112,TY BREIZH,Rue du Vieux Mayeur 36 BP 22 4000 Liège LIEGE,25/04/2005,BE0873571112,31/12/2023,Thierry Clément Louis Klompers; Emmanuelle Vatelot; Catherine Queval,Administrateur,Thierry,Clément Louis Klompers,"Restauration à service restreint, à l'exclusion de restauration mobile Marge Brute-24 576 € (2023) 2021 2022 2023 -30,000 € -25,000 € -20,000 € -15,000 € -10,000 € -5,000 € 0 € 5,000 € 10,000 € 15,000 € 11,288 -2,765 -24,576",
https://www.infobel.com/fr/belgium/marco_polo/liege/BE100132712-043654224/businessdetails.aspx,2026-07-29,Marco Polo à Liège,Rue du Sart-Tilman 343 4031 Liège LIEGE,1519,évaluations),,04 365 42 24,,http://www.lemarco-polo.be/,BE0788443021,Lu: 12:00-14:00; Ma: 12:00-14:00; Me: 12:00-14:00; Je: 12:00-14:00; Ve: 12:00-14:00; Sa: 18:00-22:00,https://www.infobel.com/fr/belgium/financial/vat/BE0788443021,MARCO POLO,Rue du Sart-Tilman 343 4031 Liège LIEGE,11/07/2022,BE0788443021,31/12/2024,Tony Palilla; Luca Cascio; Sandro Paparelli,Administrateur,Tony,Palilla,Restauration à service complet,"9 (2024) 2023 2024 7 8 9 10 8 9 Marge Brute-115 287 € (2024) 2023 2024 -200,000 € -180,000 € -160,000 € -140,000 € -120,000 € -100,000 € -80,000 € -60,000 € -40,000 € -20,000 € 0 € -182,907 -115,287"
https://www.infobel.com/fr/belgium/y_sing/liege/BE100127869-042233578/businessdetails.aspx,2026-07-29,Y-sing à Liège,Boulevard de la Sauvenière 50 4000 Liège LIEGE,4000,Liège,,04 223 35 78,,https://www.facebook.com/restaurantysing/?modal=admin_todo_tour,BE0867214048,,https://www.infobel.com/fr/belgium/financial/vat/BE0867214048,Y-SING,Boulevard de la Sauvenière 50 4000 Liège LIEGE,14/09/2004,BE0867214048,,CHANG-CHEN LIN,Administrateur,CHANG-CHEN,LIN,Restauration à service complet,
https://www.infobel.com/fr/belgium/da_rosolino/liege/BE100105421-043686011/businessdetails.aspx,2026-07-29,Da Rosolino à Liège,Rue Walthère Dewé 11 4000 Liège LIEGE,4000,Liège,,04 368 60 11,info@trendstop.be,https://trendstop.levif.be/fr/detail/846750315/da-rosolino.aspx,BE0846750315,,https://www.infobel.com/fr/belgium/financial/vat/BE0846750315,Da Rosolino,Rue Walthère Dewé 11 4000 Liège LIEGE,19/06/2012,BE0846750315,31/12/2023,abrina Elvira Viviane Lo Verso,Administrateur,abrina,Elvira Viviane Lo Verso,"Restauration à service complet Marge Brute1 319 € (2023) 2021 2022 2023 -25,000 € -20,000 € -15,000 € -10,000 € -5,000 € 0 € 5,000 € 10,000 € 15,000 € 20,000 € 25,000 € 30,000 € 23,722 -18,620 1,319",
https://www.infobel.com/fr/belgium/cap_sud/liege/BE100093665-042212878/businessdetails.aspx,2026-07-29,Cap sud à Liège,Rue Louvrex 5 4000 Liège LIEGE,4000,Liège,,04 221 28 78,,http://www.resto.be/ware/details.jsp?businessid=3242,BE2340022654,Lu: 09:30-15:30; Ma: 09:30-15:30; Me: 09:30-15:30; Je: 09:30-15:30; Ve: 09:30-15:30,https://www.infobel.com/fr/belgium/financial/vat/BE2340022654,Capsud,Rue Louvrex 5 4000 Liège LIEGE,01/04/2023,BE2340022654,,,,,,Achat et vente de biens propres,
https://www.infobel.com/fr/belgium/toccata/liege/BE100660029-042223100/businessdetails.aspx,2026-07-29,Toccata à Liège,Place du Marché 11 4000 Liège LIEGE,4000,Liège,,0495 62 00 03; 04 222 31 00; 04 222 31 00,,https://www.facebook.com/ToccataLiege/,BE0597544744,Lu: 08:00-23:00; Ma: 08:00-23:00; Me: 08:00-23:00; Je: 08:00-23:00; Ve: 08:00-23:00; Sa: 09:00-23:00; Di: 09:00-23:00,https://www.infobel.com/fr/belgium/financial/vat/BE0597544744,TOCCATA CREME DE CAFE,Place du Marché 11 4000 Liège LIEGE,16/12/1994,BE0597544744,,Pierre Marchandise Nzemawa; Pierre Marchandise Nzemawa,Administrateur,Pierre,Marchandise Nzemawa,"Vente au comptoir ou par téléphone, fax, internet d'aliments et de boissons : croissanteries, crêperies et gaufreries",
https://www.infobel.com/fr/belgium/fratelli_di/liege/BE100671707-043413042/businessdetails.aspx,2026-07-29,FRATELLI.DI à Liège,Rue Grétry 24 4020 Liège LIEGE,4020,Liège,,04 341 30 42,,http://www.al-piccolomondo.be/,BE0834732411,Me: 12:00-14:00; Je: 12:00-14:00; Ve: 12:00-14:00; Sa: 12:00-14:00; Di: 12:00-14:00,https://www.infobel.com/fr/belgium/financial/vat/BE0834732411,Fratelli.DI,Rue Grétry 24 4020 Liège LIEGE,18/03/2011,BE0834732411,31/12/2024,Gasparé Di Salvo,Administrateur,Gasparé,Di Salvo,Restauration à service complet,"3 (2023) 2022 2023 0 1 2 3 4 5 6 7 8 9 10 2 3 Marge Brute25 514 € (2024) 2022 2023 2024 0 € 5,000 € 10,000 € 15,000 € 20,000 € 25,000 € 30,000 € 5,418 1,813 25,514"
https://www.infobel.com/fr/belgium/spicy/liege/BE100649363-042472416/businessdetails.aspx,2026-07-29,Spicy à Liège,Rue François Lefèbvre 81 4000 Liège LIEGE,4000,Liège,,0476 95 06 26; 04 247 24 16,,https://search.infobelpro.com/belgium/fr/liege/liege,BE2166787681,Lu: 09:15-12:00; Ma: 10:00-20:30; Me: 10:00-20:30; Je: 10:00-20:30; Ve: 10:00-21:30; Sa: 10:00-21:30; Di: 09:00-12:00,https://www.infobel.com/fr/belgium/financial/vat/BE2166787681,Aux Saveurs de la Grèce,Rue François Lefèbvre 81 4000 Liège LIEGE,04/12/2006,BE2166787681,,,,,,Activités d’intermédiaire du commerce de gros en produits alimentaires et tabac,
https://www.infobel.com/fr/belgium/que_bueno/liege/BE100606581-042229174/businessdetails.aspx,2026-07-29,Que Bueno à Liège,Rue de la Goffe 20 / 22 4000 Liège LIEGE,4000,Liège,,0491 24 34 74; 04 222 91 74,info@restoquebueno.be,http://www.restoquebueno.be/,BE0545870468,Me: 18:30-21:00; Je: 18:30-21:00; Ve: 12:00-15:00; Sa: 18:30-22:00; Di: 07:00-18:00,https://www.infobel.com/fr/belgium/financial/vat/BE0545870468,Le Moins Cher,Rue de la Goffe 20 / 22 4000 Liège LIEGE,07/02/2014,BE0545870468,31/12/2024,,,,,"Activités d’intermédiaire non spécialisé du commerce de gros Marge Brute-17 010 € (2024) 2022 2023 2024 -30,000 € -25,000 € -20,000 € -15,000 € -10,000 € -5,000 € 0 € -24,321 -11,138 -17,010",
https://www.infobel.com/fr/belgium/da_pino/liege/BE100630115-042500092/businessdetails.aspx,2026-07-29,Da Pino à Liège,,4000,Liège,,0491 08 64 62; 04 250 00 92,,https://ni-pino-anctrattoria-da-pino.business.site/,BE0475271393,Ma: 12:00-14:00; Me: 12:00-14:00; Je: 12:00-14:00; Ve: 12:00-14:00; Sa: 12:00-14:00,https://www.infobel.com/fr/belgium/financial/vat/BE0475271393,,,,,,,,,,,
https://www.infobel.com/fr/belgium/espace_evazio/rocourt/BE107135813/businessdetails.aspx,2026-07-29,Espace Evazio à Liège,Avenue Louise 231 1050 Bruxelles,4000,Liège - Rocourt,,0478 93 82 32,hello@evazio.be,http://www.evazio.be/,BE0453604761,Lu: 09:00-18:00; Ma: 09:00-18:00; Me: 09:00-18:00; Je: 09:00-18:00; Ve: 09:00-18:00,https://www.infobel.com/fr/belgium/financial/vat/BE0453604761,Infobel,Avenue Louise 231 1050 Bruxelles,02/11/1994,BE0453604761,31/12/2024,,,,,Activités de conseil en informatique et de gestion d’installations informatiques,"11 (2024) 2022 2023 2024 8 9 9 10 10 11 11 12 10 9 11 Marge Brute1 311 537 € (2024) 2022 2023 2024 0 € 500,000 € 1,000,000 € 1,500,000 € 2,000,000 € 2,500,000 € 3,000,000 € 1,488,892 2,756,988 1,311,537"
https://www.infobel.com/fr/belgium/friterie_chez_pat/liege/BE107108852/businessdetails.aspx,2026-07-29,Friterie Chez Pat à Liège,Avenue Louise 231 1050 Bruxelles,4000,Liège,,0471 84 14 20,,http://www.friteur.be/,BE0453604761,Lu: 11:00-14:00; Ma: 11:00-14:00; Me: 11:00-14:00; Je: 11:00-14:00; Ve: 11:00-14:00,https://www.infobel.com/fr/belgium/financial/vat/BE0453604761,Infobel,Avenue Louise 231 1050 Bruxelles,02/11/1994,BE0453604761,31/12/2024,,,,,Activités de conseil en informatique et de gestion d’installations informatiques,"11 (2024) 2022 2023 2024 8 9 9 10 10 11 11 12 10 9 11 Marge Brute1 311 537 € (2024) 2022 2023 2024 0 € 500,000 € 1,000,000 € 1,500,000 € 2,000,000 € 2,500,000 € 3,000,000 € 1,488,892 2,756,988 1,311,537"
https://www.infobel.com/fr/belgium/kraime/liege/BE107106782/businessdetails.aspx,2026-07-29,KRAIME à Liège,Avenue Louise 231 1050 Bruxelles,4000,Liège,,032516623,,https://www.instagram.com/kraime_by_darius?igsh=eWxtMnBnYzNtNGYw,BE0453604761,Lu: 09:00-18:00; Ma: 09:00-18:00; Me: 09:00-18:00; Je: 09:00-18:00; Ve: 09:00-18:00; Sa: 09:00-18:00; Di: 09:00-18:00,https://www.infobel.com/fr/belgium/financial/vat/BE0453604761,Infobel,Avenue Louise 231 1050 Bruxelles,02/11/1994,BE0453604761,31/12/2024,,,,,Activités de conseil en informatique et de gestion d’installations informatiques,"11 (2024) 2022 2023 2024 8 9 9 10 10 11 11 12 10 9 11 Marge Brute1 311 537 € (2024) 2022 2023 2024 0 € 500,000 € 1,000,000 € 1,500,000 € 2,000,000 € 2,500,000 € 3,000,000 € 1,488,892 2,756,988 1,311,537"
https://www.infobel.com/fr/belgium/le_coin_poste/liege/BE107041958/businessdetails.aspx,2026-07-29,Le Coin Poste à Liège,Avenue Louise 231 1050 Bruxelles,4000,Liège,,0453604761,,https://www.facebook.com/share/1Co8vTf3fL/,BE0453604761,Ma: 18:30-21:00; Me: 12:00-14:00; Je: 12:00-14:00; Ve: 12:00-14:00; Sa: 18:00-21:30; Di: 12:00-14:00,https://www.infobel.com/fr/belgium/financial/vat/BE0453604761,Infobel,Avenue Louise 231 1050 Bruxelles,02/11/1994,BE0453604761,31/12/2024,,,,,Activités de conseil en informatique et de gestion d’installations informatiques,"11 (2024) 2022 2023 2024 8 9 9 10 10 11 11 12 10 9 11 Marge Brute1 311 537 € (2024) 2022 2023 2024 0 € 500,000 € 1,000,000 € 1,500,000 € 2,000,000 € 2,500,000 € 3,000,000 € 1,488,892 2,756,988 1,311,537"
https://www.infobel.com/fr/belgium/tasty_food_wandre/liege/BE107026266-042431679/businessdetails.aspx,2026-07-29,Tasty Food Wandre à Liège,Rue du Pont de Wandre 75 4020 Liège LIEGE,4020,Liège,,0498 81 49 12; 04 243 16 79,,https://search.infobelpro.com/belgium/fr/liege/liege,BE1024974947,Lu: 19:00-03:00; Ma: 19:00-03:00; Me: 19:00-03:00; Je: 19:00-03:00; Ve: 19:00-03:00; Sa: 19:00-03:00; Di: 19:00-03:00,https://www.infobel.com/fr/belgium/financial/vat/BE1024974947,Tasty Food Wandre,Rue du Pont de Wandre 75 4020 Liège LIEGE,01/07/2025,BE1024974947,,Bilal Lang; Cumha El Hassan,Administrateur,Bilal,Lang,"Restauration à service restreint, à l'exclusion de restauration mobile",
https://www.infobel.com/fr/belgium/izmir/liege/BE107009572/businessdetails.aspx,2026-07-29,Izmir à Liège,Avenue Louise 231 1050 Bruxelles,4000,Liège,,0499 47 47 00,,https://m.facebook.com/Izmirliege-171614556754018/?tsid=0.14405950580177262&source=result,BE0453604761,Ma: 11:15-02:00; Me: 11:15-02:00; Je: 11:15-02:00; Ve: 11:15-04:00; Sa: 11:15-04:00; Di: 11:15-02:00,https://www.infobel.com/fr/belgium/financial/vat/BE0453604761,Infobel,Avenue Louise 231 1050 Bruxelles,02/11/1994,BE0453604761,31/12/2024,,,,,Activités de conseil en informatique et de gestion d’installations informatiques,"11 (2024) 2022 2023 2024 8 9 9 10 10 11 11 12 10 9 11 Marge Brute1 311 537 € (2024) 2022 2023 2024 0 € 500,000 € 1,000,000 € 1,500,000 € 2,000,000 € 2,500,000 € 3,000,000 € 1,488,892 2,756,988 1,311,537"
https://www.infobel.com/fr/belgium/sushi_chez_lin/liege/BE107321483-042635888/businessdetails.aspx,2026-07-29,Sushi chez Lin à Liège,Rue Saint-Léonard 549 4000 Liège LIEGE,4000,Liège,,04 263 58 88,,https://www.sushichezlin.be/,BE1025919510,Lu: 17:30-22:00; Ma: 11:30-14:30; Me: 11:30-14:30; Je: 11:30-14:30; Ve: 11:30-14:30; Sa: 11:30-14:30; Di: 11:30-14:30,https://www.infobel.com/fr/belgium/financial/vat/BE1025919510,Sushi Chez Lin,Rue Saint-Léonard 549 4000 Liège LIEGE,01/09/2025,BE1025919510,,Xingjian Lin,Administrateur,Xingjian,Lin,Restauration à service complet,
https://www.infobel.com/fr/belgium/point_chaud/liege/BE107315864-042472099/businessdetails.aspx,2026-07-29,Point Chaud à Liège - Avenue Hippocrate 1,Rue des Technologies 24 4432 Ans LIEGE,4031,Liège,,04 247 20 99,,https://www.pointchaud.be/fr/CHU-SART-TILMAN,BE0449629444,Lu: 05:30-19:00; Ma: 05:30-19:00; Me: 05:30-19:00; Je: 05:30-19:00; Ve: 05:30-19:00; Sa: 06:30-18:00; Di: 06:30-18:00,https://www.infobel.com/fr/belgium/financial/vat/BE0449629444,Chaud Diffusion,Rue des Technologies 24 4432 Ans LIEGE,11/03/1993,BE0449629444,31/12/2024,,,,,Commerce de détail de pain et de pâtisserie (dépôts),"245 (2024) 2022 2023 2024 220 225 230 235 240 245 250 255 260 265 260 235 245 Marge Brute1 074 170 € (2024) 2022 2023 2024 0 € 200,000 € 400,000 € 600,000 € 800,000 € 1,000,000 € 1,200,000 € 1,400,000 € 1,600,000 € 1,203,766 1,363,083 1,074,170"
https://www.infobel.com/fr/belgium/point_chaud/sart_tilman/BE107318772-042472099/businessdetails.aspx,2026-07-29,Point Chaud à Liège - Avenue de l'Hôpital 1,Rue des Technologies 24 4432 Ans LIEGE,4031,Liège - Sart-Tilman,,04 247 20 99,,https://www.pointchaud.be/fr/CHU-SART-TILMAN,BE0449629444,Lu: 05:30-19:00; Ma: 05:30-19:00; Me: 05:30-19:00; Je: 05:30-19:00; Ve: 05:30-19:00; Sa: 06:30-18:00; Di: 06:30-18:00,https://www.infobel.com/fr/belgium/financial/vat/BE0449629444,Chaud Diffusion,Rue des Technologies 24 4432 Ans LIEGE,11/03/1993,BE0449629444,31/12/2024,,,,,Commerce de détail de pain et de pâtisserie (dépôts),"245 (2024) 2022 2023 2024 220 225 230 235 240 245 250 255 260 265 260 235 245 Marge Brute1 074 170 € (2024) 2022 2023 2024 0 € 200,000 € 400,000 € 600,000 € 800,000 € 1,000,000 € 1,200,000 € 1,400,000 € 1,600,000 € 1,203,766 1,363,083 1,074,170"
https://www.infobel.com/fr/belgium/le_bistrot_d_en_face/liege/BE107262715-042231584/businessdetails.aspx,2026-07-29,Le Bistrot d’En Face à Liège - Rue de la Goffe 810,Rue de la Goffe 8 10 4000 Liège LIEGE,1043,évaluations),,04 223 15 84; 04 223 15 86,info@lebistrotdenface.be,https://lebistrotdenface.be/,BE0464644351,Me: 12:00-13:30; Je: 12:00-13:30; Ve: 12:00-13:30; Sa: 19:00-21:30; Di: 12:00-13:30,https://www.infobel.com/fr/belgium/financial/vat/BE0464644351,Bistrot d'EN Face,Rue de la Goffe 8 10 4000 Liège LIEGE,13/11/1998,BE0464644351,31/12/2024,Thierry Marée; Thierry Marée; Laurence Kinnaer,Administrateur,Thierry,Marée,Restauration à service complet,"3 (2024) 2022 2023 2024 0 1 2 3 4 5 6 7 8 9 10 4 3 3 Marge Brute851 € (2024) 2022 2023 2024 0 € 5,000 € 10,000 € 15,000 € 20,000 € 25,000 € 30,000 € 35,000 € 31,704 19,292 851"
https://www.infobel.com/fr/belgium/le_shanghai/liege/BE107250340-042222263/businessdetails.aspx,2026-07-29,Le Shanghai à Liège - Rue de la Cathédrale 1,Rue Charles Magnette 60 102 4000 Liège LIEGE,3470,évaluations),,04 222 22 63; 04 223 00 50,,http://www.leshanghai.be/,BE0459882344,Lu: 12:00-14:30; Me: 12:00-14:30; Je: 12:00-14:30; Ve: 12:00-14:30; Sa: 12:00-14:30; Di: 12:00-14:30,https://www.infobel.com/fr/belgium/financial/vat/BE0459882344,Le Shanghai,Rue Charles Magnette 60 102 4000 Liège LIEGE,31/01/1997,BE0459882344,31/12/2024,Ai Mei Chen; Ai-Mei Chen; Ai-Mei Chen,Administrateur,Ai,Mei Chen,Restauration à service complet,"19 (2024) 2022 2023 2024 14 15 16 17 18 19 20 21 16 20 19 Marge Brute51 973 € (2024) 2022 2023 2024 0 € 20,000 € 40,000 € 60,000 € 80,000 € 100,000 € 120,000 € 140,000 € 160,000 € 180,000 € 200,000 € 188,991 45,832 51,973"
https://www.infobel.com/fr/belgium/little_italy/liege/BE107235995-042505042/businessdetails.aspx,2026-07-29,Little Italy à Liège,Avenue Louise 231 1050 Bruxelles,4000,Liège,,0493 31 65 61; 04 250 50 42,info@cafe.com,https://yellow.pages.wwwcafe.de/little-italy-pizzeria/,BE0453604761,Lu: 11:45-16:30; Ma: 11:45-16:30; Me: 11:45-16:30; Je: 11:45-16:30; Ve: 11:45-16:30; Sa: 11:45-16:30,https://www.infobel.com/fr/belgium/financial/vat/BE0453604761,Infobel,Avenue Louise 231 1050 Bruxelles,02/11/1994,BE0453604761,31/12/2024,,,,,Activités de conseil en informatique et de gestion d’installations informatiques,"11 (2024) 2022 2023 2024 8 9 9 10 10 11 11 12 10 9 11 Marge Brute1 311 537 € (2024) 2022 2023 2024 0 € 500,000 € 1,000,000 € 1,500,000 € 2,000,000 € 2,500,000 € 3,000,000 € 1,488,892 2,756,988 1,311,537"
https://www.infobel.com/fr/belgium/rosso_vino/liege/BE107235455-043650425/businessdetails.aspx,2026-07-29,Rosso Vino à Liège,Rue Félix Vandersnoeck 1 4000 Liège LIEGE,4000,Liège,,04 365 04 25,,http://www.facebook.com/IlRossoVino,BE0502467027,Ma: 12:00-14:00; Me: 12:00-14:00; Je: 12:00-21:00; Ve: 12:00-14:00; Sa: 18:00-21:00,https://www.infobel.com/fr/belgium/financial/vat/BE0502467027,Rossovino,Rue Félix Vandersnoeck 1 4000 Liège LIEGE,15/01/2013,BE0502467027,31/12/2024,Tiziana Coppola; Maurizio Cantagallo,Administrateur,Tiziana,Coppola,"Restauration à service restreint, à l'exclusion de restauration mobile","3 (2024) 2022 2023 2024 0 1 2 3 4 5 6 7 8 9 10 1 1 3 Marge Brute83 535 € (2024) 2022 2023 2024 0 € 10,000 € 20,000 € 30,000 € 40,000 € 50,000 € 60,000 € 70,000 € 80,000 € 90,000 € 54,796 56,430 83,535"
https://www.infobel.com/fr/belgium/chems_eddine/liege/BE107134313-042390800/businessdetails.aspx,2026-07-29,CHEMS EDDINE à Liège,Avenue Louise 231 1050 Bruxelles,4000,Liège,,0465 29 13 87; 04 239 08 00,aliantomani@gmail.com,http://www.chemseddine.be/contact/,BE0453604761,Lu: 12:00-14:00; Ma: 12:00-14:00; Je: 12:00-14:00; Ve: 12:00-14:00; Sa: 18:00-23:00; Di: 12:00-14:00,https://www.infobel.com/fr/belgium/financial/vat/BE0453604761,Infobel,Avenue Louise 231 1050 Bruxelles,02/11/1994,BE0453604761,31/12/2024,,,,,Activités de conseil en informatique et de gestion d’installations informatiques,"11 (2024) 2022 2023 2024 8 9 9 10 10 11 11 12 10 9 11 Marge Brute1 311 537 € (2024) 2022 2023 2024 0 € 500,000 € 1,000,000 € 1,500,000 € 2,000,000 € 2,500,000 € 3,000,000 € 1,488,892 2,756,988 1,311,537"
https://www.infobel.com/fr/belgium/huggys/liege/BE107123003-042629339/businessdetails.aspx,2026-07-29,HUGGYS à Liège,Rue de Bruxelles 10 -15 4340 Awans LIEGE,3726,évaluations),,0495 62 16 53; 04 262 93 39,,https://huggys.be/fr/restaurant/liege-1/,BE0845381328,Lu: 12:00-22:00; Ma: 12:00-22:00; Me: 12:00-22:00; Je: 12:00-22:00; Ve: 12:00-22:00; Sa: 12:00-22:00; Di: 12:00-22:00,https://www.infobel.com/fr/belgium/financial/vat/BE0845381328,THB1,Rue de Bruxelles 10 -15 4340 Awans LIEGE,18/04/2012,BE0845381328,31/12/2024,Thomas Milon Steve Memurlin; Thomas Milon Steve Memurlin; Roberto Navarro Guanipa,Administrateur,Thomas,Milon Steve Memurlin,Cafés et bars,"22 (2023) 2022 2023 0 5 10 15 20 25 4 22 Marge Brute-52 676 € (2024) 2022 2023 2024 -120,000 € -100,000 € -80,000 € -60,000 € -40,000 € -20,000 € 0 € -61,718 -107,924 -52,676"
https://www.infobel.com/fr/belgium/franchi_g/liege/BE107120213-042235539/businessdetails.aspx,2026-07-29,Franchi G à Liège,Rue Saint-Gilles 13 4000 Liège LIEGE,1332,évaluations),,04 223 55 39; 04 223 55 39,,http://franchi.be/,BE0872510842,Ma: 12:00-18:30; Me: 12:00-18:30; Je: 12:00-18:30; Ve: 12:00-18:30; Sa: 12:00-18:30; Di: 13:00-18:30,https://www.infobel.com/fr/belgium/financial/vat/BE0872510842,Sprl Franchi G,Rue Saint-Gilles 13 4000 Liège LIEGE,10/03/2005,BE0872510842,31/12/2024,Gerard Franchi; Stephanie Fortin; Stéphanie Fortin,Administrateur,Gerard,Franchi,Commerce de détail non spécialisé dans lequel les produits alimentaires et le tabac prédominent,"1 (2024) 2022 2023 2024 0 1 2 3 4 5 6 7 8 9 10 1 1 1 Marge Brute22 755 € (2024) 2022 2023 2024 -10,000 € -5,000 € 0 € 5,000 € 10,000 € 15,000 € 20,000 € 25,000 € 30,000 € 35,000 € 30,529 -7,603 22,755"
https://www.infobel.com/fr/belgium/palais_du_lotus/liege/BE107113738-043428709/businessdetails.aspx,2026-07-29,Palais du Lotus à Liège,Rue Grétry 81 4020 Liège LIEGE,4020,Liège,,0496 74 85 98; 04 342 87 09,,https://www.facebook.com/pages/Palais-du-Lotus/322686344450772,BE0862576557,Lu: 11:30-14:30; Ma: 11:30-14:30; Me: 11:30-14:30; Je: 11:30-14:30; Ve: 11:30-14:30; Sa: 11:30-14:30; Di: 11:30-14:30,https://www.infobel.com/fr/belgium/financial/vat/BE0862576557,SHUN-DA,Rue Grétry 81 4020 Liège LIEGE,19/12/2003,BE0862576557,31/12/2024,Weiwei Yao,Administrateur,Weiwei,Yao,"Restauration à service complet Marge Brute88 570 € (2024) 2022 2023 2024 -25,000 € -20,000 € -15,000 € -10,000 € -5,000 € 0 € -23,129 -16,034 -409",
https://www.infobel.com/fr/belgium/cafeplus/liege/BE107106178/businessdetails.aspx,2026-07-29,Cafeplus à Liège,Avenue Louise 231 1050 Bruxelles,4032,Liège,,0470 88 83 27,,https://menucards.cc/LeCafe/fr,BE0453604761,Lu: 08:30-19:00; Ma: 08:30-19:00; Me: 08:30-19:00; Je: 08:30-19:00; Ve: 08:30-19:00; Sa: 09:30-18:00,https://www.infobel.com/fr/belgium/financial/vat/BE0453604761,Infobel,Avenue Louise 231 1050 Bruxelles,02/11/1994,BE0453604761,31/12/2024,,,,,Activités de conseil en informatique et de gestion d’installations informatiques,"11 (2024) 2022 2023 2024 8 9 9 10 10 11 11 12 10 9 11 Marge Brute1 311 537 € (2024) 2022 2023 2024 0 € 500,000 € 1,000,000 € 1,500,000 € 2,000,000 € 2,500,000 € 3,000,000 € 1,488,892 2,756,988 1,311,537"
https://www.infobel.com/fr/belgium/artist_restaurant_liege/liege/BE107098330-042307060/businessdetails.aspx,2026-07-29,Artist Restaurant Liege à Liège,,4000,Liège,,0496 10 14 04; 04 230 70 60,artist.restaurant.liege@gmail.com,http://www.artist-restaurant-liege.com/,BE0442202313,Ma: 12:00-22:00; Me: 12:00-22:00; Je: 12:00-22:00; Ve: 12:00-22:00; Sa: 12:00-22:00,https://www.infobel.com/fr/belgium/financial/vat/BE0442202313,,,,,,,,,,,
https://www.infobel.com/fr/belgium/brasserie_sauveniere_les_grignoux/liege/BE107104873-042222778/businessdetails.aspx,2026-07-29,Brasserie Sauvenière (Les Grignoux) à Liège,Place Xavier Neujean 12 BP A 4000 Liège LIEGE,1698,évaluations),,04 222 27 78,contact@grignoux.be,https://www.grignoux.be/fr/brasserie-sauveniere,BE2180640667,Lu: 11:00-21:30; Ma: 11:00-21:30; Me: 11:00-22:30; Je: 11:00-22:30; Ve: 11:00-00:00; Sa: 12:00-00:00; Di: 12:00-23:00,https://www.infobel.com/fr/belgium/financial/vat/BE2180640667,Brasserie Sauvenière,Place Xavier Neujean 12 BP A 4000 Liège LIEGE,09/05/2008,BE2180640667,,,,,,Restauration à service complet,
https://www.infobel.com/fr/belgium/la_tartiflette_savoyarde/liege/BE107083153/businessdetails.aspx,2026-07-29,La Tartiflette Savoyarde à Liège,Avenue Louise 231 1050 Bruxelles,4000,Liège,,0484 94 26 43,jeanmarcwuyts@hotmail.com,https://latartiflettesavoyarde.eatbu.com/,BE0453604761,Lu: 08:00-22:00; Ma: 08:00-22:00; Me: 08:00-22:00; Je: 08:00-22:00; Ve: 08:00-22:00; Sa: 08:00-22:00; Di: 08:00-22:00,https://www.infobel.com/fr/belgium/financial/vat/BE0453604761,Infobel,Avenue Louise 231 1050 Bruxelles,02/11/1994,BE0453604761,31/12/2024,,,,,Activités de conseil en informatique et de gestion d’installations informatiques,"11 (2024) 2022 2023 2024 8 9 9 10 10 11 11 12 10 9 11 Marge Brute1 311 537 € (2024) 2022 2023 2024 0 € 500,000 € 1,000,000 € 1,500,000 € 2,000,000 € 2,500,000 € 3,000,000 € 1,488,892 2,756,988 1,311,537"
https://www.infobel.com/fr/belgium/le_shanghai/liege/BE107069247-042222263/businessdetails.aspx,2026-07-29,Le Shanghai à Liège - Place de la Cathédrale 3,Rue Charles Magnette 60 102 4000 Liège LIEGE,3470,évaluations),,04 222 22 63; 04 223 00 50,,http://www.leshanghai.be/,BE0459882344,Lu: 12:00-14:30; Me: 12:00-14:30; Je: 12:00-14:30; Ve: 12:00-14:30; Sa: 12:00-14:30; Di: 12:00-14:30,https://www.infobel.com/fr/belgium/financial/vat/BE0459882344,Le Shanghai,Rue Charles Magnette 60 102 4000 Liège LIEGE,31/01/1997,BE0459882344,31/12/2024,Ai Mei Chen; Ai-Mei Chen; Ai-Mei Chen,Administrateur,Ai,Mei Chen,Restauration à service complet,"19 (2024) 2022 2023 2024 14 15 16 17 18 19 20 21 16 20 19 Marge Brute51 973 € (2024) 2022 2023 2024 0 € 20,000 € 40,000 € 60,000 € 80,000 € 100,000 € 120,000 € 140,000 € 160,000 € 180,000 € 200,000 € 188,991 45,832 51,973"
https://www.infobel.com/fr/belgium/le_20/liege/BE107071036-042282264/businessdetails.aspx,2026-07-29,Le 20 à Liège,Avenue Louise 231 1050 Bruxelles,4000,Liège,,04 228 22 64,sallesettraiteur@stepmetiers.be,https://stepmetiers.be/restaurants/le20/,BE0453604761,Lu: 11:30-13:45; Ma: 11:30-13:45; Me: 11:30-13:45; Je: 11:30-13:45; Ve: 11:30-13:45,https://www.infobel.com/fr/belgium/financial/vat/BE0453604761,Infobel,Avenue Louise 231 1050 Bruxelles,02/11/1994,BE0453604761,31/12/2024,,,,,Activités de conseil en informatique et de gestion d’installations informatiques,"11 (2024) 2022 2023 2024 8 9 9 10 10 11 11 12 10 9 11 Marge Brute1 311 537 € (2024) 2022 2023 2024 0 € 500,000 € 1,000,000 € 1,500,000 € 2,000,000 € 2,500,000 € 3,000,000 € 1,488,892 2,756,988 1,311,537"
https://www.infobel.com/fr/belgium/les_fables_du_liban/liege/BE107062220/businessdetails.aspx,2026-07-29,Les Fables Du Liban à Liège - Rue Pied du Pont des Arches 2,Avenue Louise 231 1050 Bruxelles,4000,Liège,,0484 78 43 99,info@oye-oye.net,https://lesfablesduliban.be/,BE0453604761,Je: 18:30-22:30; Ve: 18:30-22:30; Sa: 18:30-22:30,https://www.infobel.com/fr/belgium/financial/vat/BE0453604761,Infobel,Avenue Louise 231 1050 Bruxelles,02/11/1994,BE0453604761,31/12/2024,,,,,Activités de conseil en informatique et de gestion d’installations informatiques,"11 (2024) 2022 2023 2024 8 9 9 10 10 11 11 12 10 9 11 Marge Brute1 311 537 € (2024) 2022 2023 2024 0 € 500,000 € 1,000,000 € 1,500,000 € 2,000,000 € 2,500,000 € 3,000,000 € 1,488,892 2,756,988 1,311,537"
https://www.infobel.com/fr/belgium/surfside_poke_liege_st_lambert/liege/BE107031589-042653735/businessdetails.aspx,2026-07-29,Surfside Poké - Liège St Lambert à Liège,Avenue Louise 231 1050 Bruxelles,4000,Liège,,0455 12 06 46; 04 265 37 35,,https://www.surfsidepoke.be/,BE0453604761,Lu: 11:00-22:00; Ma: 11:00-22:00; Me: 11:00-22:00; Je: 11:00-22:00; Ve: 11:00-22:00; Sa: 11:00-22:00; Di: 11:00-22:00,https://www.infobel.com/fr/belgium/financial/vat/BE0453604761,Infobel,Avenue Louise 231 1050 Bruxelles,02/11/1994,BE0453604761,31/12/2024,,,,,Activités de conseil en informatique et de gestion d’installations informatiques,"11 (2024) 2022 2023 2024 8 9 9 10 10 11 11 12 10 9 11 Marge Brute1 311 537 € (2024) 2022 2023 2024 0 € 500,000 € 1,000,000 € 1,500,000 € 2,000,000 € 2,500,000 € 3,000,000 € 1,488,892 2,756,988 1,311,537"
https://www.infobel.com/fr/belgium/cupper_cafe/liege/BE107022364-042504600/businessdetails.aspx,2026-07-29,CUPPER Café à Liège,Avenue Louise 231 1050 Bruxelles,4000,Liège,,0494 93 39 33; 04 250 46 00,,https://www.facebook.com/cuppercafe/,BE0453604761,Lu: 16:00-23:00; Ma: 16:00-23:00; Me: 16:00-23:00; Je: 16:00-23:00; Ve: 16:00-23:00; Sa: 16:00-23:00; Di: 16:00-23:00,https://www.infobel.com/fr/belgium/financial/vat/BE0453604761,Infobel,Avenue Louise 231 1050 Bruxelles,02/11/1994,BE0453604761,31/12/2024,,,,,Activités de conseil en informatique et de gestion d’installations informatiques,"11 (2024) 2022 2023 2024 8 9 9 10 10 11 11 12 10 9 11 Marge Brute1 311 537 € (2024) 2022 2023 2024 0 € 500,000 € 1,000,000 € 1,500,000 € 2,000,000 € 2,500,000 € 3,000,000 € 1,488,892 2,756,988 1,311,537"
https://www.infobel.com/fr/belgium/aux_saveurs_creatives/liege/BE106992051/businessdetails.aspx,2026-07-29,Aux Saveurs Créatives à Liège,Place Xavier Neujean 22 4000 Liège LIEGE,4000,Liège,,0498 10 91 43,,http://www.auxsaveurscreatives.com/,BE2336449391,Ma: 16:00-21:00; Me: 16:00-21:00; Je: 16:00-21:00; Ve: 16:00-21:00; Sa: 16:00-21:00; Di: 16:00-21:00,https://www.infobel.com/fr/belgium/financial/vat/BE2336449391,Artist,Place Xavier Neujean 22 4000 Liège LIEGE,02/11/2022,BE2336449391,,,,,,,
https://www.infobel.com/fr/belgium/my_sweet_liege/liege/BE106965722-043444555/businessdetails.aspx,2026-07-29,My Sweet Liege à Liège,Rue de la Cathédrale 74 4000 Liège LIEGE,4000,Liège,,04 344 45 55,mysweetliege@gmail.com,https://www.mysweetliege.be/,BE1011255682,Lu: 11:30-14:30; Ma: 11:30-14:30; Me: 11:30-14:30; Je: 11:30-14:30; Ve: 11:30-14:30; Sa: 11:30-14:30; Di: 12:00-15:00,https://www.infobel.com/fr/belgium/financial/vat/BE1011255682,My Sweet Liege,Rue de la Cathédrale 74 4000 Liège LIEGE,05/07/2024,BE1011255682,,Adame Tahri; William Dupont; Adame Tahri,Administrateur,Adame,Tahri,"Restauration à service restreint, à l'exclusion de restauration mobile",
https://www.infobel.com/fr/belgium/le_piaf/liege/BE106941184/businessdetails.aspx,2026-07-29,Le Piaf à Liège,Rue de la Casquette 11 4000 Liège LIEGE,4000,Liège,,0479 52 42 82,jp.freuville@gmail.com,https://lepiaf.eatbu.com/,BE1019358350,Lu: 17:00-00:00; Ma: 17:00-00:00; Me: 17:00-00:00; Je: 17:00-00:00; Ve: 17:00-00:00; Sa: 17:00-00:00,https://www.infobel.com/fr/belgium/financial/vat/BE1019358350,Le Piaf,Rue de la Casquette 11 4000 Liège LIEGE,01/02/2025,BE1019358350,,Ireneusz Mokrzynski,Administrateur,Ireneusz,Mokrzynski,Cafés et bars,
https://www.infobel.com/fr/belgium/apero_sur_meuse/liege/BE106944429/businessdetails.aspx,2026-07-29,Apéro sur Meuse à Liège,Qu. Edouard-Van-Beneden ZN 4020 Liège LIEGE,4020,Liège,,0470 35 56 34,info@apero-sur-meuse.be,http://www.apero-sur-meuse.be/,BE2244461917,,https://www.infobel.com/fr/belgium/financial/vat/BE2244461917,Apero sur Meuse,Qu. Edouard-Van-Beneden ZN 4020 Liège LIEGE,26/01/2015,BE2244461917,,,,,,Commerce de détail de viande de gibier et de volaille,
https://www.infobel.com/fr/belgium/la_campagnarde/liege/BE106700444-042504540/businessdetails.aspx,2026-07-29,La Campagnarde à Liège,Rue Delfosse 5 4000 Liège LIEGE,1531,évaluations),,04 250 45 40,,http://www.resto.be/ware/details.jsp?businessid=35985,BE0437267882,Lu: 11:00-23:30; Ma: 11:00-23:30; Me: 11:00-23:30; Je: 11:00-23:30; Ve: 11:00-23:30; Sa: 11:00-23:30; Di: 11:00-23:30,https://www.infobel.com/fr/belgium/financial/vat/BE0437267882,La Brasserie Campagnarde,Rue Delfosse 5 4000 Liège LIEGE,21/04/1989,BE0437267882,31/12/2024,Christelle Vermaele; Anne Wagneur; Martial D'HULST,Administrateur,Christelle,Vermaele,"Cafés et bars Marge Brute17 394 € (2024) 2022 2023 2024 -10,000 € -5,000 € 0 € 5,000 € 10,000 € 15,000 € 20,000 € -4,591 1,084 17,394",
https://www.infobel.com/fr/belgium/phone_pizza/liege/BE106561181-042264868/businessdetails.aspx,2026-07-29,Phone Pizza à Liège,Avenue Louise 231 1050 Bruxelles,4000,Liège,,0494 27 57 00; 04 226 48 68,,https://phonepizza.be/,BE0453604761,Lu: 18:00-00:00; Ma: 18:00-00:00; Me: 18:00-00:00; Je: 18:00-00:00; Ve: 18:00-00:00; Sa: 18:00-00:00; Di: 18:00-00:00,https://www.infobel.com/fr/belgium/financial/vat/BE0453604761,Infobel,Avenue Louise 231 1050 Bruxelles,02/11/1994,BE0453604761,31/12/2024,,,,,Activités de conseil en informatique et de gestion d’installations informatiques,"11 (2024) 2022 2023 2024 8 9 9 10 10 11 11 12 10 9 11 Marge Brute1 311 537 € (2024) 2022 2023 2024 0 € 500,000 € 1,000,000 € 1,500,000 € 2,000,000 € 2,500,000 € 3,000,000 € 1,488,892 2,756,988 1,311,537"
https://www.infobel.com/fr/belgium/beeef/liege/BE106571317/businessdetails.aspx,2026-07-29,BEEEF à Liège,Rue de Campine 2 4000 Liège LIEGE,4000,Liège,,024041420,office@baro.com,http://www.beeef.be/,BE2307845081,Lu: 12:00-13:45; Ma: 12:00-13:45; Me: 12:00-13:45; Je: 12:00-13:45; Ve: 12:00-21:45; Sa: 12:00-21:45; Di: 12:00-21:45,https://www.infobel.com/fr/belgium/financial/vat/BE2307845081,Beeef,Rue de Campine 2 4000 Liège LIEGE,19/10/2020,BE2307845081,,,,,,"Restauration à service restreint, à l'exclusion de restauration mobile",
https://www.infobel.com/fr/belgium/identite_amerique_indienne/liege/BE106470749-042509586/businessdetails.aspx,2026-07-29,Identité Amérique Indienne à Liège,Rue Fusch 3 4000 Liège LIEGE,4000,Liège,,0492 61 32 07; 04 250 95 86,info@idamind.org,http://www.idamind.org/,BE0470429808,,https://www.infobel.com/fr/belgium/financial/vat/BE0470429808,IAI,Rue Fusch 3 4000 Liège LIEGE,12/10/1999,BE0470429808,,Philippe Destinay; Philippe Destinay; Simon Bonjean,Administrateur,Philippe,Destinay,Associations pour l'environnement et la mobilité,
https://www.infobel.com/fr/belgium/merry/liege/BE106435479-042524440/businessdetails.aspx,2026-07-29,merry à Liège,Rue des Carmes 15 4000 Liège LIEGE,4000,Liège,,0493 08 08 78; 04 252 44 40,info@merry-restaurant.be,https://merry-restaurant.be/,BE0783572532,Ma: 19:00-21:00; Me: 19:00-21:00; Je: 19:00-21:00; Ve: 19:00-21:00; Sa: 19:00-21:00,https://www.infobel.com/fr/belgium/financial/vat/BE0783572532,MERRY,Rue des Carmes 15 4000 Liège LIEGE,18/03/2022,BE0783572532,31/12/2025,Yuri Vandam; Hélène Thiry,Administrateur,Yuri,Vandam,Restauration à service complet,"3 (2025) 2024 2025 0 1 2 3 4 5 6 7 8 9 10 4 3 Marge Brute3 899 € (2025) 2024 2025 -4,000 € -3,000 € -2,000 € -1,000 € 0 € 1,000 € 2,000 € 3,000 € 4,000 € 5,000 € -3,023 3,899"
https://www.infobel.com/fr/belgium/tchidjou_nanfack_claude_francis/liege/BE106363553-043802269/businessdetails.aspx,2026-07-29,Tchidjou Nanfack Claude Francis à Liège,Avenue Louise 231 1050 Bruxelles,4000,Liège,,04 380 22 69; 04 380 22 69,,https://search.infobelpro.com/belgium/fr/liege/liege,BE0453604761,Ma: 01:30-21:30; Me: 13:30-21:30; Je: 13:30-21:30; Ve: 13:30-21:30; Sa: 13:30-21:30; Di: 13:30-21:30,https://www.infobel.com/fr/belgium/financial/vat/BE0453604761,Infobel,Avenue Louise 231 1050 Bruxelles,02/11/1994,BE0453604761,31/12/2024,,,,,Activités de conseil en informatique et de gestion d’installations informatiques,"11 (2024) 2022 2023 2024 8 9 9 10 10 11 11 12 10 9 11 Marge Brute1 311 537 € (2024) 2022 2023 2024 0 € 500,000 € 1,000,000 € 1,500,000 € 2,000,000 € 2,500,000 € 3,000,000 € 1,488,892 2,756,988 1,311,537"
https://www.infobel.com/fr/belgium/en_ville/liege/BE105899335/businessdetails.aspx,2026-07-29,En Ville à Liège,,4000,Liège,,0497 07 16 59,,https://www.facebook.com/enville.liege/,BE0453604761,,https://www.infobel.com/fr/belgium/financial/vat/BE0453604761,,,,,,,,,,,
https://www.infobel.com/fr/belgium/bovaria/liege/BE105670355-042646636/businessdetails.aspx,2026-07-29,Bovaria à Liège,Parc de la Boverie 1 4020 Liège LIEGE,4020,Liège,,0494 30 93 10; 04 264 66 36,info@bovaria.be,https://bovaria.be/,BE0863214975,Ma: 12:00-15:00; Me: 12:00-15:00; Je: 12:00-15:00; Ve: 12:00-15:00; Sa: 12:00-22:00; Di: 12:00-18:00,https://www.infobel.com/fr/belgium/financial/vat/BE0863214975,Beljeka,Parc de la Boverie 1 4020 Liège LIEGE,30/01/2004,BE0863214975,31/12/2024,Giuseppe Lollo,Administrateur,Giuseppe,Lollo,"Restauration à service complet Marge Brute-20 932 € (2024) 2022 2023 2024 -25,000 € -20,000 € -15,000 € -10,000 € -5,000 € 0 € 5,000 € 10,000 € 15,000 € -4,314 10,766 -20,932",
https://www.infobel.com/fr/belgium/les_fables_du_liban/liege/BE105672278-043626320/businessdetails.aspx,2026-07-29,Les Fables du Liban à Liège,Imp. du Vieux Pont des Arches 2 4000 Liège LIEGE,4000,Liège,,0484 78 43 99; 04 362 63 20,info@oye-oye.net,https://lesfablesduliban.be/,BE0778679079,Je: 18:30-22:30; Ve: 18:30-22:30; Sa: 18:30-22:30,https://www.infobel.com/fr/belgium/financial/vat/BE0778679079,LES FABLES DU LIBAN,Imp. du Vieux Pont des Arches 2 4000 Liège LIEGE,15/12/2021,BE0778679079,31/12/2024,Joy Semaan,Administrateur,Joy,Semaan,"Restauration à service restreint, à l'exclusion de restauration mobile","1 (2024) 2022 2023 2024 0 1 2 3 4 5 6 7 8 9 10 1 2 1 Marge Brute42 259 € (2024) 2022 2023 2024 0 € 10,000 € 20,000 € 30,000 € 40,000 € 50,000 € 60,000 € 70,000 € 80,000 € 90,000 € 35,557 78,214 42,259"
https://www.infobel.com/fr/belgium/wine_note/liege/BE105666605-042236556/businessdetails.aspx,2026-07-29,Wine Note à Liège,Avenue Louise 231 1050 Bruxelles,4000,Liège,,04 223 65 56,info@oye-oye.net,https://allaterrazza.be/,BE0453604761,Lu: 11:30-14:30; Ma: 11:30-14:30; Me: 11:30-14:30; Je: 11:30-14:30; Ve: 11:30-14:30; Sa: 11:30-14:30; Di: 11:30-14:30,https://www.infobel.com/fr/belgium/financial/vat/BE0453604761,Infobel,Avenue Louise 231 1050 Bruxelles,02/11/1994,BE0453604761,31/12/2024,,,,,Activités de conseil en informatique et de gestion d’installations informatiques,"11 (2024) 2022 2023 2024 8 9 9 10 10 11 11 12 10 9 11 Marge Brute1 311 537 € (2024) 2022 2023 2024 0 € 500,000 € 1,000,000 € 1,500,000 € 2,000,000 € 2,500,000 € 3,000,000 € 1,488,892 2,756,988 1,311,537"
https://www.infobel.com/fr/belgium/le_bi_stronome/liege/BE105578003-042430318/businessdetails.aspx,2026-07-29,Le Bi'stronome à Liège - Rue des Clarisses 58,Rue des Clarisses 58 4000 Liège LIEGE,4000,Liège,,04 243 03 18,info@lebistronome.be,http://lebistronome.be,BE0675448414,,https://www.infobel.com/fr/belgium/financial/vat/BE0675448414,Marinaade,Rue des Clarisses 58 4000 Liège LIEGE,05/05/2017,BE0675448414,31/12/2023,Jean-françois Naa,Administrateur,Jean-françois,Naa,"Restauration à service restreint, à l'exclusion de restauration mobile","0 (2023) 2021 2022 2023 0 1 2 3 4 5 6 7 8 9 10 0 0 0 Marge Brute-450 € (2023) 2021 2022 2023 -2,000 € 0 € 2,000 € 4,000 € 6,000 € 8,000 € 10,000 € 12,000 € 14,000 € 11,810 3,046 -450"
https://www.infobel.com/fr/belgium/les_oiseaux_s_entetent/liege/BE105509770/businessdetails.aspx,2026-07-29,Les Oiseaux s'entêtent à Liège,Avenue Louise 231 1050 Bruxelles,4020,Liège,,0484 41 51 72,,https://www.facebook.com/les.oiseaux.s.entetent/,BE0453604761,Me: 11:30-14:30; Je: 11:30-14:30; Ve: 11:30-14:30; Sa: 19:00-21:00,https://www.infobel.com/fr/belgium/financial/vat/BE0453604761,Infobel,Avenue Louise 231 1050 Bruxelles,02/11/1994,BE0453604761,31/12/2024,,,,,Activités de conseil en informatique et de gestion d’installations informatiques,"11 (2024) 2022 2023 2024 8 9 9 10 10 11 11 12 10 9 11 Marge Brute1 311 537 € (2024) 2022 2023 2024 0 € 500,000 € 1,000,000 € 1,500,000 € 2,000,000 € 2,500,000 € 3,000,000 € 1,488,892 2,756,988 1,311,537"
https://www.infobel.com/fr/belgium/chi_chi_s/liege/BE105207730-043445744/businessdetails.aspx,2026-07-29,Chi-Chi's à Liège,Avenue Louise 231 1050 Bruxelles,4020,Liège,,04 344 57 44,,http://www.chichis.be,BE0453604761,Lu: 10:00-21:00; Ma: 10:00-21:00; Me: 10:00-21:00; Je: 10:00-21:00; Ve: 10:00-21:00; Sa: 10:00-21:00,https://www.infobel.com/fr/belgium/financial/vat/BE0453604761,Infobel,Avenue Louise 231 1050 Bruxelles,02/11/1994,BE0453604761,31/12/2024,,,,,Activités de conseil en informatique et de gestion d’installations informatiques,"11 (2024) 2022 2023 2024 8 9 9 10 10 11 11 12 10 9 11 Marge Brute1 311 537 € (2024) 2022 2023 2024 0 € 500,000 € 1,000,000 € 1,500,000 € 2,000,000 € 2,500,000 € 3,000,000 € 1,488,892 2,756,988 1,311,537"
https://www.infobel.com/fr/belgium/pizzeria_ristorante_da_francesco/liege/BE105095928-042658865/businessdetails.aspx,2026-07-29,Pizzeria Ristorante Da Francesco à Liège,Rue de l'Avenir 1 4000 Liège LIEGE,4000,Liège,,0494 39 57 93; 04 265 88 65,,http://ww17.pizzeriaristorantedafrancesco.be/,BE0543536926,Ma: 11:00-14:00; Me: 11:00-14:00; Je: 11:00-14:00; Ve: 11:00-14:00; Sa: 11:00-14:00; Di: 11:00-14:00,https://www.infobel.com/fr/belgium/financial/vat/BE0543536926,Ristorante Pizzeria Da Francesco,Rue de l'Avenir 1 4000 Liège LIEGE,23/12/2013,BE0543536926,,Francesco Carollo,Administrateur,Francesco,Carollo,Restauration à service complet,
https://www.infobel.com/fr/belgium/plaza/liege/BE104944120-042230373/businessdetails.aspx,2026-07-29,Plaza à Liège,Rue Grande Tour 4 4000 Liège LIEGE,4000,Liège,,0498 08 50 54; 04 223 03 73,,https://www.facebook.com/LePlazaLiege/,BE0550618619,Ma: 10:30-19:00; Me: 10:30-19:00; Je: 10:30-19:00; Ve: 10:30-21:00; Sa: 10:30-22:00; Di: 10:30-16:30,https://www.infobel.com/fr/belgium/financial/vat/BE0550618619,Collin Jean-Luc,Rue Grande Tour 4 4000 Liège LIEGE,01/07/2014,BE0550618619,,Jean-Luc Collin,Administrateur,Jean-Luc,Collin,Restauration à service complet,
https://www.infobel.com/fr/belgium/la_pierrade/liege/BE100856471-042220034/businessdetails.aspx,2026-07-29,La Pierrade à Liège,Rue Sébastien Laruelle 3 4000 Liège LIEGE,4000,Liège,,04 222 00 34,,https://www.facebook.com/Histoire-sans-Faim-203932069637627/,BE0597555929,Lu: 18:00-22:00; Ma: 18:00-22:00; Me: 18:00-22:00; Je: 18:00-22:00; Ve: 18:00-22:00; Sa: 18:00-22:00; Di: 18:00-22:00,https://www.infobel.com/fr/belgium/financial/vat/BE0597555929,La Pierrade,Rue Sébastien Laruelle 3 4000 Liège LIEGE,01/02/1996,BE0597555929,,Raphaël Vermeiren; Raphael VERMEIREN; Raphael VERMEIREN,Administrateur,Raphaël,Vermeiren,Restauration à service complet,
https://www.infobel.com/fr/belgium/les_delices_du_maroc/liege/BE100328810-043437343/businessdetails.aspx,2026-07-29,Les Delices Du Maroc à Liège,Boulevard de la Constitution 29 4020 Liège LIEGE,4020,Liège,,0488 12 15 15; 04 343 73 43,0@live.be,https://www.facebook.com/pages/Au-D%C3%A9lice-Du-Maroc/314975491936269,BE0664570259,Lu: 12:00-23:00; Me: 12:00-23:00; Je: 12:00-23:00; Ve: 11:30-23:00; Sa: 12:00-23:00; Di: 12:00-23:00,https://www.infobel.com/fr/belgium/financial/vat/BE0664570259,Les Delices du Maroc,Boulevard de la Constitution 29 4020 Liège LIEGE,06/10/2016,BE0664570259,31/12/2024,Faouzi Bentahar,Administrateur,Faouzi,Bentahar,"Restauration à service restreint, à l'exclusion de restauration mobile","3 (2024) 2022 2024 0 1 2 3 4 5 6 7 8 9 10 3 3 Marge Brute-6 409 € (2024) 2022 2023 2024 -45,000 € -40,000 € -35,000 € -30,000 € -25,000 € -20,000 € -15,000 € -10,000 € -5,000 € 0 € 5,000 € 10,000 € 3,887 -39,162 -6,409"
https://www.infobel.com/fr/belgium/via_roma/liege/BE100130412-042474776/businessdetails.aspx,2026-07-29,Via Roma à Liège,Chaussée de Tongres 516 4000 Liège LIEGE,4204,évaluations),,04 247 47 76; 04 247 97 75,,https://laviaroma.be/,BE0883087307,Lu: 12:00-14:00; Ma: 12:00-14:00; Ve: 12:00-14:00; Sa: 18:00-22:00; Di: 12:00-14:00,https://www.infobel.com/fr/belgium/financial/vat/BE0883087307,Via,Chaussée de Tongres 516 4000 Liège LIEGE,11/08/2006,BE0883087307,31/12/2025,Giovanni Frïno; Giovanni Frino,Administrateur,Giovanni,Frïno,Restauration à service complet,"12 (2025) 2023 2024 2025 0 2 4 6 8 10 12 14 12 12 12 Marge Brute9 004 € (2025) 2023 2024 2025 0 € 5,000 € 10,000 € 15,000 € 20,000 € 25,000 € 30,000 € 35,000 € 40,000 € 45,000 € 11,148 41,999 9,004"
https://www.infobel.com/fr/belgium/les_terrasses/liege/BE100129225-042221410/businessdetails.aspx,2026-07-29,Les Terrasses à Liège,Boulevard Piercot 41 4000 Liège LIEGE,4000,Liège,,0498 36 66 77; 04 222 14 10,,http://www.lesterrasses.be,BE2377231854,Lu: 09:00-20:00; Ma: 09:00-20:00; Me: 08:00-00:00; Je: 08:00-00:00; Ve: 08:00-00:00; Sa: 11:00-00:00; Di: 11:00-00:00,https://www.infobel.com/fr/belgium/financial/vat/BE2377231854,Les Terrasses,Boulevard Piercot 41 4000 Liège LIEGE,01/09/2025,BE2377231854,,,,,,Restauration à service complet,
https://www.infobel.com/fr/belgium/la_cucinella/liege/BE100127965-042223652/businessdetails.aspx,2026-07-29,La Cucinella à Liège,Rue de la Casquette 26 4000 Liège LIEGE,1047,évaluations),,04 222 36 52,,http://www.lacucinella.it/,BE0648601485,Lu: 12:00-14:30; Ma: 12:00-14:30; Je: 12:00-14:30; Ve: 12:00-14:30; Sa: 12:00-14:30,https://www.infobel.com/fr/belgium/financial/vat/BE0648601485,RLC Food Company,Rue de la Casquette 26 4000 Liège LIEGE,11/02/2016,BE0648601485,31/12/2024,Julien Anthony Michel Marzano,Administrateur,Julien,Anthony Michel Marzano,Restauration à service complet,"6 (2024) 2022 2023 2024 0 1 2 3 4 5 6 7 8 9 10 6 8 6 Marge Brute20 760 € (2024) 2022 2023 2024 -25,000 € -20,000 € -15,000 € -10,000 € -5,000 € 0 € 5,000 € 10,000 € 15,000 € 20,000 € 25,000 € -18,541 20,964 20,760"
https://www.infobel.com/fr/belgium/maharaja_palace/liege/BE100093933/businessdetails.aspx,2026-07-29,Maharaja Palace à Liège,Avenue Louise 231 1050 Bruxelles,4000,Liège,,0473 27 99 90,,https://www.maharajapalace.be/,BE0453604761,Lu: 18:00-22:30; Me: 18:00-22:30; Je: 12:00-14:00; Ve: 12:00-14:00; Sa: 12:00-14:00; Di: 12:00-14:00,https://www.infobel.com/fr/belgium/financial/vat/BE0453604761,Infobel,Avenue Louise 231 1050 Bruxelles,02/11/1994,BE0453604761,31/12/2024,,,,,Activités de conseil en informatique et de gestion d’installations informatiques,"11 (2024) 2022 2023 2024 8 9 9 10 10 11 11 12 10 9 11 Marge Brute1 311 537 € (2024) 2022 2023 2024 0 € 500,000 € 1,000,000 € 1,500,000 € 2,000,000 € 2,500,000 € 3,000,000 € 1,488,892 2,756,988 1,311,537"
https://www.infobel.com/fr/belgium/le_vaudree/liege/BE100096445-043883488/businessdetails.aspx,2026-07-29,Le vaudrée à Liège,Rue du Val-Benoît 109 4031 Liège LIEGE,1475,évaluations),,04 388 34 88,contact@levaudree.be,https://levaudree.be/,BE1022223810,Lu: 11:00-23:00; Ma: 11:00-23:00; Me: 11:00-23:00; Je: 11:00-23:00; Ve: 11:00-23:00; Sa: 11:00-23:00; Di: 11:00-23:00,https://www.infobel.com/fr/belgium/financial/vat/BE1022223810,Le Vaudree 3 Freres,Rue du Val-Benoît 109 4031 Liège LIEGE,10/04/2025,BE1022223810,,Pietro Di Salvo; Patrice Perick; Raffaël Di Salvo,Administrateur,Pietro,Di Salvo,"Restauration à service restreint, à l'exclusion de restauration mobile",
https://www.infobel.com/fr/belgium/fusui/liege/BE106522114/businessdetails.aspx,2026-07-29,Fusui à Liège,Avenue Louise 231 1050 Bruxelles,4020,Liège,,0465660637,,http://Fusui.com,BE0453604761,,https://www.infobel.com/fr/belgium/financial/vat/BE0453604761,Infobel,Avenue Louise 231 1050 Bruxelles,02/11/1994,BE0453604761,31/12/2024,,,,,Activités de conseil en informatique et de gestion d’installations informatiques,"11 (2024) 2022 2023 2024 8 9 9 10 10 11 11 12 10 9 11 Marge Brute1 311 537 € (2024) 2022 2023 2024 0 € 500,000 € 1,000,000 € 1,500,000 € 2,000,000 € 2,500,000 € 3,000,000 € 1,488,892 2,756,988 1,311,537"
https://www.infobel.com/fr/belgium/delizia/liege/BE106911513-042632182/businessdetails.aspx,2026-07-29,DELIZIA à Liège,Rue Saint-Léonard 248 4000 Liège LIEGE,4000,Liège,,04 263 21 82,,https://search.infobelpro.com/belgium/fr/liege/liege,BE0777516861,Ma: 11:00-14:00; Me: 11:00-14:00; Je: 11:00-14:00; Ve: 11:00-14:00; Sa: 17:30-23:00; Di: 17:30-22:00,https://www.infobel.com/fr/belgium/financial/vat/BE0777516861,DELIZIA,Rue Saint-Léonard 248 4000 Liège LIEGE,19/11/2021,BE0777516861,31/12/2023,Hassan Mqaleq; Hassan Mqaleq,Administrateur,Hassan,Mqaleq,"Cafés et bars Marge Brute-3 208 € (2023) 2022 2023 -3,500 € -3,000 € -2,500 € -2,000 € -1,500 € -1,000 € -500 € 0 € -662 -3,208",
https://www.infobel.com/fr/belgium/mint_healthy_food/liege/BE106874720/businessdetails.aspx,2026-07-29,Mint Healthy Food à Liège,Rue Saint-Gilles 291 4000 Liège LIEGE,4000,Liège,,0497 70 99 55,,http://www.minthealthyfood.com,BE0772306575,,https://www.infobel.com/fr/belgium/financial/vat/BE0772306575,Mint Healthy Food SRL,Rue Saint-Gilles 291 4000 Liège LIEGE,05/08/2021,BE0772306575,31/12/2024,Caroline Longtain,Administrateur,Caroline,Longtain,Restauration à service complet,"2 (2024) 2022 2024 0 1 2 3 4 5 6 7 8 9 10 3 2 Marge Brute22 230 € (2024) 2022 2023 2024 -30,000 € -20,000 € -10,000 € 0 € 10,000 € 20,000 € 30,000 € 40,000 € 31,552 -19,618 22,230"
https://www.infobel.com/fr/belgium/burger_time_s/liege/BE106656685-042310963/businessdetails.aspx,2026-07-29,Burger Time's à Liège,,4420,Liège,,0499 82 87 58; 04 231 09 63,,https://search.infobelpro.com/belgium/fr/liege/liege,BE0793568975,,https://www.infobel.com/fr/belgium/financial/vat/BE0793568975,,,,,,,,,,,
https://www.infobel.com/fr/belgium/rive_gauche/liege/BE106608077-042320363/businessdetails.aspx,2026-07-29,Rive Gauche à Liège - Rue des Carmes 1,Rue des Carmes 1 4000 Liège LIEGE,4000,Liège,,04 232 03 63,,http://www.rivegaucheliege.be/,BE0887748750,Lu: 09:00-22:00; Ma: 07:30-22:00; Me: 07:30-22:00; Je: 07:30-22:00; Ve: 07:30-22:00; Sa: 08:00-22:00; Di: 08:30-22:00,https://www.infobel.com/fr/belgium/financial/vat/BE0887748750,Qaf Abdelmajid,Rue des Carmes 1 4000 Liège LIEGE,01/04/2007,BE0887748750,,Abdelmajid Qaf,Administrateur,Abdelmajid,Qaf,Cafés-restaurants (tavernes),
https://www.infobel.com/fr/belgium/da_noi/liege/BE106613123-043783518/businessdetails.aspx,2026-07-29,Da Noi à Liège,Rue des Grands Prés 2 4032 Liège LIEGE,4032,Liège,,04 378 35 18,,https://www.facebook.com/DaNoi4032/,BE0855189315,,https://www.infobel.com/fr/belgium/financial/vat/BE0855189315,Amorige Antonino,Rue des Grands Prés 2 4032 Liège LIEGE,26/10/1994,BE0855189315,,Antonino Amorige,Administrateur,Antonino,Amorige,Restauration à service complet,
https://www.infobel.com/fr/belgium/snack_1001_nuits/liege/BE106586885/businessdetails.aspx,2026-07-29,Snack 1001 Nuits à Liège,Rue de Bois de Breux 262 4020 Liège LIEGE,1001,Nuits,,0495 64 30 48,,https://www.facebook.com/1001nuits.be/,BE0803630350,Lu: 11:30-14:00; Ma: 11:30-14:00; Me: 11:30-14:00; Je: 11:30-14:00; Ve: 11:30-14:00; Sa: 11:30-14:00; Di: 11:30-14:00,https://www.infobel.com/fr/belgium/financial/vat/BE0803630350,Snack 1001 Nuits,Rue de Bois de Breux 262 4020 Liège LIEGE,05/07/2023,BE0803630350,31/12/2024,Kanivar Karatas; Yilmaz Karatas,Administrateur,Kanivar,Karatas,"Restauration à service restreint, à l'exclusion de restauration mobile","0 (2024) 2024 0 1 2 3 4 5 6 7 8 9 10 0 Marge Brute8 846 € (2024) 2024 0 € 1,000 € 2,000 € 3,000 € 4,000 € 5,000 € 6,000 € 7,000 € 8,000 € 9,000 € 10,000 € 8,846"
https://www.infobel.com/fr/belgium/taverne_d_artois/liege/BE106597674-042213085/businessdetails.aspx,2026-07-29,Taverne d'Artois à Liège,Rue de la Résistance 1 4000 Liège LIEGE,4000,Liège,,0475 83 03 88; 04 221 30 85,,https://www.facebook.com/vanhaelenbarbara/,BE0630776449,Lu: 08:00-21:00; Ma: 08:00-21:00; Me: 08:00-21:00; Je: 08:00-21:00; Ve: 08:00-21:00; Sa: 08:00-21:00; Di: 08:00-21:00,https://www.infobel.com/fr/belgium/financial/vat/BE0630776449,Vacaso,Rue de la Résistance 1 4000 Liège LIEGE,21/05/2015,BE0630776449,31/12/2024,Barbara Vanhaelen Bido; Barbara Thérèse Michèle Vanhaelen,Administrateur,Barbara,Vanhaelen Bido,Cafés et bars,"0 (2024) 2023 2024 0 1 2 3 4 5 6 7 8 9 10 0 0 Marge Brute23 988 € (2024) 2022 2023 2024 -50,000 € -40,000 € -30,000 € -20,000 € -10,000 € 0 € 10,000 € 20,000 € 30,000 € -44,964 22,929 23,988"
https://www.infobel.com/fr/belgium/prokofyev_vladimir/liege/BE106597237-042680256/businessdetails.aspx,2026-07-29,"Prokofyev, Vladimir à Liège",Rue Louis Jamme 32 BP 2 4020 Liège LIEGE,4020,Liège,,04 268 02 56,,http://www.facebook.com/CipolinoTuttiGusti,BE0553960268,Lu: 18:00-22:00; Ma: 18:00-22:00; Me: 18:00-22:00; Je: 18:00-22:00; Ve: 18:00-22:00; Di: 18:00-22:00,https://www.infobel.com/fr/belgium/financial/vat/BE0553960268,Prokofyev Vladimir,Rue Louis Jamme 32 BP 2 4020 Liège LIEGE,01/08/2014,BE0553960268,,,,,,"Vente au comptoir ou par téléphone, fax, internet d'aliments et de boissons : pizzerias",
https://www.infobel.com/fr/belgium/l_amusoir/liege/BE106480126/businessdetails.aspx,2026-07-29,L'Amusoir à Liège,Rue des Mineurs 2 4000 Liège LIEGE,4000,Liège,,0470 60 66 05,,https://www.facebook.com/LAmusoir/,BE2330221003,Ma: 18:00-05:00; Me: 18:00-05:00; Je: 18:00-05:00; Ve: 18:00-05:00; Sa: 14:00-06:00,https://www.infobel.com/fr/belgium/financial/vat/BE2330221003,L'Amusoir,Rue des Mineurs 2 4000 Liège LIEGE,09/03/2022,BE2330221003,,,,,,Cafés et bars,
https://www.infobel.com/fr/belgium/la_luna/liege/BE106202825-042659425/businessdetails.aspx,2026-07-29,La Luna à Liège,Rue de l'Ourthe 2 4020 Liège LIEGE,4020,Liège,,04 265 94 25,,https://www.laluna-liege.be/,BE0657781447,Ma: 12:00-22:30; Me: 12:00-22:30; Je: 12:00-22:30; Ve: 12:00-22:30; Sa: 12:00-22:30; Di: 12:00-22:30,https://www.infobel.com/fr/belgium/financial/vat/BE0657781447,La Luna,Rue de l'Ourthe 2 4020 Liège LIEGE,01/07/2016,BE0657781447,,Tarik Bhar,Administrateur,Tarik,Bhar,"Restauration à service restreint, à l'exclusion de restauration mobile",
https://www.infobel.com/fr/belgium/mohammed_lamouadni/liege/BE106183176-043432594/businessdetails.aspx,2026-07-29,Mohammed Lamouadni à Liège,Avenue Louise 231 1050 Bruxelles,4020,Liège,,04 343 25 94,,https://la-casa-vostra-liege.hubside.be/,BE0453604761,,https://www.infobel.com/fr/belgium/financial/vat/BE0453604761,Infobel,Avenue Louise 231 1050 Bruxelles,02/11/1994,BE0453604761,31/12/2024,,,,,Activités de conseil en informatique et de gestion d’installations informatiques,"11 (2024) 2022 2023 2024 8 9 9 10 10 11 11 12 10 9 11 Marge Brute1 311 537 € (2024) 2022 2023 2024 0 € 500,000 € 1,000,000 € 1,500,000 € 2,000,000 € 2,500,000 € 3,000,000 € 1,488,892 2,756,988 1,311,537"
https://www.infobel.com/fr/belgium/la_gargote/liege/BE106099209-042279466/businessdetails.aspx,2026-07-29,La Gargote à Liège,Rue Walthère Dewé 1 4000 Liège LIEGE,4000,Liège,,04 227 94 66,,https://www.heures.be/la-gargote/liege/1,BE0710683663,Lu: 09:00-12:00; Ma: 09:00-12:00; Me: 11:30-14:00; Je: 11:30-14:00; Ve: 11:30-14:00; Sa: 11:30-14:00; Di: 17:00-22:00,https://www.infobel.com/fr/belgium/financial/vat/BE0710683663,La Gargote,Rue Walthère Dewé 1 4000 Liège LIEGE,01/01/1977,BE0710683663,,Francesco ARLIA; Francesco ARLIA,Administrateur,Francesco,ARLIA,"Vente au comptoir ou par téléphone, fax, internet d'aliments et de boissons : croissanteries, crêperies et gaufreries",
https://www.infobel.com/fr/belgium/snack_du_coyote_agile/liege/BE106100880-042529015/businessdetails.aspx,2026-07-29,Snack du Coyote Agile à Liège,Avenue Louise 231 1050 Bruxelles,4000,Liège,,04 252 90 15,,https://www.facebook.com/Snack-du-Coyote-Agile-33764503723/,BE0453604761,Lu: 11:30-14:00; Ma: 11:30-14:00; Me: 11:30-14:00; Je: 11:30-14:00; Ve: 11:30-14:00; Di: 18:00-21:30,https://www.infobel.com/fr/belgium/financial/vat/BE0453604761,Infobel,Avenue Louise 231 1050 Bruxelles,02/11/1994,BE0453604761,31/12/2024,,,,,Activités de conseil en informatique et de gestion d’installations informatiques,"11 (2024) 2022 2023 2024 8 9 9 10 10 11 11 12 10 9 11 Marge Brute1 311 537 € (2024) 2022 2023 2024 0 € 500,000 € 1,000,000 € 1,500,000 € 2,000,000 € 2,500,000 € 3,000,000 € 1,488,892 2,756,988 1,311,537"
https://www.infobel.com/fr/belgium/wok_maison/liege/BE106025441-042540877/businessdetails.aspx,2026-07-29,Wok Maison à Liège,Rue de la Régence 29 4000 Liège LIEGE,4000,Liège,,04 254 08 77,,https://gratuit-5522902.webadorsite.com/,BE0674390619,Lu: 11:30-21:00; Ma: 11:30-21:00; Me: 11:30-21:00; Je: 11:30-21:00; Ve: 11:30-21:00; Sa: 11:30-21:00,https://www.infobel.com/fr/belgium/financial/vat/BE0674390619,Hao Luguang,Rue de la Régence 29 4000 Liège LIEGE,01/05/2017,BE0674390619,,Luguang Hao,Administrateur,Luguang,Hao,Restauration à service complet,
https://www.infobel.com/fr/belgium/l_oriental/liege/BE106021253-080785898/businessdetails.aspx,2026-07-29,L'Oriental à Liège,Avenue de Nancy 31 A 4020 Liège LIEGE,4020,Liège,,080 78 58 98,,https://www.facebook.com/pages/Loriental/290756728434237,BE0506955850,,https://www.infobel.com/fr/belgium/financial/vat/BE0506955850,L'Oriental Fast-Food,Avenue de Nancy 31 A 4020 Liège LIEGE,27/11/2014,BE0506955850,31/12/2024,Abderahim Maâmri,Administrateur,Abderahim,Maâmri,"Restauration à service restreint, à l'exclusion de restauration mobile Marge Brute9 411 € (2024) 2021 2022 2024 -2,000 € 0 € 2,000 € 4,000 € 6,000 € 8,000 € 10,000 € 12,000 € -480 3,883 9,411",
https://www.infobel.com/fr/belgium/la_mouette/liege/BE105971243/businessdetails.aspx,2026-07-29,La Mouette à Liège,Féronstrée 133 BP 1 4000 Liège LIEGE,4000,Liège,,0486 83 01 87,,https://www.facebook.com/lamouetteliege/,BE0674440010,Ma: 11:00-20:00; Me: 11:00-20:00; Je: 11:00-20:00; Ve: 11:00-20:00; Sa: 11:00-20:00; Di: 11:00-20:00,https://www.infobel.com/fr/belgium/financial/vat/BE0674440010,Kaya Meltem,Féronstrée 133 BP 1 4000 Liège LIEGE,01/03/2017,BE0674440010,,Meltem Kaya,Administrateur,Meltem,Kaya,"Restauration à service restreint, à l'exclusion de restauration mobile",
https://www.infobel.com/fr/belgium/poke_shop/liege/BE105930814-043398386/businessdetails.aspx,2026-07-29,Poké Shop à Liège - Rue Saint-Paul 34,Rue Saint-Paul 34 4000 Liège LIEGE,4000,Liège,,0483 66 77 54; 04 339 83 86,fengkaibelgique@gmail.com,http://www.xn--pokshop-dya.be/,BE2278093795,Lu: 11:30-14:30; Ma: 11:30-14:30; Me: 11:30-14:30; Je: 11:30-14:30; Ve: 11:30-14:30; Sa: 12:00-15:00,https://www.infobel.com/fr/belgium/financial/vat/BE2278093795,Poke Shop,Rue Saint-Paul 34 4000 Liège LIEGE,01/09/2018,BE2278093795,,,,,,"Restauration à service restreint, à l'exclusion de restauration mobile",
https://www.infobel.com/fr/belgium/toni_srbinoski/liege/BE105811714-043392012/businessdetails.aspx,2026-07-29,Toni Srbinoski à Liège,Rue Verte Houmeresse 30 BP b 4032 Liège LIEGE,4032,Liège,,0498 10 14 35; 04 339 20 12,,https://search.infobelpro.com/belgium/fr/liege/liege,BE2289885829,Je: 17:30-21:00; Ve: 17:30-21:00; Sa: 17:30-21:00; Di: 17:30-21:00,https://www.infobel.com/fr/belgium/financial/vat/BE2289885829,Aux Quatres Gémeaux,Rue Verte Houmeresse 30 BP b 4032 Liège LIEGE,01/07/2019,BE2289885829,,,,,,"Restauration à service restreint, à l'exclusion de restauration mobile",
https://www.infobel.com/fr/belgium/pepouz_cafe/liege/BE105859046-042342269/businessdetails.aspx,2026-07-29,Pepouz Café à Liège,Place Cockerill 12 4000 Liège LIEGE,4000,Liège,,04 234 22 69,,https://www.facebook.com/Pepouzcafe/,BE0735551988,Lu: 14:00-23:30; Ma: 14:00-23:30; Me: 14:00-23:30; Je: 14:00-23:30; Ve: 14:00-23:30; Sa: 14:00-23:30,https://www.infobel.com/fr/belgium/financial/vat/BE0735551988,Pépouz Café,Place Cockerill 12 4000 Liège LIEGE,02/10/2019,BE0735551988,31/12/2024,Mélia Van Gysegem,Administrateur,Mélia,Van Gysegem,Cafés et bars,"3 (2024) 2022 2023 2024 0 1 2 3 4 5 6 7 8 9 10 2 2 3 Marge Brute-2 497 € (2024) 2022 2023 2024 -40,000 € -35,000 € -30,000 € -25,000 € -20,000 € -15,000 € -10,000 € -5,000 € 0 € -14,595 -37,109 -2,497"
https://www.infobel.com/fr/belgium/burger_beef_beer/liege/BE105724632-043881915/businessdetails.aspx,2026-07-29,Burger Beef & Beer à Liège,Chaussée de Tongres 190 4000 Liège LIEGE,4000,Liège,,0496 37 53 76; 04 388 19 15,info@bbbresto.be,https://bbbresto.be/,BE0831775988,Ma: 17:30-22:00; Me: 17:30-22:00; Je: 17:30-22:00; Ve: 17:30-22:00; Sa: 17:30-22:00; Di: 17:30-22:00,https://www.infobel.com/fr/belgium/financial/vat/BE0831775988,L.G.L.,Chaussée de Tongres 190 4000 Liège LIEGE,09/12/2010,BE0831775988,31/12/2024,ergio Cordenons,Administrateur,ergio,Cordenons,Restauration à service complet,"0 (2022) 2022 0 1 2 3 4 5 6 7 8 9 10 0 Marge Brute1 551 € (2024) 2022 2023 2024 -14,000 € -12,000 € -10,000 € -8,000 € -6,000 € -4,000 € -2,000 € 0 € 2,000 € 4,000 € -11,651 -16 1,551"
https://www.infobel.com/fr/belgium/la_casa_des_papilles/liege/BE105714918-043394471/businessdetails.aspx,2026-07-29,La Casa des Papilles à Liège,Rue Grétry 77 4020 Liège LIEGE,4020,Liège,,04 339 44 71,,http://www.lacasadespapilles.be/,BE0755324845,Lu: 12:00-23:00; Ma: 12:00-23:00; Me: 12:00-23:00; Je: 12:00-23:00; Ve: 12:00-23:00; Sa: 12:00-23:00; Di: 12:00-23:00,https://www.infobel.com/fr/belgium/financial/vat/BE0755324845,LA CASA DES PAPILLES,Rue Grétry 77 4020 Liège LIEGE,28/09/2020,BE0755324845,31/12/2024,Hamide Ait Ahmed Lamara,Administrateur,Hamide,Ait Ahmed Lamara,"Restauration à service restreint, à l'exclusion de restauration mobile Marge Brute-37 300 € (2024) 2022 2023 2024 -50,000 € -40,000 € -30,000 € -20,000 € -10,000 € 0 € 10,000 € 20,000 € 13,964 1,719 -37,300",
https://www.infobel.com/fr/belgium/merano/liege/BE105649177-042224322/businessdetails.aspx,2026-07-29,MERANO à Liège,,4000,Liège,,04 222 43 22,,https://icebar-by-lamorgese.be/,BE2287032742,Lu: 13:00-19:00; Ma: 13:00-19:00; Me: 13:00-19:00; Je: 13:00-19:00; Ve: 13:00-22:00; Sa: 13:00-19:00; Di: 13:00-19:00,https://www.infobel.com/fr/belgium/financial/vat/BE2287032742,,,,,,,,,,,
https://www.infobel.com/fr/belgium/ayaz_pita/liege/BE105590185-043394016/businessdetails.aspx,2026-07-29,Ayaz Pita à Liège,Rue Saint-Nicolas 552 4000 Liège LIEGE,4000,Liège,,04 339 40 16,,https://search.infobelpro.com/belgium/fr/liege/liege,BE2297660873,,https://www.infobel.com/fr/belgium/financial/vat/BE2297660873,Ayaz Pita,Rue Saint-Nicolas 552 4000 Liège LIEGE,01/01/2020,BE2297660873,,,,,,"Restauration à service restreint, à l'exclusion de restauration mobile",
https://www.infobel.com/fr/belgium/bonanni_s/liege/BE105593998-042224725/businessdetails.aspx,2026-07-29,BONANNI'S à Liège,Galeries Cathédrale 62 4000 Liège LIEGE,4000,Liège,,04 222 47 25,,https://www.facebook.com/lecaffettino/,BE2281990326,Me: 12:00-14:00; Je: 12:00-14:00; Ve: 12:00-14:00; Sa: 12:00-14:00; Di: 11:30-14:00,https://www.infobel.com/fr/belgium/financial/vat/BE2281990326,Bonanni's,Galeries Cathédrale 62 4000 Liège LIEGE,16/07/2018,BE2281990326,,,,,,Restauration de type traditionnel,
https://www.infobel.com/fr/belgium/amelia_nomad_food/liege/BE105622682-042232305/businessdetails.aspx,2026-07-29,Amelia Nomad Food à Liège,Avenue Louise 231 1050 Bruxelles,4000,Liège,,04 223 23 05; 04 223 23 05,info@trendstop.be,https://trendstop.levif.be/fr/detail/892256181/amelia-nomad-food.aspx,BE0453604761,,https://www.infobel.com/fr/belgium/financial/vat/BE0453604761,Infobel,Avenue Louise 231 1050 Bruxelles,02/11/1994,BE0453604761,31/12/2024,,,,,Activités de conseil en informatique et de gestion d’installations informatiques,"11 (2024) 2022 2023 2024 8 9 9 10 10 11 11 12 10 9 11 Marge Brute1 311 537 € (2024) 2022 2023 2024 0 € 500,000 € 1,000,000 € 1,500,000 € 2,000,000 € 2,500,000 € 3,000,000 € 1,488,892 2,756,988 1,311,537"
https://www.infobel.com/fr/belgium/delitraiteur/liege/BE105489355-043442713/businessdetails.aspx,2026-07-29,Delitraiteur à Liège,Place des Guillemins 2 4000 Liège LIEGE,4000,Liège,,04 344 27 13,info@delitraiteur.be,http://www.delitraiteur.com/fr,BE2279401416,Lu: 05:30-20:00; Ma: 05:30-20:00; Me: 05:30-20:00; Je: 05:30-20:00; Ve: 05:30-20:00; Sa: 06:00-20:00; Di: 06:00-20:00,https://www.infobel.com/fr/belgium/financial/vat/BE2279401416,Delitraiteur Liège,Place des Guillemins 2 4000 Liège LIEGE,28/09/2018,BE2279401416,,,,,,"Préparation, la livraison à domicile et le service de repas et de plats cuisinés",
https://www.infobel.com/fr/belgium/xiang_long_restaurant/liege/BE105454206-042506256/businessdetails.aspx,2026-07-29,xiang long restaurant à Liège,Féronstrée 10 4000 Liège LIEGE,4000,Liège,,04 250 62 56,,https://www.xianglong.be/,BE0685773865,Lu: 11:30-15:00; Ma: 11:30-15:00; Me: 11:30-15:00; Je: 11:30-15:00; Ve: 11:30-15:00; Sa: 17:30-23:00; Di: 11:30-15:00,https://www.infobel.com/fr/belgium/financial/vat/BE0685773865,XIANG LONG,Féronstrée 10 4000 Liège LIEGE,08/12/2017,BE0685773865,,Hanran Jin,Administrateur,Hanran,Jin,Restauration à service complet,
https://www.infobel.com/fr/belgium/rose_de_casa/liege/BE105278755-043420083/businessdetails.aspx,2026-07-29,Rose De Casa à Liège,Rue Basse-Wez 24 4020 Liège LIEGE,4020,Liège,,04 342 00 83,,https://www.facebook.com/La-Rose-de-Casa-466452040077585/,BE0597393603,Lu: 18:00-22:00; Ma: 18:00-22:00; Je: 18:00-22:00; Ve: 18:00-22:00; Sa: 18:00-22:00; Di: 18:00-22:00,https://www.infobel.com/fr/belgium/financial/vat/BE0597393603,Boulaâyoune M'Barka,Rue Basse-Wez 24 4020 Liège LIEGE,18/05/1983,BE0597393603,,M'Barka Boulaâyoune; M'BARKA BOULAAYOUNE,Administrateur,M'Barka,Boulaâyoune,Restauration à service complet,
https://www.infobel.com/fr/belgium/melek_grillades/liege/BE105252508-043776838/businessdetails.aspx,2026-07-29,Melek Grillades à Liège,Rue de Visé 796 4020 Liège LIEGE,4020,Liège,,0470 27 26 73; 04 377 68 38,,https://melekgrillades.com/qr/kategoriler,BE0675858386,Ma: 12:00-22:00; Me: 12:00-22:00; Je: 12:00-22:00; Ve: 12:00-22:00; Sa: 12:00-22:00; Di: 12:00-22:00,https://www.infobel.com/fr/belgium/financial/vat/BE0675858386,Melek Grillades,Rue de Visé 796 4020 Liège LIEGE,19/05/2017,BE0675858386,31/12/2024,Ahmet Cetinkaya,Administrateur,Ahmet,Cetinkaya,"Restauration à service restreint, à l'exclusion de restauration mobile Marge Brute9 759 € (2024) 2022 2023 2024 -25,000 € -20,000 € -15,000 € -10,000 € -5,000 € 0 € 5,000 € 10,000 € 15,000 € -18,457 -11,670 9,759",
https://www.infobel.com/fr/belgium/brolet_catherine/liege/BE105074239-043431125/businessdetails.aspx,2026-07-29,"Brolet, Catherine à Liège",Rue des Ecoliers 16 4020 Liège LIEGE,4020,Liège,,0497 50 14 96; 04 343 11 25,,https://m.facebook.com/frednenette/,BE0598532857,,https://www.infobel.com/fr/belgium/financial/vat/BE0598532857,Le Chianti,Rue des Ecoliers 16 4020 Liège LIEGE,15/03/1990,BE0598532857,,Catherine Sylvie Charlotte Brolet; Catherine Sylvie Charlotte Brolet,Administrateur,Catherine,Sylvie Charlotte Brolet,Restauration à service complet,
https://www.infobel.com/fr/belgium/de_nada/liege/BE102308962-089755095/businessdetails.aspx,2026-07-29,De NADA à Liège,Place du Marché 32 4000 Liège LIEGE,4000,Liège,,089 75 50 95,,https://www.facebook.com/denadacoffee,BE0665577574,,https://www.infobel.com/fr/belgium/financial/vat/BE0665577574,De Nada,Place du Marché 32 4000 Liège LIEGE,27/10/2016,BE0665577574,,Charalampos Michailidis,Administrateur,Charalampos,Michailidis,"Réparation de véhicules automobiles: réparation de parties mécaniques, réparation électrique",
https://www.infobel.com/fr/belgium/le_huit/liege/BE102142780-042237382/businessdetails.aspx,2026-07-29,Le Huit à Liège,Place du Marché 47 4000 Liège LIEGE,4000,Liège,,0485 75 16 94; 04 223 73 82,,https://www.facebook.com/lehuitliege,BE2330991558,Lu: 11:30-21:00; Ma: 11:30-21:00; Me: 11:30-21:00; Je: 11:30-21:00; Ve: 11:30-21:00; Sa: 11:30-21:00; Di: 11:30-21:00,https://www.infobel.com/fr/belgium/financial/vat/BE2330991558,Barev,Place du Marché 47 4000 Liège LIEGE,16/05/2022,BE2330991558,,,,,,"Restauration à service restreint, à l'exclusion de restauration mobile",
https://www.infobel.com/fr/belgium/le_beyrouth/liege/BE101993443-042211100/businessdetails.aspx,2026-07-29,LE BEYROUTH à Liège,Rue Bergerue 6 4000 Liège LIEGE,4000,Liège,,04 221 11 00,,https://lebeyrouth.com/contact.php,BE0633721289,,https://www.infobel.com/fr/belgium/financial/vat/BE0633721289,Le Beyrouth,Rue Bergerue 6 4000 Liège LIEGE,01/07/2015,BE0633721289,,Muhammad Chebbo; Georgiana Raicu; Georgiana Raicu,Administrateur,Muhammad,Chebbo,Restauration à service complet,
https://www.infobel.com/fr/belgium/les_voisines/liege/BE101945907-042505089/businessdetails.aspx,2026-07-29,Les Voisines à Liège,Rue Saint-Jean-en-Isle 20 4000 Liège LIEGE,4000,Liège,,04 250 50 89,,https://www.facebook.com/Les-Voisines-192045327865745/,BE0651653324,,https://www.infobel.com/fr/belgium/financial/vat/BE0651653324,Vad Pro,Rue Saint-Jean-en-Isle 20 4000 Liège LIEGE,06/04/2016,BE0651653324,31/12/2024,Loris Vandermeulen; Fanny Henin,Administrateur,Loris,Vandermeulen,"Restauration à service restreint, à l'exclusion de restauration mobile","0 (2021) 2020 2021 0 1 2 3 4 5 6 7 8 9 10 1 0 Marge Brute-6 101 € (2024) 2020 2021 2024 -12,000 € -10,000 € -8,000 € -6,000 € -4,000 € -2,000 € 0 € 2,000 € 4,000 € 6,000 € 8,000 € 7,236 -9,928 -6,101"
https://www.infobel.com/fr/belgium/phifavin/liege/BE100853069-043436940/businessdetails.aspx,2026-07-29,PHIFAVIN à Liège,Avenue Louise 231 1050 Bruxelles,4030,Liège,,04 343 69 40,,http://www.facebook.com/brasserie-restaurant-le-fraischamps-1649196975318290,BE0453604761,,https://www.infobel.com/fr/belgium/financial/vat/BE0453604761,Infobel,Avenue Louise 231 1050 Bruxelles,02/11/1994,BE0453604761,31/12/2024,,,,,Activités de conseil en informatique et de gestion d’installations informatiques,"11 (2024) 2022 2023 2024 8 9 9 10 10 11 11 12 10 9 11 Marge Brute1 311 537 € (2024) 2022 2023 2024 0 € 500,000 € 1,000,000 € 1,500,000 € 2,000,000 € 2,500,000 € 3,000,000 € 1,488,892 2,756,988 1,311,537"
https://www.infobel.com/fr/belgium/the_ou_cafe/liege/BE101614858/businessdetails.aspx,2026-07-29,Thé Ou Cafe à Liège,Boulevard d'Avroy 23 4000 Liège LIEGE,4000,Liège,,0493 49 00 45,,https://www.facebook.com/Theoucafeliege/,BE0503986660,Lu: 11:30-16:00; Ma: 11:30-16:00; Me: 11:30-16:00; Je: 11:00-16:00; Ve: 11:30-16:00,https://www.infobel.com/fr/belgium/financial/vat/BE0503986660,THE OU CAFE,Boulevard d'Avroy 23 4000 Liège LIEGE,07/02/2013,BE0503986660,31/12/2024,Violetta De Cristofaro; Corinne Dupont,Administrateur,Violetta,De Cristofaro,Cafés et bars,"0 (2024) 2023 2024 0 1 2 3 4 5 6 7 8 9 10 0 0 Marge Brute5 302 € (2024) 2022 2023 2024 0 € 1,000 € 2,000 € 3,000 € 4,000 € 5,000 € 6,000 € 7,000 € 8,000 € 7,153 5,738 5,302"
https://www.infobel.com/fr/belgium/pizza_primo/liege/BE100746438-042265623/businessdetails.aspx,2026-07-29,Pizza Primo à Liège,Rue des Wallons 42 4000 Liège LIEGE,4000,Liège,,04 226 56 23,,https://search.infobelpro.com/belgium/fr/liege/liege,BE0628716584,Lu: 12:00-14:00; Ma: 12:00-14:00; Me: 17:00-22:15; Je: 12:00-14:00; Ve: 12:00-14:00; Sa: 17:15-22:15; Di: 17:00-22:15,https://www.infobel.com/fr/belgium/financial/vat/BE0628716584,PIZZA PRIMO,Rue des Wallons 42 4000 Liège LIEGE,13/04/2015,BE0628716584,31/12/2024,Jaouad Benabid,Administrateur,Jaouad,Benabid,"Restauration à service complet Marge Brute13 379 € (2024) 2022 2023 2024 -10,000 € -5,000 € 0 € 5,000 € 10,000 € 15,000 € 20,000 € -8,235 4,011 13,379",
https://www.infobel.com/fr/belgium/sush_e/liege/BE100710025-043676567/businessdetails.aspx,2026-07-29,Sush-E à Liège,Rue de Tilff 64 4031 Liège LIEGE,4031,Liège,,0496 42 27 12; 04 367 65 67,info@attrapsushi.com,http://www.attrapsushi.com,BE0835795946,Ma: 11:30-14:00; Me: 11:30-14:00; Je: 11:30-14:00; Ve: 11:30-14:00; Sa: 17:30-21:00,https://www.infobel.com/fr/belgium/financial/vat/BE0835795946,sush-E,Rue de Tilff 64 4031 Liège LIEGE,19/04/2011,BE0835795946,31/12/2024,Jean-Marc Pierre Ghislain Willems; Jean-Marc Pierre Ghislain Willems; Jean-Marc Pierre Ghislain Willems,Administrateur,Jean-Marc,Pierre Ghislain Willems,Restauration à service complet,"3 (2024) 2022 2023 2024 0 1 2 3 4 5 6 7 8 9 10 5 3 3 Marge Brute-16 740 € (2024) 2022 2023 2024 -25,000 € -20,000 € -15,000 € -10,000 € -5,000 € 0 € -5,512 -21,492 -16,740"
https://www.infobel.com/fr/belgium/la_truffe_au_pif/liege/BE100617038-043421618/businessdetails.aspx,2026-07-29,La Truffe au Pif à Liège,Rue Gaston Grégoire 2 A 4020 Liège LIEGE,4020,Liège,,0495 90 35 00; 04 342 16 18,,https://www.facebook.com/pages/La-Truffe-Au-Pif/274718006509739,BE0871020705,Me: 08:30-15:15; Je: 08:30-15:15; Ve: 03:30-15:15,https://www.infobel.com/fr/belgium/financial/vat/BE0871020705,Tiber Michel,Rue Gaston Grégoire 2 A 4020 Liège LIEGE,11/01/2005,BE0871020705,,MICHEL TIBER,Administrateur,MICHEL,TIBER,"Restauration à service restreint, à l'exclusion de restauration mobile",
https://www.infobel.com/fr/belgium/o_cheese_burger/liege/BE100499077-042370137/businessdetails.aspx,2026-07-29,O'Cheese Burger à Liège,Rue André Dumont 11 4000 Liège LIEGE,4000,Liège,,04 237 01 37,,https://mapz5.com/ocheese-burger-guillemins-878661-be,BE0550935947,,https://www.infobel.com/fr/belgium/financial/vat/BE0550935947,O'Cheese Burger 2,Rue André Dumont 11 4000 Liège LIEGE,25/04/2014,BE0550935947,31/12/2024,Otmane Nouhi,Administrateur,Otmane,Nouhi,"Restauration à service restreint, à l'exclusion de restauration mobile","9 (2023) 2022 2023 8 9 9 10 10 11 11 12 11 9 Marge Brute82 633 € (2024) 2022 2023 2024 0 € 10,000 € 20,000 € 30,000 € 40,000 € 50,000 € 60,000 € 70,000 € 80,000 € 90,000 € 1,013 1,213 82,633"
https://www.infobel.com/fr/belgium/spiga_d_oro/liege/BE100301958-042470422/businessdetails.aspx,2026-07-29,Spiga D'Oro à Liège,,1212,évaluations),,04 247 04 22,,https://m.facebook.com/pg/SpigadoroLiege/menu/,BE0524678938,Lu: 12:00-14:00; Ma: 12:00-14:00; Je: 12:00-14:00; Ve: 12:00-14:00; Sa: 18:00-23:00; Di: 12:00-14:00,https://www.infobel.com/fr/belgium/financial/vat/BE0524678938,,,,,,,,,,,
https://www.infobel.com/fr/belgium/il_carpaccio/liege/BE100128114-042231983/businessdetails.aspx,2026-07-29,Il Carpaccio à Liège,Place du Marché 45 4000 Liège LIEGE,4000,Liège,,04 223 19 83,ilcarpaccioliege@gmail.com,https://il-carpaccio-liege.eatbu.com/,BE0420443035,Lu: 12:00-14:30; Ma: 12:00-14:30; Je: 12:00-14:30; Ve: 12:00-14:30; Sa: 12:00-14:30; Di: 12:00-14:30,https://www.infobel.com/fr/belgium/financial/vat/BE0420443035,Il Giardino della Mama,Place du Marché 45 4000 Liège LIEGE,31/03/1980,BE0420443035,31/12/2024,Damiano Stagliano; Luciano Stagliano,Administrateur,Damiano,Stagliano,"Restauration à service complet Marge Brute12 029 € (2024) 2022 2023 2024 -8,000 € -6,000 € -4,000 € -2,000 € 0 € 2,000 € 4,000 € 6,000 € 8,000 € 10,000 € 12,000 € 14,000 € -6,634 8,001 12,029",
https://www.infobel.com/fr/belgium/san_daniele/liege/BE100128100-042321511/businessdetails.aspx,2026-07-29,San Daniele à Liège,Rue Lulay des Fèbvres 18 4000 Liège LIEGE,4000,Liège,,04 232 15 11,,https://www.facebook.com/profile.php?id=100081242296968,BE0459252834,Me: 12:00-15:00; Je: 12:00-15:00; Ve: 12:00-15:00; Sa: 12:00-15:00,https://www.infobel.com/fr/belgium/financial/vat/BE0459252834,Trattoria San Daniele,Rue Lulay des Fèbvres 18 4000 Liège LIEGE,19/11/1996,BE0459252834,31/12/2024,Carmela Remo; Raphaël Angiulli; Vincenzo Angiulli,Administrateur,Carmela,Remo,Cafés et bars,"1 (2024) 2024 0 1 2 3 4 5 6 7 8 9 10 1 Marge Brute40 008 € (2024) 2022 2023 2024 -20,000 € -10,000 € 0 € 10,000 € 20,000 € 30,000 € 40,000 € 50,000 € -13,132 12,318 40,008"
https://www.infobel.com/fr/belgium/il_cosentino/liege/BE100131810-043620846/businessdetails.aspx,2026-07-29,Il Cosentino à Liège,Rue du Pont de Wandre 69 BP 11 4020 Liège LIEGE,4020,Liège,,0495 86 07 72; 04 362 08 46,,https://www.facebook.com/share/1K8SCv6xQu/?mibextid=wwXIfr,BE0662717856,Me: 17:30-21:00; Je: 17:30-21:00; Ve: 17:30-22:00; Sa: 17:30-22:00; Di: 17:30-21:00,https://www.infobel.com/fr/belgium/financial/vat/BE0662717856,Il Cosentino,Rue du Pont de Wandre 69 BP 11 4020 Liège LIEGE,16/09/2016,BE0662717856,,Jean-Karl Filice; Jean-Karl Filice,Administrateur,Jean-Karl,Filice,"Restauration à service restreint, à l'exclusion de restauration mobile",
https://www.infobel.com/fr/belgium/nissen_n/liege/BE100144473-087675838/businessdetails.aspx,2026-07-29,Nissen N à Liège,Place Georges Ista 18 4020 Liège LIEGE,4020,Liège,,087 67 58 38,alleur@poivreetsel.eu,http://www.poivreetsel.eu,BE0817232126,Lu: 09:00-12:00; Ma: 09:00-12:00; Me: 09:00-12:00; Je: 09:00-12:00; Ve: 09:00-12:00,https://www.infobel.com/fr/belgium/financial/vat/BE0817232126,BUREAU COMPTABLE N.NISSEN,Place Georges Ista 18 4020 Liège LIEGE,13/07/2009,BE0817232126,31/12/2024,Noël Jules Bertha Nissen,Administrateur,Noël,Jules Bertha Nissen,Restauration à service complet,"1 (2024) 2022 2023 2024 0 1 2 3 4 5 6 7 8 9 10 2 4 1 Marge Brute-15 697 € (2024) 2022 2023 2024 -35,000 € -30,000 € -25,000 € -20,000 € -15,000 € -10,000 € -5,000 € 0 € 5,000 € 618 -32,650 -15,697"
https://www.infobel.com/fr/belgium/a_m_s/liege/BE100128809-042236586/businessdetails.aspx,2026-07-29,A.M.S à Liège,Rue Sur-la-Fontaine 78 4000 Liège LIEGE,4000,Liège,,0497 45 47 94; 04 223 65 86,,http://www.amourmaracasetsalami.com,BE0419962785,Lu: 12:00-15:00; Ma: 12:00-15:00; Me: 12:00-15:00; Je: 12:00-15:00; Ve: 18:30-23:00,https://www.infobel.com/fr/belgium/financial/vat/BE0419962785,A.M.S.,Rue Sur-la-Fontaine 78 4000 Liège LIEGE,29/11/1979,BE0419962785,31/12/2024,Caroline Koeijmans; Antoine Pichault,Administrateur,Caroline,Koeijmans,Cafés et bars,"1 (2024) 2022 2023 2024 0 1 2 3 4 5 6 7 8 9 10 0 0 1 Marge Brute10 914 € (2024) 2022 2023 2024 0 € 2,000 € 4,000 € 6,000 € 8,000 € 10,000 € 12,000 € 1,069 10,627 10,914"
https://www.infobel.com/fr/belgium/bargano_organisation/liege/BE100095773-043414024/businessdetails.aspx,2026-07-29,BARGANO ORGANISATION à Liège,Quai de la Boverie 101 BP 42 4020 Liège LIEGE,4020,Liège,,0486 32 42 78; 04 341 40 24,info@oye-oye.net,http://www.friterie-longdoz.be,BE0478178326,,https://www.infobel.com/fr/belgium/financial/vat/BE0478178326,Bargano Organisation,Quai de la Boverie 101 BP 42 4020 Liège LIEGE,12/08/2002,BE0478178326,31/12/2024,Jean-Marie Gilles; Jean-Marie Gilles,Administrateur,Jean-Marie,Gilles,"Autres activités récréatives et de loisirs n.c.a. Marge Brute15 040 € (2024) 2019 2022 2024 0 € 5,000 € 10,000 € 15,000 € 20,000 € 25,000 € 30,000 € 35,000 € 8,365 30,433 15,040",
https://www.infobel.com/fr/belgium/pizzeria_da_savoia/liege/BE100653025-042529734/businessdetails.aspx,2026-07-29,Pizzeria Da Savoia à Liège,Rue Saint-Gilles 586 4000 Liège LIEGE,4000,Liège,,04 252 97 34,,http://www.dasavoia.be,BE0550651281,Lu: 12:00-14:00; Ma: 12:00-14:00; Me: 12:00-14:00; Je: 12:00-14:00; Ve: 12:00-14:00,https://www.infobel.com/fr/belgium/financial/vat/BE0550651281,Savoia Daniel,Rue Saint-Gilles 586 4000 Liège LIEGE,15/04/2014,BE0550651281,,Daniel Savoia,Administrateur,Daniel,Savoia,"Restauration à service restreint, à l'exclusion de restauration mobile",
https://www.infobel.com/fr/belgium/gf_groupe/liege/BE105599287/businessdetails.aspx,2026-07-29,GF GROUPE à Liège,Boulevard d'Avroy 134 BP 4 4000 Liège LIEGE,4000,Liège,,0496 60 66 16,,https://search.infobelpro.com/belgium/fr/liege/liege,BE0673856624,,https://www.infobel.com/fr/belgium/financial/vat/BE0673856624,GF Groupe,Boulevard d'Avroy 134 BP 4 4000 Liège LIEGE,01/05/2017,BE0673856624,,,,,,Restauration à service complet,
https://www.infobel.com/fr/belgium/what_to_cook_for_diner/liege/BE105524604-043621233/businessdetails.aspx,2026-07-29,WHAT TO COOK FOR DINER ? à Liège,Rue Professeur Mahaim 67 4000 Liège LIEGE,4000,Liège,,04 362 12 33,,https://search.infobelpro.com/belgium/fr/liege/liege,BE0845136254,,https://www.infobel.com/fr/belgium/financial/vat/BE0845136254,Moray Nicolas,Rue Professeur Mahaim 67 4000 Liège LIEGE,10/04/2012,BE0845136254,,Nicolas Moray,Administrateur,Nicolas,Moray,Restauration à service complet,
https://www.infobel.com/fr/belgium/la_quintessence_en_neuvice/liege/BE107251053-042232231/businessdetails.aspx,2026-07-29,La Quintessence En Neuvice à Liège - Place du Marché 20,Rue Emile Vandervelde 556 4610 Beyne-Heusay LIEGE,4000,Liège,,04 223 22 31,,http://laquintessence.be/,BE0670738964,Me: 11:30-18:30; Je: 11:30-18:30; Ve: 11:30-19:00; Sa: 11:30-19:00; Di: 11:00-15:00,https://www.infobel.com/fr/belgium/financial/vat/BE0670738964,La Quintessence en Neuvice,Rue Emile Vandervelde 556 4610 Beyne-Heusay LIEGE,03/02/2017,BE0670738964,31/12/2024,Eliane Saliba; Ibrahim Mechalany,Administrateur,Eliane,Saliba,"Restauration à service restreint, à l'exclusion de restauration mobile","0 (2024) 2022 2023 2024 0 1 2 3 4 5 6 7 8 9 10 0 0 0 Marge Brute-6 243 € (2024) 2022 2023 2024 -7,000 € -6,000 € -5,000 € -4,000 € -3,000 € -2,000 € -1,000 € 0 € -4,588 -1,586 -6,243"
https://www.infobel.com/fr/belgium/wazawok/liege/BE107247852-042229694/businessdetails.aspx,2026-07-29,WAZAWOK à Liège,Avenue Louise 231 1050 Bruxelles,4000,4000 Liège,,04 222 96 94,,https://search.infobelpro.com/belgium/fr/liege/liege,BE0453604761,,https://www.infobel.com/fr/belgium/financial/vat/BE0453604761,Infobel,Avenue Louise 231 1050 Bruxelles,02/11/1994,BE0453604761,31/12/2024,,,,,Activités de conseil en informatique et de gestion d’installations informatiques,"11 (2024) 2022 2023 2024 8 9 9 10 10 11 11 12 10 9 11 Marge Brute1 311 537 € (2024) 2022 2023 2024 0 € 500,000 € 1,000,000 € 1,500,000 € 2,000,000 € 2,500,000 € 3,000,000 € 1,488,892 2,756,988 1,311,537"
https://www.infobel.com/fr/belgium/delices_du_maroc/liege/BE107248182-043437343/businessdetails.aspx,2026-07-29,Delices du Maroc à Liège,Avenue Louise 231 1050 Bruxelles,4020,Liège,,04 343 73 43,0@live.be,https://www.facebook.com/pages/Au-D%C3%A9lice-Du-Maroc/314975491936269,BE0453604761,Lu: 12:00-23:00; Me: 12:00-23:00; Je: 12:00-23:00; Ve: 11:30-23:00; Sa: 12:00-23:00; Di: 12:00-23:00,https://www.infobel.com/fr/belgium/financial/vat/BE0453604761,Infobel,Avenue Louise 231 1050 Bruxelles,02/11/1994,BE0453604761,31/12/2024,,,,,Activités de conseil en informatique et de gestion d’installations informatiques,"11 (2024) 2022 2023 2024 8 9 9 10 10 11 11 12 10 9 11 Marge Brute1 311 537 € (2024) 2022 2023 2024 0 € 500,000 € 1,000,000 € 1,500,000 € 2,000,000 € 2,500,000 € 3,000,000 € 1,488,892 2,756,988 1,311,537"
https://www.infobel.com/fr/belgium/picadeli/liege/BE107136076-042321453/businessdetails.aspx,2026-07-29,Picadeli à Liège - Place Saint-Lambert,Avenue Louise 231 1050 Bruxelles,4000,Liège,,04 232 14 53,info@picadeli.fr,https://www.picadeli.be/en,BE0453604761,Lu: 09:00-20:00; Ma: 09:00-20:00; Me: 09:00-20:00; Je: 09:00-20:00; Ve: 09:00-20:00,https://www.infobel.com/fr/belgium/financial/vat/BE0453604761,Infobel,Avenue Louise 231 1050 Bruxelles,02/11/1994,BE0453604761,31/12/2024,,,,,Activités de conseil en informatique et de gestion d’installations informatiques,"11 (2024) 2022 2023 2024 8 9 9 10 10 11 11 12 10 9 11 Marge Brute1 311 537 € (2024) 2022 2023 2024 0 € 500,000 € 1,000,000 € 1,500,000 € 2,000,000 € 2,500,000 € 3,000,000 € 1,488,892 2,756,988 1,311,537"
https://www.infobel.com/fr/belgium/out_fry_korean_fried_chicken_by_taster/liege/BE107127613-027634423/businessdetails.aspx,2026-07-29,Out Fry - Korean Fried Chicken by Taster à Liège,Avenue Louise 231 1050 Bruxelles,4000,Liège,,02 763 44 23,fastgoodcuisine@gmail.com,https://www.pepechicken.fr/,BE0453604761,Lu: 11:30-14:30; Ma: 11:30-14:30; Me: 11:30-15:30; Je: 11:30-14:30; Ve: 11:30-14:30; Sa: 11:30-14:30; Di: 11:30-21:30,https://www.infobel.com/fr/belgium/financial/vat/BE0453604761,Infobel,Avenue Louise 231 1050 Bruxelles,02/11/1994,BE0453604761,31/12/2024,,,,,Activités de conseil en informatique et de gestion d’installations informatiques,"11 (2024) 2022 2023 2024 8 9 9 10 10 11 11 12 10 9 11 Marge Brute1 311 537 € (2024) 2022 2023 2024 0 € 500,000 € 1,000,000 € 1,500,000 € 2,000,000 € 2,500,000 € 3,000,000 € 1,488,892 2,756,988 1,311,537"
https://www.infobel.com/fr/belgium/pokawa/liege/BE107122986-033600000/businessdetails.aspx,2026-07-29,POKAWA à Liège,Avenue Louise 231 1050 Bruxelles,4020,Liège,,03 360 00 00,,https://restaurants.pokawa.be/poke-bowl-mediacite/,BE0453604761,Lu: 10:00-20:30; Ma: 10:00-20:30; Me: 10:00-20:30; Je: 10:00-20:30; Ve: 10:00-20:30; Sa: 10:00-20:30,https://www.infobel.com/fr/belgium/financial/vat/BE0453604761,Infobel,Avenue Louise 231 1050 Bruxelles,02/11/1994,BE0453604761,31/12/2024,,,,,Activités de conseil en informatique et de gestion d’installations informatiques,"11 (2024) 2022 2023 2024 8 9 9 10 10 11 11 12 10 9 11 Marge Brute1 311 537 € (2024) 2022 2023 2024 0 € 500,000 € 1,000,000 € 1,500,000 € 2,000,000 € 2,500,000 € 3,000,000 € 1,488,892 2,756,988 1,311,537"
https://www.infobel.com/fr/belgium/centre_dentaire_des_guillemins/liege/BE107121934-042542595/businessdetails.aspx,2026-07-29,Centre dentaire des Guillemins à Liège - Rue des Guillemins,Rue des Guillemins 72 12 4000 Liège LIEGE,4000,Liège,,0479 20 46 99; 04 254 25 95,e@sentry.wixpress.com,http://www.dentisteliegeguillemins.be,BE0508495279,Lu: 00:00-00:00; Ma: 00:00-00:00; Me: 00:00-00:00; Je: 00:00-00:00; Ve: 00:00-00:00; Sa: 00:00-00:00; Di: 00:00-00:00,https://www.infobel.com/fr/belgium/financial/vat/BE0508495279,CENTRE DENTAIRE DES GUILLEMINS,Rue des Guillemins 72 12 4000 Liège LIEGE,18/12/2012,BE0508495279,31/12/2025,Pierre-Edouard Jean Albert Déom; Julien Luc Joëlle Simonis; Julien Luc Joëlle Simonis,Administrateur,Pierre-Edouard,Jean Albert Déom,Activités de soins dentaires,"3 (2025) 2023 2024 2025 0 1 2 3 4 5 6 7 8 9 10 3 4 3 Marge Brute12 144 € (2025) 2023 2024 2025 0 € 10,000 € 20,000 € 30,000 € 40,000 € 50,000 € 60,000 € 70,000 € 80,000 € 90,000 € 27,433 82,358 12,144"
https://www.infobel.com/fr/belgium/eggs/liege/BE107094538/businessdetails.aspx,2026-07-29,EGGS à Liège,Quai des Vennes 1 BP C81 4020 Liège LIEGE,4031,Liège,,,,https://www.eggs-cafe.be/,BE2374205355,Lu: 08:00-19:00; Ma: 08:00-19:00; Me: 08:00-19:00; Je: 08:00-19:00; Ve: 08:00-20:00; Sa: 08:00-19:00,https://www.infobel.com/fr/belgium/financial/vat/BE2374205355,Eggs Liège,Quai des Vennes 1 BP C81 4020 Liège LIEGE,23/06/2025,BE2374205355,,,,,,"Restauration à service restreint, à l'exclusion de restauration mobile",
https://www.infobel.com/fr/belgium/le_grain_de_sel/liege/BE107106315/businessdetails.aspx,2026-07-29,Le Grain de Sel à Liège,Avenue Louise 231 1050 Bruxelles,4000,Liège,,0487 74 17 33,,https://www.facebook.com/Le.Grain.de.Sel.rue.de.fragnee.172/,BE0453604761,Lu: 18:00-21:00; Ma: 18:00-21:00; Me: 18:00-21:00; Je: 18:00-21:00; Ve: 18:00-21:00; Di: 18:00-21:00,https://www.infobel.com/fr/belgium/financial/vat/BE0453604761,Infobel,Avenue Louise 231 1050 Bruxelles,02/11/1994,BE0453604761,31/12/2024,,,,,Activités de conseil en informatique et de gestion d’installations informatiques,"11 (2024) 2022 2023 2024 8 9 9 10 10 11 11 12 10 9 11 Marge Brute1 311 537 € (2024) 2022 2023 2024 0 € 500,000 € 1,000,000 € 1,500,000 € 2,000,000 € 2,500,000 € 3,000,000 € 1,488,892 2,756,988 1,311,537"
https://www.infobel.com/fr/belgium/chalet_de_l_abbatoir/liege/BE107094109-043627784/businessdetails.aspx,2026-07-29,Chalet de l'Abbatoir à Liège,,4020,Liège,,0497 40 68 83; 04 362 77 84,,https://www.facebook.com/Le-Chalet-de-lAbattoir-Chez-Julie-855461134485275/,BE0453604761,Lu: 11:30-18:30; Ma: 11:30-18:30; Me: 11:30-18:30; Je: 11:30-18:30; Ve: 11:30-17:00,https://www.infobel.com/fr/belgium/financial/vat/BE0453604761,,,,,,,,,,,
https://www.infobel.com/fr/belgium/le_vieux_sabot/liege/BE107087912-043422349/businessdetails.aspx,2026-07-29,Le Vieux Sabot à Liège,bld de la Constitution 13 4020 Liège LIEGE,4020,Liège,,04 342 23 49,,https://www.facebook.com/levieuxsabot/,BE2266237328,Lu: 08:00-22:00; Ma: 08:00-22:00; Me: 08:00-22:00; Je: 08:00-22:00; Ve: 04:00-22:00; Sa: 10:00-22:00,https://www.infobel.com/fr/belgium/financial/vat/BE2266237328,Le Vieux Sabot,bld de la Constitution 13 4020 Liège LIEGE,01/08/2017,BE2266237328,,,,,,"Restauration à service restreint, à l'exclusion de restauration mobile",
https://www.infobel.com/fr/belgium/pita_izmir_liege/liege/BE107071004/businessdetails.aspx,2026-07-29,Pita Izmir Liège à Liège,Avenue Louise 231 1050 Bruxelles,4000,Liège,,0499 47 47 00,,https://m.facebook.com/Izmirliege-171614556754018/?tsid=0.14405950580177262&source=result,BE0453604761,Ma: 11:15-02:00; Me: 11:15-02:00; Je: 11:15-02:00; Ve: 11:15-04:00; Sa: 11:15-04:00; Di: 11:15-02:00,https://www.infobel.com/fr/belgium/financial/vat/BE0453604761,Infobel,Avenue Louise 231 1050 Bruxelles,02/11/1994,BE0453604761,31/12/2024,,,,,Activités de conseil en informatique et de gestion d’installations informatiques,"11 (2024) 2022 2023 2024 8 9 9 10 10 11 11 12 10 9 11 Marge Brute1 311 537 € (2024) 2022 2023 2024 0 € 500,000 € 1,000,000 € 1,500,000 € 2,000,000 € 2,500,000 € 3,000,000 € 1,488,892 2,756,988 1,311,537"
https://www.infobel.com/fr/belgium/le_frangin/liege/BE107088509/businessdetails.aspx,2026-07-29,Le Frangin à Liège,Avenue Louise 231 1050 Bruxelles,4000,Liège,,0496 91 13 92,,https://sites.google.com/view/lefrangin,BE0453604761,Ma: 11:30-14:30; Me: 11:30-14:30; Je: 11:30-14:30; Ve: 11:30-14:30; Sa: 11:30-14:30,https://www.infobel.com/fr/belgium/financial/vat/BE0453604761,Infobel,Avenue Louise 231 1050 Bruxelles,02/11/1994,BE0453604761,31/12/2024,,,,,Activités de conseil en informatique et de gestion d’installations informatiques,"11 (2024) 2022 2023 2024 8 9 9 10 10 11 11 12 10 9 11 Marge Brute1 311 537 € (2024) 2022 2023 2024 0 € 500,000 € 1,000,000 € 1,500,000 € 2,000,000 € 2,500,000 € 3,000,000 € 1,488,892 2,756,988 1,311,537"
https://www.infobel.com/fr/belgium/nonloso/liege/BE107079749/businessdetails.aspx,2026-07-29,Nonloso à Liège,Avenue Louise 231 1050 Bruxelles,4000,Liège,,0470 90 74 80,,https://www.italygastronomia.be/,BE0453604761,Ma: 15:00-23:00; Me: 10:00-23:00; Je: 10:00-23:00; Ve: 10:00-23:00; Sa: 10:00-23:00,https://www.infobel.com/fr/belgium/financial/vat/BE0453604761,Infobel,Avenue Louise 231 1050 Bruxelles,02/11/1994,BE0453604761,31/12/2024,,,,,Activités de conseil en informatique et de gestion d’installations informatiques,"11 (2024) 2022 2023 2024 8 9 9 10 10 11 11 12 10 9 11 Marge Brute1 311 537 € (2024) 2022 2023 2024 0 € 500,000 € 1,000,000 € 1,500,000 € 2,000,000 € 2,500,000 € 3,000,000 € 1,488,892 2,756,988 1,311,537"
https://www.infobel.com/fr/belgium/super_faim/liege/BE107072237/businessdetails.aspx,2026-07-29,SUPER FAIM à Liège,Place du Vingt Août 15 4000 Liège LIEGE,4000,Liège,,011315367,ciao@superfaim.be,http://www.superfaim.be/,BE1011315367,Lu: 08:30-18:00; Ma: 08:30-18:00; Me: 08:30-18:00; Je: 08:30-18:00; Ve: 08:30-18:00,https://www.infobel.com/fr/belgium/financial/vat/BE1011315367,Super Faim,Place du Vingt Août 15 4000 Liège LIEGE,08/07/2024,BE1011315367,,Elisabeth Fares; Anthony Rousselle,Administrateur,Elisabeth,Fares,Restauration à service complet,
https://www.infobel.com/fr/belgium/picadeli/liege/BE107058849-043686222/businessdetails.aspx,2026-07-29,Picadeli à Liège,Avenue Louise 231 1050 Bruxelles,4000,Liège,,04 368 62 22,info@picadeli.fr,https://www.picadeli.be/fr,BE0453604761,Lu: 09:00-20:00; Ma: 09:00-20:00; Me: 09:00-20:00; Je: 09:00-20:00; Ve: 09:00-20:00,https://www.infobel.com/fr/belgium/financial/vat/BE0453604761,Infobel,Avenue Louise 231 1050 Bruxelles,02/11/1994,BE0453604761,31/12/2024,,,,,Activités de conseil en informatique et de gestion d’installations informatiques,"11 (2024) 2022 2023 2024 8 9 9 10 10 11 11 12 10 9 11 Marge Brute1 311 537 € (2024) 2022 2023 2024 0 € 500,000 € 1,000,000 € 1,500,000 € 2,000,000 € 2,500,000 € 3,000,000 € 1,488,892 2,756,988 1,311,537"
https://www.infobel.com/fr/belgium/greek_and_potatoes_saint_lambert/liege/BE107042928/businessdetails.aspx,2026-07-29,Greek And Potatoes Saint-lambert à Liège,Place Saint-Lambert 27 4000 Liège LIEGE,4000,Liège,,0470 95 66 62,,https://greekandpotatoes.com/,BE2375549596,Lu: 09:30-19:30; Ma: 09:30-19:30; Me: 09:30-19:30; Je: 09:30-19:30; Ve: 09:30-19:30; Sa: 09:30-19:30,https://www.infobel.com/fr/belgium/financial/vat/BE2375549596,Greek And Potatoes Saint-lambert,Place Saint-Lambert 27 4000 Liège LIEGE,04/07/2025,BE2375549596,,,,,,"Restauration à service restreint, à l'exclusion de restauration mobile",
https://www.infobel.com/fr/belgium/unlu_palace_kebab/liege/BE107010781/businessdetails.aspx,2026-07-29,Ünlü Palace Kebab à Liège,Avenue Louise 231 1050 Bruxelles,4000,Liège,,0487 83 58 60,,https://www.unlupalacekebab.be/,BE0453604761,Lu: 00:00-03:00; Ma: 00:00-03:00; Me: 00:00-03:00; Je: 00:00-03:00; Ve: 00:00-03:00; Sa: 00:00-06:00; Di: 00:00-06:00,https://www.infobel.com/fr/belgium/financial/vat/BE0453604761,Infobel,Avenue Louise 231 1050 Bruxelles,02/11/1994,BE0453604761,31/12/2024,,,,,Activités de conseil en informatique et de gestion d’installations informatiques,"11 (2024) 2022 2023 2024 8 9 9 10 10 11 11 12 10 9 11 Marge Brute1 311 537 € (2024) 2022 2023 2024 0 € 500,000 € 1,000,000 € 1,500,000 € 2,000,000 € 2,500,000 € 3,000,000 € 1,488,892 2,756,988 1,311,537"
https://www.infobel.com/fr/belgium/elie_max_s_poutines/liege/BE106961499-042460229/businessdetails.aspx,2026-07-29,Elie & Max's Poutines à Liège,Rue Saint-Jean-en-Isle 4 4000 Liège LIEGE,4000,Liège,,04 246 02 29,info.eliemaxpoutines@gmail.com,https://www.eliemaxpoutines.be/,BE1002556762,Ma: 12:00-21:30; Me: 12:00-21:30; Je: 12:00-22:30; Ve: 12:00-22:30; Sa: 12:00-22:30; Di: 12:00-21:30,https://www.infobel.com/fr/belgium/financial/vat/BE1002556762,Elie & Max'S Poutines,Rue Saint-Jean-en-Isle 4 4000 Liège LIEGE,22/11/2023,BE1002556762,31/12/2024,Maxime Pirard; Elie Rentier,Administrateur,Maxime,Pirard,Restauration à service complet,"1 (2024) 2024 0 1 2 3 4 5 6 7 8 9 10 1 Marge Brute-26 858 € (2024) 2024 -30,000 € -25,000 € -20,000 € -15,000 € -10,000 € -5,000 € 0 € -26,858"
https://www.infobel.com/fr/belgium/orientale_sushi/liege/BE106873060/businessdetails.aspx,2026-07-29,Orientale Sushi à Liège,Rue Grétry 37 BP 1 4020 Liège LIEGE,4020,Liège,,0472 97 33 49,,https://monmenudigital.fr/menus/sushi-oriental-liege/258,BE0804884026,Lu: 12:00-22:30; Ma: 12:00-22:30; Me: 17:00-22:30; Je: 17:00-22:30; Ve: 12:00-22:30; Sa: 12:00-22:30; Di: 12:00-22:30,https://www.infobel.com/fr/belgium/financial/vat/BE0804884026,Orientale Sushi,Rue Grétry 37 BP 1 4020 Liège LIEGE,16/08/2023,BE0804884026,,Hamza Yagoubi Aarab; Hamza Yagoubi Aarab Hamza,Administrateur,Hamza,Yagoubi Aarab,"Restauration à service restreint, à l'exclusion de restauration mobile",
https://www.infobel.com/fr/belgium/mamounia_imperial/liege/BE106724327/businessdetails.aspx,2026-07-29,MAMOUNIA IMPERIAL à Liège,Rue de la Goffe 16 BP 11 4000 Liège LIEGE,4000,Liège,,0782703787,,https://search.infobelpro.com/belgium/fr/liege/liege,BE0782703787,,https://www.infobel.com/fr/belgium/financial/vat/BE0782703787,Mamounia Imperial,Rue de la Goffe 16 BP 11 4000 Liège LIEGE,28/02/2022,BE0782703787,,Hadrien Abdoun,Administrateur,Hadrien,Abdoun,Restauration à service complet,
https://www.infobel.com/fr/belgium/le_chevillard/liege/BE106609497-043776733/businessdetails.aspx,2026-07-29,Le Chevillard à Liège,Rue de Droixhe 28 4020 Liège LIEGE,4020,Liège,,0477 30 42 44; 04 377 67 33,,https://search.infobelpro.com/belgium/fr/liege/liege,BE0827048130,,https://www.infobel.com/fr/belgium/financial/vat/BE0827048130,Corman Pierre,Rue de Droixhe 28 4020 Liège LIEGE,01/07/2010,BE0827048130,,Pierre Corman,Administrateur,Pierre,Corman,"Restauration à service restreint, à l'exclusion de restauration mobile",
https://www.infobel.com/fr/belgium/le_tripick_brasserie/liege/BE106514548-042400012/businessdetails.aspx,2026-07-29,Le Tripick Brasserie à Liège,Place des Guillemins 1 4000 Liège LIEGE,4000,Liège,,04 240 00 12,,http://www.facebook.com/letripickbrasserie,BE2328168264,,https://www.infobel.com/fr/belgium/financial/vat/BE2328168264,Le Tripick Brasserie,Place des Guillemins 1 4000 Liège LIEGE,01/07/2021,BE2328168264,,,,,,Activités de traiteur événementiel,
https://www.infobel.com/fr/belgium/chez_gillou/liege/BE106105092-043650729/businessdetails.aspx,2026-07-29,Chez Gillou à Liège,Rue Large 19 4032 Liège LIEGE,4032,Liège,,0474 45 75 55; 04 365 07 29,,https://search.infobelpro.com/belgium/fr/liege/liege,BE0740926382,,https://www.infobel.com/fr/belgium/financial/vat/BE0740926382,Brogneaux Gilles,Rue Large 19 4032 Liège LIEGE,08/01/2020,BE0740926382,,Gilles Brogneaux,Administrateur,Gilles,Brogneaux,Restauration à service complet,
https://www.infobel.com/fr/belgium/kofte_land/liege/BE105905607/businessdetails.aspx,2026-07-29,Köfte-Land à Liège,Rue Saint-Nicolas 396 4000 Liège LIEGE,4000,Liège,,0484 54 99 05,,https://search.infobelpro.com/belgium/fr/liege/liege,BE0546901341,Lu: 11:00-23:00; Ma: 11:00-23:00; Me: 11:00-23:00; Je: 11:00-23:00; Ve: 11:00-23:00; Sa: 11:00-23:00; Di: 12:00-22:00,https://www.infobel.com/fr/belgium/financial/vat/BE0546901341,KOFTE LAND,Rue Saint-Nicolas 396 4000 Liège LIEGE,18/02/2014,BE0546901341,,Cemil Bolad; Cemil B'Lad; Cemil Bolad,Administrateur,Cemil,Bolad,"Restauration à service restreint, à l'exclusion de restauration mobile",
https://www.infobel.com/fr/belgium/la_menara/liege/BE105622257-087354723/businessdetails.aspx,2026-07-29,La Menara à Liège,Rue Sébastien Laruelle 1 4000 Liège LIEGE,4000,Liège,,0493 08 95 54; 087 35 47 23,,http://www.resto.be/ware/details.jsp?businessid=6129,BE0825559971,Me: 18:30-23:00; Je: 18:30-23:00; Ve: 18:30-23:00; Sa: 18:30-23:00,https://www.infobel.com/fr/belgium/financial/vat/BE0825559971,La Menara,Rue Sébastien Laruelle 1 4000 Liège LIEGE,29/04/2010,BE0825559971,31/12/2024,aïd Zitouni; Saïd Zitouni,Administrateur,aïd,Zitouni,Restauration à service complet Marge Brute156 € (2024) 2022 2023 2024 0 € 20 € 40 € 60 € 80 € 100 € 120 € 140 € 160 € 180 € 65 34 156,
https://www.infobel.com/fr/belgium/see_you_soup/liege/BE105580508-043584507/businessdetails.aspx,2026-07-29,See You Soup à Liège,Rue Charles Magnette 10 4000 Liège LIEGE,4000,Liège,,0494 10 07 20; 04 358 45 07,,https://search.infobelpro.com/belgium/fr/liege/liege,BE0664567190,Lu: 11:30-16:30; Ma: 11:30-16:30; Me: 11:30-16:30; Je: 11:30-16:30; Ve: 11:30-16:30; Sa: 11:30-16:30,https://www.infobel.com/fr/belgium/financial/vat/BE0664567190,See You Soup,Rue Charles Magnette 10 4000 Liège LIEGE,12/10/2016,BE0664567190,,Pierre-Yves Taziaux,Administrateur,Pierre-Yves,Taziaux,Commerce de détail de fruits et légumes,
https://www.infobel.com/fr/belgium/pita_antalya/liege/BE105282652/businessdetails.aspx,2026-07-29,Pita Antalya à Liège,Avenue Louise 231 1050 Bruxelles,4000,Liège,,0489 16 29 70,,https://www.facebook.com/Pita-New-Antalya-Saint-Gilles-102411101466772/,BE0453604761,,https://www.infobel.com/fr/belgium/financial/vat/BE0453604761,Infobel,Avenue Louise 231 1050 Bruxelles,02/11/1994,BE0453604761,31/12/2024,,,,,Activités de conseil en informatique et de gestion d’installations informatiques,"11 (2024) 2022 2023 2024 8 9 9 10 10 11 11 12 10 9 11 Marge Brute1 311 537 € (2024) 2022 2023 2024 0 € 500,000 € 1,000,000 € 1,500,000 € 2,000,000 € 2,500,000 € 3,000,000 € 1,488,892 2,756,988 1,311,537"
https://www.infobel.com/fr/belgium/pompa_gabriele/liege/BE100607701-042630175/businessdetails.aspx,2026-07-29,Pompa / Gabriele à Liège,,4000,Liège,,04 263 01 75,,http://www.facebook.com/Glacier-La-Cremolosa-132889003435662/,BE0878740519,,https://www.infobel.com/fr/belgium/financial/vat/BE0878740519,,,,,,,,,,,
https://www.infobel.com/fr/belgium/burger_king/liege/BE106935596-042404846/businessdetails.aspx,2026-07-29,Burger King à Liège - Place des Guillemins 3,Avenue Louise 231 1050 Bruxelles,4000,Liège,,042404846,infofranchise@burgerking.be,https://www.burgerking.be/fr/stores/#!/l/liege/place-des-guillemins-3/4720804,BE0453604761,,https://www.infobel.com/fr/belgium/financial/vat/BE0453604761,Infobel,Avenue Louise 231 1050 Bruxelles,02/11/1994,BE0453604761,31/12/2024,,,,,Activités de conseil en informatique et de gestion d’installations informatiques,"11 (2024) 2022 2023 2024 8 9 9 10 10 11 11 12 10 9 11 Marge Brute1 311 537 € (2024) 2022 2023 2024 0 € 500,000 € 1,000,000 € 1,500,000 € 2,000,000 € 2,500,000 € 3,000,000 € 1,488,892 2,756,988 1,311,537"
https://www.infobel.com/fr/belgium/huggys_liege/liege/BE106985808-042629339/businessdetails.aspx,2026-07-29,HUGGYS Liège à Liège,Avenue Louise 231 1050 Bruxelles,4000,Liège,,042629339,,https://huggys.be/fr/restaurant/liege-1/,BE0453604761,,https://www.infobel.com/fr/belgium/financial/vat/BE0453604761,Infobel,Avenue Louise 231 1050 Bruxelles,02/11/1994,BE0453604761,31/12/2024,,,,,Activités de conseil en informatique et de gestion d’installations informatiques,"11 (2024) 2022 2023 2024 8 9 9 10 10 11 11 12 10 9 11 Marge Brute1 311 537 € (2024) 2022 2023 2024 0 € 500,000 € 1,000,000 € 1,500,000 € 2,000,000 € 2,500,000 € 3,000,000 € 1,488,892 2,756,988 1,311,537"
https://www.infobel.com/fr/belgium/love_sushi/liege/BE100758020/businessdetails.aspx,2026-07-29,Love Sushi à Liège,Avenue Louise 231 1050 Bruxelles,4000,Liège,,0477195472,,https://search.infobelpro.com/belgium/fr/liege/liege,BE0453604761,,https://www.infobel.com/fr/belgium/financial/vat/BE0453604761,Infobel,Avenue Louise 231 1050 Bruxelles,02/11/1994,BE0453604761,31/12/2024,,,,,Activités de conseil en informatique et de gestion d’installations informatiques,"11 (2024) 2022 2023 2024 8 9 9 10 10 11 11 12 10 9 11 Marge Brute1 311 537 € (2024) 2022 2023 2024 0 € 500,000 € 1,000,000 € 1,500,000 € 2,000,000 € 2,500,000 € 3,000,000 € 1,488,892 2,756,988 1,311,537"
https://www.infobel.com/fr/belgium/quick_belle_ile/liege/BE106036726-043444968/businessdetails.aspx,2026-07-29,Quick Belle-Ile à Liège - Quai des Vennes 1,Avenue Louise 231 1050 Bruxelles,4020,Liège,,043444968,privacy@quick.be,https://www.quick.be/fr/restaurant/belle-ile,BE0453604761,,https://www.infobel.com/fr/belgium/financial/vat/BE0453604761,Infobel,Avenue Louise 231 1050 Bruxelles,02/11/1994,BE0453604761,31/12/2024,,,,,Activités de conseil en informatique et de gestion d’installations informatiques,"11 (2024) 2022 2023 2024 8 9 9 10 10 11 11 12 10 9 11 Marge Brute1 311 537 € (2024) 2022 2023 2024 0 € 500,000 € 1,000,000 € 1,500,000 € 2,000,000 € 2,500,000 € 3,000,000 € 1,488,892 2,756,988 1,311,537"
https://www.infobel.com/fr/belgium/huggys/liege/BE107347335-042629339/businessdetails.aspx,2026-07-29,HUGGYS à Liège - Rue des Ecoliers 3,Rue de Bruxelles 10 -15 4340 Awans LIEGE,2594,évaluations),,0495 62 16 53; 04 262 93 39,,https://huggys.be/fr/restaurant/liege-1/,BE0845381328,Lu: 12:00-22:00; Ma: 12:00-22:00; Me: 12:00-22:00; Je: 12:00-22:00; Ve: 12:00-22:00; Sa: 12:00-22:00; Di: 12:00-22:00,https://www.infobel.com/fr/belgium/financial/vat/BE0845381328,THB1,Rue de Bruxelles 10 -15 4340 Awans LIEGE,18/04/2012,BE0845381328,31/12/2024,Thomas Milon Steve Memurlin; Thomas Milon Steve Memurlin; Roberto Navarro Guanipa,Administrateur,Thomas,Milon Steve Memurlin,Cafés et bars,"22 (2023) 2022 2023 0 5 10 15 20 25 4 22 Marge Brute-52 676 € (2024) 2022 2023 2024 -120,000 € -100,000 € -80,000 € -60,000 € -40,000 € -20,000 € 0 € -61,718 -107,924 -52,676"
https://www.infobel.com/fr/belgium/voodoo_liege/liege/BE107343542/businessdetails.aspx,2026-07-29,Voodoo Liège à Liège,Avenue Louise 231 1050 Bruxelles,4000,Liège,,0470 47 12 06,,https://facebrestaurant.be/,BE0453604761,,https://www.infobel.com/fr/belgium/financial/vat/BE0453604761,Infobel,Avenue Louise 231 1050 Bruxelles,02/11/1994,BE0453604761,31/12/2024,,,,,Activités de conseil en informatique et de gestion d’installations informatiques,"11 (2024) 2022 2023 2024 8 9 9 10 10 11 11 12 10 9 11 Marge Brute1 311 537 € (2024) 2022 2023 2024 0 € 500,000 € 1,000,000 € 1,500,000 € 2,000,000 € 2,500,000 € 3,000,000 € 1,488,892 2,756,988 1,311,537"
https://www.infobel.com/fr/belgium/le_kleyer/liege/BE107352474-042530246/businessdetails.aspx,2026-07-29,Le Kleyer à Liège,Boulevard Gustave Kleyer 2 4000 Liège LIEGE,4000,Liège,,04 253 02 46,,https://www.facebook.com/brasserie.lekleyer/,BE2218185211,Lu: 06:30-23:30; Ma: 06:30-23:30; Me: 06:30-23:30; Je: 06:30-23:30; Ve: 06:30-23:30; Sa: 08:00-23:30; Di: 09:00-22:00,https://www.infobel.com/fr/belgium/financial/vat/BE2218185211,LE Kleyer,Boulevard Gustave Kleyer 2 4000 Liège LIEGE,19/04/2013,BE2218185211,,,,,,"Restauration à service restreint, à l'exclusion de restauration mobile",
https://www.infobel.com/fr/belgium/friterie_d_avroy/liege/BE107346140/businessdetails.aspx,2026-07-29,FRITERIE D'AVROY à Liège,Avenue Louise 231 1050 Bruxelles,4000,Liège,,0489 28 82 75,,http://www.facebook.com/FriterieDAvroy,BE0453604761,Ma: 11:30-14:30; Me: 11:30-14:30; Je: 11:30-14:30; Ve: 11:30-14:30; Sa: 11:30-14:30,https://www.infobel.com/fr/belgium/financial/vat/BE0453604761,Infobel,Avenue Louise 231 1050 Bruxelles,02/11/1994,BE0453604761,31/12/2024,,,,,Activités de conseil en informatique et de gestion d’installations informatiques,"11 (2024) 2022 2023 2024 8 9 9 10 10 11 11 12 10 9 11 Marge Brute1 311 537 € (2024) 2022 2023 2024 0 € 500,000 € 1,000,000 € 1,500,000 € 2,000,000 € 2,500,000 € 3,000,000 € 1,488,892 2,756,988 1,311,537"
https://www.infobel.com/fr/belgium/burger_king/liege/BE106589620-043694487/businessdetails.aspx,2026-07-29,Burger King à Liège - Rue Joffre 2,Avenue Louise 231 1050 Bruxelles,4000,Liège,,043694487,infofranchise@burgerking.be,https://www.burgerking.be/fr/stores/#!/l/liege/rue-joffre-2/4720849,BE0453604761,,https://www.infobel.com/fr/belgium/financial/vat/BE0453604761,Infobel,Avenue Louise 231 1050 Bruxelles,02/11/1994,BE0453604761,31/12/2024,,,,,Activités de conseil en informatique et de gestion d’installations informatiques,"11 (2024) 2022 2023 2024 8 9 9 10 10 11 11 12 10 9 11 Marge Brute1 311 537 € (2024) 2022 2023 2024 0 € 500,000 € 1,000,000 € 1,500,000 € 2,000,000 € 2,500,000 € 3,000,000 € 1,488,892 2,756,988 1,311,537"
https://www.infobel.com/fr/belgium/chez_leo/liege/BE107353087-042214314/businessdetails.aspx,2026-07-29,Chez Léo à Liège,Féronstrée 111 4000 Liège LIEGE,4000,Liège,,0499 21 42 05; 04 221 43 14,,https://www.facebook.com/LaCuisineDeYannick/,BE0479442888,Me: 12:00-14:00; Je: 12:00-14:00; Ve: 12:00-14:00; Sa: 12:00-14:00; Di: 12:00-14:30,https://www.infobel.com/fr/belgium/financial/vat/BE0479442888,Wittrock-Braune,Féronstrée 111 4000 Liège LIEGE,24/01/2003,BE0479442888,31/12/2024,Joëlle Bougnet; Armand Bollingh; Yannick Bougnet,Administrateur,Joëlle,Bougnet,"Restauration à service restreint, à l'exclusion de restauration mobile","3 (2024) 2022 2023 2024 0 1 2 3 4 5 6 7 8 9 10 2 3 3 Marge Brute25 236 € (2024) 2022 2023 2024 0 € 5,000 € 10,000 € 15,000 € 20,000 € 25,000 € 30,000 € 35,000 € 6,107 30,824 25,236"
https://www.infobel.com/fr/belgium/late_night_pizza/liege/BE107353519/businessdetails.aspx,2026-07-29,Late Night Pizza à Liège,Rue Saint-Gilles 105 4000 Liège LIEGE,4000,Liège,,0471 68 07 60,b@sentry.wixpress.com,https://www.latenightpizza.be/,BE2360606945,Lu: 18:30-03:30; Ma: 18:30-03:30; Me: 18:30-03:00; Je: 18:30-03:30; Ve: 18:30-03:30; Sa: 18:30-03:45; Di: 18:30-03:30,https://www.infobel.com/fr/belgium/financial/vat/BE2360606945,Late Night Pizza,Rue Saint-Gilles 105 4000 Liège LIEGE,11/06/2024,BE2360606945,,,,,,"Restauration à service restreint, à l'exclusion de restauration mobile",
https://www.infobel.com/fr/belgium/walio/liege/BE107346869-043531166/businessdetails.aspx,2026-07-29,Waliò à Liège - PLACE FRANCOISE HERITIER 1,Avenue Louise 231 1050 Bruxelles,4000,Liège,,04 353 11 66; 04 353 11 66,,https://www.walio.be/,BE0453604761,Lu: 12:00-14:00; Ma: 12:00-14:00; Me: 12:00-14:00; Je: 12:00-14:00; Ve: 12:00-14:00,https://www.infobel.com/fr/belgium/financial/vat/BE0453604761,Infobel,Avenue Louise 231 1050 Bruxelles,02/11/1994,BE0453604761,31/12/2024,,,,,Activités de conseil en informatique et de gestion d’installations informatiques,"11 (2024) 2022 2023 2024 8 9 9 10 10 11 11 12 10 9 11 Marge Brute1 311 537 € (2024) 2022 2023 2024 0 € 500,000 € 1,000,000 € 1,500,000 € 2,000,000 € 2,500,000 € 3,000,000 € 1,488,892 2,756,988 1,311,537"
https://www.infobel.com/fr/belgium/restaurant_africain/liege/BE107352782/businessdetails.aspx,2026-07-29,restaurant africain à Liège,Avenue Louise 231 1050 Bruxelles,4000,Liège,,0467 68 70 79,info@menute.be,http://www.snackpitaliege.be/,BE0453604761,,https://www.infobel.com/fr/belgium/financial/vat/BE0453604761,Infobel,Avenue Louise 231 1050 Bruxelles,02/11/1994,BE0453604761,31/12/2024,,,,,Activités de conseil en informatique et de gestion d’installations informatiques,"11 (2024) 2022 2023 2024 8 9 9 10 10 11 11 12 10 9 11 Marge Brute1 311 537 € (2024) 2022 2023 2024 0 € 500,000 € 1,000,000 € 1,500,000 € 2,000,000 € 2,500,000 € 3,000,000 € 1,488,892 2,756,988 1,311,537"
https://www.infobel.com/fr/belgium/fun_and_wine/liege/BE107342587/businessdetails.aspx,2026-07-29,Fun and Wine à Liège,Avenue Louise 231 1050 Bruxelles,4020,Liège,,0494 67 22 30,,https://www.billetweb.fr/pro/funandwine1,BE0453604761,,https://www.infobel.com/fr/belgium/financial/vat/BE0453604761,Infobel,Avenue Louise 231 1050 Bruxelles,02/11/1994,BE0453604761,31/12/2024,,,,,Activités de conseil en informatique et de gestion d’installations informatiques,"11 (2024) 2022 2023 2024 8 9 9 10 10 11 11 12 10 9 11 Marge Brute1 311 537 € (2024) 2022 2023 2024 0 € 500,000 € 1,000,000 € 1,500,000 € 2,000,000 € 2,500,000 € 3,000,000 € 1,488,892 2,756,988 1,311,537"
https://www.infobel.com/fr/belgium/le_nicoli_liege/liege/BE107351624-042533994/businessdetails.aspx,2026-07-29,Le Nicoli Liège à Liège,Avenue de l'Informatique 46 4432 Ans LIEGE,4000,Liège,,04 253 39 94,,https://lenicoli.be/,BE0734475882,,https://www.infobel.com/fr/belgium/financial/vat/BE0734475882,GREAT FOOD,Avenue de l'Informatique 46 4432 Ans LIEGE,16/09/2019,BE0734475882,30/09/2024,Maud Dobbelstein; Adrian Di Prima,Administrateur,Maud,Dobbelstein,Activités de service contractuel de restauration et autres activités de service de restauration,"1 (2024) 2024 0 1 2 3 4 5 6 7 8 9 10 1 Marge Brute7 871 € (2024) 2022 2023 2024 -10,000 € -5,000 € 0 € 5,000 € 10,000 € 15,000 € 20,000 € 25,000 € -5,931 19,414 7,871"
https://www.infobel.com/fr/belgium/les_3_coups/liege/BE107341362-042663015/businessdetails.aspx,2026-07-29,Les 3 Coups à Liège,Rue de la Boucherie 9 4000 Liège LIEGE,4000,Liège,,04 266 30 15,,https://les3coups.eatbu.com/,BE1022922408,Me: 11:00-16:00; Je: 11:00-16:00; Ve: 11:00-16:00; Sa: 11:00-16:00; Di: 11:00-16:00,https://www.infobel.com/fr/belgium/financial/vat/BE1022922408,Les 3 Coups,Rue de la Boucherie 9 4000 Liège LIEGE,01/05/2025,BE1022922408,,Gil Laurent; Gil Laurent; Mathieu Steenhault,Administrateur,Gil,Laurent,"Restauration à service restreint, à l'exclusion de restauration mobile",
https://www.infobel.com/fr/belgium/bibliotheque_d_ebene_nafissatou_dia/liege/BE107321303/businessdetails.aspx,2026-07-29,"Bibliothèque d'èbene, Nafissatou DIA à Liège",Avenue Louise 231 1050 Bruxelles,4000,Liège,,0491 19 79 56,,https://www.facebook.com/jardindelateranga,BE0453604761,Ve: 18:00-22:00; Sa: 12:00-22:00; Di: 12:00-16:00,https://www.infobel.com/fr/belgium/financial/vat/BE0453604761,Infobel,Avenue Louise 231 1050 Bruxelles,02/11/1994,BE0453604761,31/12/2024,,,,,Activités de conseil en informatique et de gestion d’installations informatiques,"11 (2024) 2022 2023 2024 8 9 9 10 10 11 11 12 10 9 11 Marge Brute1 311 537 € (2024) 2022 2023 2024 0 € 500,000 € 1,000,000 € 1,500,000 € 2,000,000 € 2,500,000 € 3,000,000 € 1,488,892 2,756,988 1,311,537"
https://www.infobel.com/fr/belgium/jub_jub/liege/BE107332424-043775195/businessdetails.aspx,2026-07-29,Jub Jub à Liège,Quai des Vennes 1 BP 31 4020 Liège LIEGE,4031,Liège,,04 377 51 95,contact@jubjub.be,http://www.jubjub.be/,BE1004737579,,https://www.infobel.com/fr/belgium/financial/vat/BE1004737579,Jub Jub,Quai des Vennes 1 BP 31 4020 Liège LIEGE,16/01/2024,BE1004737579,31/12/2024,Lucas Magrone,Administrateur,Lucas,Magrone,"Restauration à service restreint, à l'exclusion de restauration mobile","5 (2024) 2024 0 1 2 3 4 5 6 7 8 9 10 5 Marge Brute1 747 € (2024) 2024 0 € 200 € 400 € 600 € 800 € 1,000 € 1,200 € 1,400 € 1,600 € 1,800 € 2,000 € 1,747"
https://www.infobel.com/fr/belgium/poke_house_liege/liege/BE107332281-042783676/businessdetails.aspx,2026-07-29,Poké House Liège à Liège,,4000,Liège,,04 278 36 76,hello@centralapp.com,https://pokehouse.be/fr,BE0453604761,,https://www.infobel.com/fr/belgium/financial/vat/BE0453604761,,,,,,,,,,,
https://www.infobel.com/fr/belgium/fantasiali/liege/BE107329980-043410891/businessdetails.aspx,2026-07-29,Fantasiali à Liège,Rue Roture 8 BP 10 4020 Liège LIEGE,4020,Liège,,0487 42 14 14; 04 341 08 91,,http://www.facebook.com/FantasiAli-1717091235230534,BE0634712075,Lu: 18:00-23:00; Ma: 18:00-23:00; Je: 18:00-23:00; Ve: 18:00-23:00; Sa: 18:00-23:00; Di: 18:00-23:00,https://www.infobel.com/fr/belgium/financial/vat/BE0634712075,Sheheiber Ali,Rue Roture 8 BP 10 4020 Liège LIEGE,01/08/2015,BE0634712075,,Ali Sheheiber,Administrateur,Ali,Sheheiber,Restauration à service complet,
https://www.infobel.com/fr/belgium/street_bao/liege/BE107342236/businessdetails.aspx,2026-07-29,Street Bao à Liège,Avenue Louise 231 1050 Bruxelles,4020,Liège,,0488 93 53 57,info@streetbao.be,https://streetbao.be/,BE0453604761,Lu: 11:30-14:30; Ma: 11:30-14:30; Me: 11:30-14:30; Je: 11:30-14:30; Ve: 11:30-14:30; Sa: 18:30-21:30; Di: 18:30-21:30,https://www.infobel.com/fr/belgium/financial/vat/BE0453604761,Infobel,Avenue Louise 231 1050 Bruxelles,02/11/1994,BE0453604761,31/12/2024,,,,,Activités de conseil en informatique et de gestion d’installations informatiques,"11 (2024) 2022 2023 2024 8 9 9 10 10 11 11 12 10 9 11 Marge Brute1 311 537 € (2024) 2022 2023 2024 0 € 500,000 € 1,000,000 € 1,500,000 € 2,000,000 € 2,500,000 € 3,000,000 € 1,488,892 2,756,988 1,311,537"
https://www.infobel.com/fr/belgium/friterie_des_tuileries/liege/BE107331183-042752662/businessdetails.aspx,2026-07-29,Friterie des Tuileries à Liège,Rue de Bois de Breux 264 4020 Liège LIEGE,4020,Liège,,04 275 26 62,info@friteriedestuileries.be,https://www.friteriedestuileries.be/,BE2334522457,Me: 11:30-14:00; Je: 17:30-21:00; Ve: 11:30-14:00; Sa: 17:30-21:00; Di: 17:30-21:00,https://www.infobel.com/fr/belgium/financial/vat/BE2334522457,Les Tuileries,Rue de Bois de Breux 264 4020 Liège LIEGE,24/05/2022,BE2334522457,,,,,,"Restauration à service restreint, à l'exclusion de restauration mobile",
https://www.infobel.com/fr/belgium/les_caves/liege/BE107335174-042520592/businessdetails.aspx,2026-07-29,Les Caves à Liège,Place des Franchises 26 4000 Liège LIEGE,4000,Liège,,0486 50 11 11; 04 252 05 92,,http://www.bistrotlescaves.be/,BE0415094672,Lu: 08:30-21:00; Ma: 08:30-21:00; Me: 08:30-21:00; Je: 08:30-21:00; Ve: 08:30-21:00; Sa: 08:30-21:00,https://www.infobel.com/fr/belgium/financial/vat/BE0415094672,LES CAVES,Place des Franchises 26 4000 Liège LIEGE,25/03/1975,BE0415094672,31/12/2024,Jean Walewyns,Administrateur,Jean,Walewyns,"Cafés et bars Marge Brute43 739 € (2024) 2022 2023 2024 0 € 5,000 € 10,000 € 15,000 € 20,000 € 25,000 € 30,000 € 35,000 € 40,000 € 45,000 € 50,000 € 8,471 28,644 43,739",
https://www.infobel.com/fr/belgium/la_frite_du_petit_vaudree/liege/BE107326305/businessdetails.aspx,2026-07-29,La Frite du Petit Vaudrée à Liège,Avenue Louise 231 1050 Bruxelles,4031,Liège,,0494 60 10 16,,http://tavernefriterielepetitvaudree.com/,BE0453604761,Lu: 12:00-14:30; Me: 17:30-21:30; Je: 12:00-14:30; Ve: 12:00-14:30; Sa: 12:00-14:30; Di: 12:00-14:30,https://www.infobel.com/fr/belgium/financial/vat/BE0453604761,Infobel,Avenue Louise 231 1050 Bruxelles,02/11/1994,BE0453604761,31/12/2024,,,,,Activités de conseil en informatique et de gestion d’installations informatiques,"11 (2024) 2022 2023 2024 8 9 9 10 10 11 11 12 10 9 11 Marge Brute1 311 537 € (2024) 2022 2023 2024 0 € 500,000 € 1,000,000 € 1,500,000 € 2,000,000 € 2,500,000 € 3,000,000 € 1,488,892 2,756,988 1,311,537"
https://www.infobel.com/fr/belgium/tantuni_liege/liege/BE107330947/businessdetails.aspx,2026-07-29,Tantuni Liège à Liège,Avenue Louise 231 1050 Bruxelles,4020,Liège,,0483 66 11 17,,http://herstal-commerce.be/index.php/item/tantuni-liege/,BE0453604761,Ma: 16:00-22:00; Me: 16:00-22:00; Je: 16:00-22:00; Ve: 16:00-23:00; Sa: 16:00-23:00; Di: 16:00-23:00,https://www.infobel.com/fr/belgium/financial/vat/BE0453604761,Infobel,Avenue Louise 231 1050 Bruxelles,02/11/1994,BE0453604761,31/12/2024,,,,,Activités de conseil en informatique et de gestion d’installations informatiques,"11 (2024) 2022 2023 2024 8 9 9 10 10 11 11 12 10 9 11 Marge Brute1 311 537 € (2024) 2022 2023 2024 0 € 500,000 € 1,000,000 € 1,500,000 € 2,000,000 € 2,500,000 € 3,000,000 € 1,488,892 2,756,988 1,311,537"
https://www.infobel.com/fr/belgium/mouvement_citoyen_pour_le_changement_mcc_section_locale_de_liege/liege/BE107321464/businessdetails.aspx,2026-07-29,Mouvement Citoyen pour le Changement. MCC. Section locale de Liege à Liège,Avenue Louise 231 1050 Bruxelles,4000,Liège,,0491 19 79 56,,https://www.facebook.com/jardindelateranga,BE0453604761,Ve: 18:00-22:00; Sa: 12:00-22:00; Di: 12:00-16:00,https://www.infobel.com/fr/belgium/financial/vat/BE0453604761,Infobel,Avenue Louise 231 1050 Bruxelles,02/11/1994,BE0453604761,31/12/2024,,,,,Activités de conseil en informatique et de gestion d’installations informatiques,"11 (2024) 2022 2023 2024 8 9 9 10 10 11 11 12 10 9 11 Marge Brute1 311 537 € (2024) 2022 2023 2024 0 € 500,000 € 1,000,000 € 1,500,000 € 2,000,000 € 2,500,000 € 3,000,000 € 1,488,892 2,756,988 1,311,537"
https://www.infobel.com/fr/belgium/mikasa_cooking_art/liege/BE107331264-042211627/businessdetails.aspx,2026-07-29,Mikasa Cooking Art à Liège,Avenue Louise 231 1050 Bruxelles,4020,Liège,,04 221 16 27,,http://www.mikasacooking.com/,BE0453604761,,https://www.infobel.com/fr/belgium/financial/vat/BE0453604761,Infobel,Avenue Louise 231 1050 Bruxelles,02/11/1994,BE0453604761,31/12/2024,,,,,Activités de conseil en informatique et de gestion d’installations informatiques,"11 (2024) 2022 2023 2024 8 9 9 10 10 11 11 12 10 9 11 Marge Brute1 311 537 € (2024) 2022 2023 2024 0 € 500,000 € 1,000,000 € 1,500,000 € 2,000,000 € 2,500,000 € 3,000,000 € 1,488,892 2,756,988 1,311,537"
https://www.infobel.com/fr/belgium/jardin_de_la_teranga_chez_marieme/liege/BE107321240/businessdetails.aspx,2026-07-29,"Jardin de la Teranga, chez Marième à Liège",Avenue Louise 231 1050 Bruxelles,4000,Liège,,0491 19 79 56,,https://www.facebook.com/jardindelateranga,BE0453604761,Ve: 18:00-22:00; Sa: 12:00-22:00; Di: 12:00-16:00,https://www.infobel.com/fr/belgium/financial/vat/BE0453604761,Infobel,Avenue Louise 231 1050 Bruxelles,02/11/1994,BE0453604761,31/12/2024,,,,,Activités de conseil en informatique et de gestion d’installations informatiques,"11 (2024) 2022 2023 2024 8 9 9 10 10 11 11 12 10 9 11 Marge Brute1 311 537 € (2024) 2022 2023 2024 0 € 500,000 € 1,000,000 € 1,500,000 € 2,000,000 € 2,500,000 € 3,000,000 € 1,488,892 2,756,988 1,311,537"
https://www.infobel.com/fr/belgium/l_espace_culturel_africain_sunugal/liege/BE107321211/businessdetails.aspx,2026-07-29,"L'Espace Culturel Africain, Sunugal à Liège",Avenue Louise 231 1050 Bruxelles,4000,Liège,,0491 19 79 56,,https://www.facebook.com/jardindelateranga,BE0453604761,Ve: 18:00-22:00; Sa: 12:00-22:00; Di: 12:00-16:00,https://www.infobel.com/fr/belgium/financial/vat/BE0453604761,Infobel,Avenue Louise 231 1050 Bruxelles,02/11/1994,BE0453604761,31/12/2024,,,,,Activités de conseil en informatique et de gestion d’installations informatiques,"11 (2024) 2022 2023 2024 8 9 9 10 10 11 11 12 10 9 11 Marge Brute1 311 537 € (2024) 2022 2023 2024 0 € 500,000 € 1,000,000 € 1,500,000 € 2,000,000 € 2,500,000 € 3,000,000 € 1,488,892 2,756,988 1,311,537"
https://www.infobel.com/fr/belgium/encontro_brasileiro/liege/BE107305212/businessdetails.aspx,2026-07-29,Encontro Brasileiro à Liège,Rue Saint-Hubert 6 4000 Liège LIEGE,4000,Liège,,0475 56 03 82,encontro-brasileiro@hotmail.com,https://encontro-brasileiro.eatbu.com/?lang=fr,BE0774255186,Lu: 12:00-14:30; Me: 12:00-14:30; Je: 12:00-14:30; Ve: 12:00-14:30; Sa: 12:00-14:30; Di: 12:00-14:30,https://www.infobel.com/fr/belgium/financial/vat/BE0774255186,Sandwicherie Restaurant Dragobert - Encontro Brasileiro,Rue Saint-Hubert 6 4000 Liège LIEGE,06/05/2002,BE0774255186,,Philippe Neyens; Philippe Neyens,Administrateur,Philippe,Neyens,Restauration à service complet,
https://www.infobel.com/fr/belgium/royal_golf_club_sart_tilman/liege/BE107260960-043362021/businessdetails.aspx,2026-07-29,Royal Golf Club Sart Tilman à Liège,Route du Condroz 541 4031 Liège LIEGE,4031,Liège,,0475 65 27 06; 04 336 20 21; 04 337 20 26,info@rgcst.be,http://www.rgcst.be/,BE2005594269,,https://www.infobel.com/fr/belgium/financial/vat/BE2005594269,Royal Golf Club du Sart Tilman,Route du Condroz 541 4031 Liège LIEGE,01/04/1937,BE2005594269,,,,,,"Exploitation régul de discothèques, salles de bal et clubs privés, qui réalisent leur CA par la vente de boissons, avec ou sans obligation d'achat de tickets d'entrée donnant droit à des consomm",
https://www.infobel.com/fr/belgium/rose_cannelle/liege/BE107259042-043882827/businessdetails.aspx,2026-07-29,Rose cannelle à Liège,Avenue Louise 231 1050 Bruxelles,4020,Liège,,0474 26 72 40; 04 388 28 27,,http://www.la-rose-cannelle.com/,BE0453604761,Ma: 12:00-14:00; Me: 12:00-14:00; Je: 12:00-14:00; Ve: 12:00-14:00; Sa: 18:00-21:00; Di: 12:00-14:00,https://www.infobel.com/fr/belgium/financial/vat/BE0453604761,Infobel,Avenue Louise 231 1050 Bruxelles,02/11/1994,BE0453604761,31/12/2024,,,,,Activités de conseil en informatique et de gestion d’installations informatiques,"11 (2024) 2022 2023 2024 8 9 9 10 10 11 11 12 10 9 11 Marge Brute1 311 537 € (2024) 2022 2023 2024 0 € 500,000 € 1,000,000 € 1,500,000 € 2,000,000 € 2,500,000 € 3,000,000 € 1,488,892 2,756,988 1,311,537"
https://www.infobel.com/fr/belgium/wine_house/liege/BE107258971/businessdetails.aspx,2026-07-29,Wine House à Liège,Avenue Louise 231 1050 Bruxelles,4000,Liège,,0495 29 20 30,,https://web.facebook.com/WineHouseLiege/,BE0453604761,,https://www.infobel.com/fr/belgium/financial/vat/BE0453604761,Infobel,Avenue Louise 231 1050 Bruxelles,02/11/1994,BE0453604761,31/12/2024,,,,,Activités de conseil en informatique et de gestion d’installations informatiques,"11 (2024) 2022 2023 2024 8 9 9 10 10 11 11 12 10 9 11 Marge Brute1 311 537 € (2024) 2022 2023 2024 0 € 500,000 € 1,000,000 € 1,500,000 € 2,000,000 € 2,500,000 € 3,000,000 € 1,488,892 2,756,988 1,311,537"
https://www.infobel.com/fr/belgium/maison_polonaise/liege/BE107248427-042231393/businessdetails.aspx,2026-07-29,Maison Polonaise à Liège,Avenue Louise 231 1050 Bruxelles,4000,Liège,,04 223 13 93,,https://search.infobelpro.com/belgium/fr/liege/liege,BE0453604761,Ma: 09:00-17:00; Me: 09:00-12:00; Je: 09:00-17:30; Ve: 09:00-17:00,https://www.infobel.com/fr/belgium/financial/vat/BE0453604761,Infobel,Avenue Louise 231 1050 Bruxelles,02/11/1994,BE0453604761,31/12/2024,,,,,Activités de conseil en informatique et de gestion d’installations informatiques,"11 (2024) 2022 2023 2024 8 9 9 10 10 11 11 12 10 9 11 Marge Brute1 311 537 € (2024) 2022 2023 2024 0 € 500,000 € 1,000,000 € 1,500,000 € 2,000,000 € 2,500,000 € 3,000,000 € 1,488,892 2,756,988 1,311,537"
https://www.infobel.com/fr/belgium/au_crocc/liege/BE107252103-042210533/businessdetails.aspx,2026-07-29,Au Crocc à Liège,Avenue Louise 231 1050 Bruxelles,4000,Liège,,04 221 05 33,,http://accrocc.business.site,BE0453604761,Lu: 11:00-15:00; Ma: 11:00-15:00; Me: 11:00-15:00; Je: 11:00-15:00; Ve: 11:00-15:00,https://www.infobel.com/fr/belgium/financial/vat/BE0453604761,Infobel,Avenue Louise 231 1050 Bruxelles,02/11/1994,BE0453604761,31/12/2024,,,,,Activités de conseil en informatique et de gestion d’installations informatiques,"11 (2024) 2022 2023 2024 8 9 9 10 10 11 11 12 10 9 11 Marge Brute1 311 537 € (2024) 2022 2023 2024 0 € 500,000 € 1,000,000 € 1,500,000 € 2,000,000 € 2,500,000 € 3,000,000 € 1,488,892 2,756,988 1,311,537"
https://www.infobel.com/fr/belgium/polska_store/liege/BE107245318-042231393/businessdetails.aspx,2026-07-29,Polska Store à Liège,Avenue Louise 231 1050 Bruxelles,4000,Liège,,04 223 13 93,,https://search.infobelpro.com/belgium/fr/liege/liege,BE0453604761,Ma: 09:00-17:00; Me: 09:00-12:00; Je: 09:00-17:30; Ve: 09:00-17:00,https://www.infobel.com/fr/belgium/financial/vat/BE0453604761,Infobel,Avenue Louise 231 1050 Bruxelles,02/11/1994,BE0453604761,31/12/2024,,,,,Activités de conseil en informatique et de gestion d’installations informatiques,"11 (2024) 2022 2023 2024 8 9 9 10 10 11 11 12 10 9 11 Marge Brute1 311 537 € (2024) 2022 2023 2024 0 € 500,000 € 1,000,000 € 1,500,000 € 2,000,000 € 2,500,000 € 3,000,000 € 1,488,892 2,756,988 1,311,537"
https://www.infobel.com/fr/belgium/enjoy_it/liege/BE107250190-042220006/businessdetails.aspx,2026-07-29,Enjoy-It à Liège,Avenue Louise 231 1050 Bruxelles,4000,Liège,,04 222 00 06,,https://search.infobelpro.com/belgium/fr/liege/liege,BE0453604761,,https://www.infobel.com/fr/belgium/financial/vat/BE0453604761,Infobel,Avenue Louise 231 1050 Bruxelles,02/11/1994,BE0453604761,31/12/2024,,,,,Activités de conseil en informatique et de gestion d’installations informatiques,"11 (2024) 2022 2023 2024 8 9 9 10 10 11 11 12 10 9 11 Marge Brute1 311 537 € (2024) 2022 2023 2024 0 € 500,000 € 1,000,000 € 1,500,000 € 2,000,000 € 2,500,000 € 3,000,000 € 1,488,892 2,756,988 1,311,537"
https://www.infobel.com/fr/belgium/ellis_luik/liege/BE107245799-043250097/businessdetails.aspx,2026-07-29,Ellis Luik à Liège,,4000,Liège,,04 325 00 97,,http://www.ellis.be/,BE0453604761,Lu: 11:30-22:00; Ma: 11:30-22:00; Me: 11:30-22:00; Je: 11:30-22:00; Ve: 11:30-23:00; Sa: 11:30-23:00; Di: 11:30-22:00,https://www.infobel.com/fr/belgium/financial/vat/BE0453604761,,,,,,,,,,,
https://www.infobel.com/fr/belgium/tam_tam/liege/BE107240763-042232346/businessdetails.aspx,2026-07-29,Tam-Tam à Liège,Avenue Louise 231 1050 Bruxelles,1730,évaluations),,04 223 23 46,,https://search.infobelpro.com/belgium/fr/liege/liege,BE0453604761,Lu: 14:00-01:00; Ma: 14:00-01:00; Me: 14:00-01:00; Je: 14:00-01:00; Ve: 14:00-02:00; Sa: 13:00-03:00; Di: 14:00-01:00,https://www.infobel.com/fr/belgium/financial/vat/BE0453604761,Infobel,Avenue Louise 231 1050 Bruxelles,02/11/1994,BE0453604761,31/12/2024,,,,,Activités de conseil en informatique et de gestion d’installations informatiques,"11 (2024) 2022 2023 2024 8 9 9 10 10 11 11 12 10 9 11 Marge Brute1 311 537 € (2024) 2022 2023 2024 0 € 500,000 € 1,000,000 € 1,500,000 € 2,000,000 € 2,500,000 € 3,000,000 € 1,488,892 2,756,988 1,311,537"
https://www.infobel.com/fr/belgium/chez_yaya/liege/BE107248869-043431707/businessdetails.aspx,2026-07-29,CHEZ YAYA à Liège - Rue Roture 22,Rue Roture 27 4020 Liège LIEGE,4020,Liège,,04 343 17 07,,http://www.resto.be/restaurant/liege/4020-liege/3719-yaya-restaurant,BE0457287494,Lu: 18:00-22:00; Me: 18:00-22:00; Je: 18:00-22:00; Ve: 18:00-22:00; Sa: 18:00-22:00; Di: 12:00-15:00,https://www.infobel.com/fr/belgium/financial/vat/BE0457287494,A M Victoire,Rue Roture 27 4020 Liège LIEGE,16/02/1996,BE0457287494,31/12/2024,Houcine Jaara,Administrateur,Houcine,Jaara,"Restauration à service complet Marge Brute-7 055 € (2024) 2022 2023 2024 -20,000 € -15,000 € -10,000 € -5,000 € 0 € 5,000 € 10,000 € 15,000 € 20,000 € -16,565 16,565 -7,055",
https://www.infobel.com/fr/belgium/hotel_bedford_liege/liege/BE107249081-042288111/businessdetails.aspx,2026-07-29,Hotel Bedford liège à Liège,Avenue Louise 231 1050 Bruxelles,4000,Liège,,04 228 81 11; 04 227 45 75,name@domain.com,https://all.accor.com/lien_externe.svlt?goto=fiche_hotel&code_hotel=B665&merchantid=seo-maps-BE-B665&sourceid=aw-cen,BE0453604761,,https://www.infobel.com/fr/belgium/financial/vat/BE0453604761,Infobel,Avenue Louise 231 1050 Bruxelles,02/11/1994,BE0453604761,31/12/2024,,,,,Activités de conseil en informatique et de gestion d’installations informatiques,"11 (2024) 2022 2023 2024 8 9 9 10 10 11 11 12 10 9 11 Marge Brute1 311 537 € (2024) 2022 2023 2024 0 € 500,000 € 1,000,000 € 1,500,000 € 2,000,000 € 2,500,000 € 3,000,000 € 1,488,892 2,756,988 1,311,537"
https://www.infobel.com/fr/belgium/le_faubourg_saint_leonard/liege/BE107246991-042288111/businessdetails.aspx,2026-07-29,Le Faubourg Saint-Léonard à Liège,Avenue Louise 231 1050 Bruxelles,4000,Liège,,04 228 81 11; 04 227 45 75,name@domain.com,https://all.accor.com/lien_externe.svlt?goto=fiche_hotel&code_hotel=B665&merchantid=seo-maps-BE-B665&sourceid=aw-cen,BE0453604761,,https://www.infobel.com/fr/belgium/financial/vat/BE0453604761,Infobel,Avenue Louise 231 1050 Bruxelles,02/11/1994,BE0453604761,31/12/2024,,,,,Activités de conseil en informatique et de gestion d’installations informatiques,"11 (2024) 2022 2023 2024 8 9 9 10 10 11 11 12 10 9 11 Marge Brute1 311 537 € (2024) 2022 2023 2024 0 € 500,000 € 1,000,000 € 1,500,000 € 2,000,000 € 2,500,000 € 3,000,000 € 1,488,892 2,756,988 1,311,537"
https://www.infobel.com/fr/belgium/bruit_qui_court/liege/BE107232676-042321818/businessdetails.aspx,2026-07-29,Bruit Qui Court à Liège,Avenue Louise 231 1050 Bruxelles,1383,évaluations),,04 232 18 18,,http://www.bruitquicourt.be,BE0453604761,Lu: 09:00-12:00; Ma: 09:00-12:00; Me: 09:00-12:00; Je: 09:00-12:00; Ve: 09:00-12:00; Sa: 09:00-12:00; Di: 09:00-12:00,https://www.infobel.com/fr/belgium/financial/vat/BE0453604761,Infobel,Avenue Louise 231 1050 Bruxelles,02/11/1994,BE0453604761,31/12/2024,,,,,Activités de conseil en informatique et de gestion d’installations informatiques,"11 (2024) 2022 2023 2024 8 9 9 10 10 11 11 12 10 9 11 Marge Brute1 311 537 € (2024) 2022 2023 2024 0 € 500,000 € 1,000,000 € 1,500,000 € 2,000,000 € 2,500,000 € 3,000,000 € 1,488,892 2,756,988 1,311,537"
https://www.infobel.com/fr/belgium/restorante_il_gabero/liege/BE107135576-042663948/businessdetails.aspx,2026-07-29,Restorante il gabero à Liège,Avenue Louise 231 1050 Bruxelles,4000,Liège,,04 266 39 48,,http://restaurant-pizzeria-antico.business.site/,BE0453604761,,https://www.infobel.com/fr/belgium/financial/vat/BE0453604761,Infobel,Avenue Louise 231 1050 Bruxelles,02/11/1994,BE0453604761,31/12/2024,,,,,Activités de conseil en informatique et de gestion d’installations informatiques,"11 (2024) 2022 2023 2024 8 9 9 10 10 11 11 12 10 9 11 Marge Brute1 311 537 € (2024) 2022 2023 2024 0 € 500,000 € 1,000,000 € 1,500,000 € 2,000,000 € 2,500,000 € 3,000,000 € 1,488,892 2,756,988 1,311,537"
https://www.infobel.com/fr/belgium/australian_home_made_ice_cream/liege/BE107136145/businessdetails.aspx,2026-07-29,Australian Home Made Ice Cream à Liège,Soenenspark 44 PB 104 9051 Gent OOST-VLAANDEREN,4000,Liège,,0473 37 42 87,,http://www.australianicecream.be/,BE0447708151,Lu: 09:30-18:30; Ma: 09:30-18:30; Me: 09:30-18:30; Je: 09:30-18:30; Ve: 09:30-18:30; Sa: 09:30-18:30,https://www.infobel.com/fr/belgium/financial/vat/BE0447708151,A.I.C.,Soenenspark 44 PB 104 9051 Gent OOST-VLAANDEREN,26/06/1992,BE0447708151,31/12/2024,,,,,Fabrication de crèmes glacées et autres glaces alimentaires,"1 (2024) 2022 2023 2024 0 1 2 3 4 5 6 7 8 9 10 1 1 1 Marge Brute203 839 € (2024) 2022 2023 2024 0 € 50,000 € 100,000 € 150,000 € 200,000 € 250,000 € 127,461 31,680 203,839"
https://www.infobel.com/fr/belgium/hawaiian_poke_bowl/liege/BE107130017-033752010/businessdetails.aspx,2026-07-29,Hawaiian Poké Bowl à Liège,Kielsbroek 4 PB 24 2020 Antwerpen ANTWERPEN,3869,évaluations),,03 375 20 10,,http://www.hawaiianpokebowl.be/,BE0635491342,Lu: 10:00-22:00; Ma: 10:00-22:00; Me: 10:00-22:00; Je: 10:00-22:00; Ve: 10:00-22:00; Sa: 10:00-22:00; Di: 11:00-22:00,https://www.infobel.com/fr/belgium/financial/vat/BE0635491342,Hawaiian PokÉ Bowl,Kielsbroek 4 PB 24 2020 Antwerpen ANTWERPEN,12/08/2015,BE0635491342,31/12/2024,Mohammadi Ashkan Shah; Mattijs Hermans,Administrateur,Mohammadi,Ashkan Shah,Activités de société holding,"64 (2024) 2023 2024 52 54 56 58 60 62 64 66 57 64 Marge Brute2 170 165 € (2024) 2023 2024 -5,000,000 € -4,000,000 € -3,000,000 € -2,000,000 € -1,000,000 € 0 € 1,000,000 € 2,000,000 € 3,000,000 € -4,301,667 2,170,165"
https://www.infobel.com/fr/belgium/beef_or_burger/liege/BE107135768/businessdetails.aspx,2026-07-29,Beef or Burger à Liège,Avenue Louise 231 1050 Bruxelles,4000,Liège,,0490 11 66 66,,https://www.facebook.com/beforebarlounge/,BE0453604761,,https://www.infobel.com/fr/belgium/financial/vat/BE0453604761,Infobel,Avenue Louise 231 1050 Bruxelles,02/11/1994,BE0453604761,31/12/2024,,,,,Activités de conseil en informatique et de gestion d’installations informatiques,"11 (2024) 2022 2023 2024 8 9 9 10 10 11 11 12 10 9 11 Marge Brute1 311 537 € (2024) 2022 2023 2024 0 € 500,000 € 1,000,000 € 1,500,000 € 2,000,000 € 2,500,000 € 3,000,000 € 1,488,892 2,756,988 1,311,537"
https://www.infobel.com/fr/belgium/o_chap_chap/liege/BE107128902/businessdetails.aspx,2026-07-29,O Chap Chap à Liège,Avenue Louise 231 1050 Bruxelles,4000,Liège,,0494 61 84 79,,https://search.infobelpro.com/belgium/fr/liege/liege,BE0453604761,,https://www.infobel.com/fr/belgium/financial/vat/BE0453604761,Infobel,Avenue Louise 231 1050 Bruxelles,02/11/1994,BE0453604761,31/12/2024,,,,,Activités de conseil en informatique et de gestion d’installations informatiques,"11 (2024) 2022 2023 2024 8 9 9 10 10 11 11 12 10 9 11 Marge Brute1 311 537 € (2024) 2022 2023 2024 0 € 500,000 € 1,000,000 € 1,500,000 € 2,000,000 € 2,500,000 € 3,000,000 € 1,488,892 2,756,988 1,311,537"
https://www.infobel.com/fr/belgium/les_delices_de_prestige/liege/BE107123870/businessdetails.aspx,2026-07-29,Les Délices de Prestige à Liège,Féronstrée 144 4000 Liège LIEGE,4000,Liège,,0488 03 89 87,,https://www.facebook.com/Les-D%C3%A9lices-de-Prestige-128901557830517/,BE0683560879,Lu: 11:30-22:00; Ma: 11:30-22:00; Me: 11:30-22:00; Je: 11:30-22:00; Ve: 11:30-22:00; Di: 11:30-22:00,https://www.infobel.com/fr/belgium/financial/vat/BE0683560879,AUTHENTIQUE PRO,Féronstrée 144 4000 Liège LIEGE,20/10/2017,BE0683560879,31/12/2024,El Khadir Morrhadi,Administrateur,El,Khadir Morrhadi,"Restauration à service restreint, à l'exclusion de restauration mobile Marge Brute-473 € (2024) 2022 2023 2024 -6,000 € -4,000 € -2,000 € 0 € 2,000 € 4,000 € 6,000 € 8,000 € 10,000 € 12,000 € -3,756 11,316 -473",
https://www.infobel.com/fr/belgium/ph_84/liege/BE107125408/businessdetails.aspx,2026-07-29,Ph? +84 à Liège,Avenue Louise 231 1050 Bruxelles,4020,Liège,,0493 96 06 02,,https://www.ubereats.com/be/store/pho-%2B84/ByiEoDxyWSu63uS2FOlcWA?diningMode=DELIVERY&surfaceName,BE0453604761,Lu: 12:00-20:30; Ma: 12:00-20:30; Me: 12:00-20:30; Je: 12:00-20:30; Ve: 12:00-21:30; Sa: 12:00-21:30,https://www.infobel.com/fr/belgium/financial/vat/BE0453604761,Infobel,Avenue Louise 231 1050 Bruxelles,02/11/1994,BE0453604761,31/12/2024,,,,,Activités de conseil en informatique et de gestion d’installations informatiques,"11 (2024) 2022 2023 2024 8 9 9 10 10 11 11 12 10 9 11 Marge Brute1 311 537 € (2024) 2022 2023 2024 0 € 500,000 € 1,000,000 € 1,500,000 € 2,000,000 € 2,500,000 € 3,000,000 € 1,488,892 2,756,988 1,311,537"
https://www.infobel.com/fr/belgium/sora_liege/liege/BE107125342/businessdetails.aspx,2026-07-29,Sora-liege à Liège,Avenue Louise 231 1050 Bruxelles,4000,Liège,,0492 75 37 53,info@sora-liege.be,https://sora-liege.be/,BE0453604761,Lu: 12:00-14:30; Ma: 12:00-14:30; Je: 12:00-14:00; Ve: 12:00-14:00; Sa: 12:00-14:00,https://www.infobel.com/fr/belgium/financial/vat/BE0453604761,Infobel,Avenue Louise 231 1050 Bruxelles,02/11/1994,BE0453604761,31/12/2024,,,,,Activités de conseil en informatique et de gestion d’installations informatiques,"11 (2024) 2022 2023 2024 8 9 9 10 10 11 11 12 10 9 11 Marge Brute1 311 537 € (2024) 2022 2023 2024 0 € 500,000 € 1,000,000 € 1,500,000 € 2,000,000 € 2,500,000 € 3,000,000 € 1,488,892 2,756,988 1,311,537"
https://www.infobel.com/fr/belgium/snack_le_prince/liege/BE107124289/businessdetails.aspx,2026-07-29,Snack le prince à Liège,Avenue Louise 231 1050 Bruxelles,4000,Liège,,0487 07 55 13,,https://www.facebook.com/Snack-Le-Prince-113380540217201/,BE0453604761,,https://www.infobel.com/fr/belgium/financial/vat/BE0453604761,Infobel,Avenue Louise 231 1050 Bruxelles,02/11/1994,BE0453604761,31/12/2024,,,,,Activités de conseil en informatique et de gestion d’installations informatiques,"11 (2024) 2022 2023 2024 8 9 9 10 10 11 11 12 10 9 11 Marge Brute1 311 537 € (2024) 2022 2023 2024 0 € 500,000 € 1,000,000 € 1,500,000 € 2,000,000 € 2,500,000 € 3,000,000 € 1,488,892 2,756,988 1,311,537"
https://www.infobel.com/fr/belgium/saveurs_gouts/liege/BE107111657-042265097/businessdetails.aspx,2026-07-29,Saveurs & Goûts à Liège,Avenue Louise 231 1050 Bruxelles,4000,Liège,,04 226 50 97,,https://search.infobelpro.com/belgium/fr/liege/liege,BE0453604761,,https://www.infobel.com/fr/belgium/financial/vat/BE0453604761,Infobel,Avenue Louise 231 1050 Bruxelles,02/11/1994,BE0453604761,31/12/2024,,,,,Activités de conseil en informatique et de gestion d’installations informatiques,"11 (2024) 2022 2023 2024 8 9 9 10 10 11 11 12 10 9 11 Marge Brute1 311 537 € (2024) 2022 2023 2024 0 € 500,000 € 1,000,000 € 1,500,000 € 2,000,000 € 2,500,000 € 3,000,000 € 1,488,892 2,756,988 1,311,537"
https://www.infobel.com/fr/belgium/au_vinsobres/liege/BE107097971-043844888/businessdetails.aspx,2026-07-29,Au vinsobres à Liège,Avenue Louise 231 1050 Bruxelles,4032,Liège,,04 384 48 88,,https://search.infobelpro.com/belgium/fr/liege/liege,BE0453604761,Lu: 12:00-15:00; Ma: 12:00-15:00; Me: 12:00-15:00; Je: 12:00-15:00; Ve: 12:00-15:00; Sa: 12:00-15:00; Di: 12:00-15:00,https://www.infobel.com/fr/belgium/financial/vat/BE0453604761,Infobel,Avenue Louise 231 1050 Bruxelles,02/11/1994,BE0453604761,31/12/2024,,,,,Activités de conseil en informatique et de gestion d’installations informatiques,"11 (2024) 2022 2023 2024 8 9 9 10 10 11 11 12 10 9 11 Marge Brute1 311 537 € (2024) 2022 2023 2024 0 € 500,000 € 1,000,000 € 1,500,000 € 2,000,000 € 2,500,000 € 3,000,000 € 1,488,892 2,756,988 1,311,537"
https://www.infobel.com/fr/belgium/sushi_shop/liege/BE107092759-042292130/businessdetails.aspx,2026-07-29,Sushi Shop à Liège,Avenue Louise 231 1050 Bruxelles,1581,évaluations),,04 229 21 30,,https://www.sushishop.be/,BE0453604761,Lu: 10:45-22:00; Ma: 10:45-22:00; Me: 10:45-22:00; Je: 10:45-22:00; Ve: 10:45-22:00; Sa: 10:45-22:00; Di: 10:45-22:00,https://www.infobel.com/fr/belgium/financial/vat/BE0453604761,Infobel,Avenue Louise 231 1050 Bruxelles,02/11/1994,BE0453604761,31/12/2024,,,,,Activités de conseil en informatique et de gestion d’installations informatiques,"11 (2024) 2022 2023 2024 8 9 9 10 10 11 11 12 10 9 11 Marge Brute1 311 537 € (2024) 2022 2023 2024 0 € 500,000 € 1,000,000 € 1,500,000 € 2,000,000 € 2,500,000 € 3,000,000 € 1,488,892 2,756,988 1,311,537"
https://www.infobel.com/fr/belgium/tarte_et_quiche/liege/BE107088139-042229200/businessdetails.aspx,2026-07-29,Tarte et Quiche à Liège,Avenue Louise 231 1050 Bruxelles,4000,Liège,,04 222 92 00,,http://www.tarteetquiche.be,BE0453604761,,https://www.infobel.com/fr/belgium/financial/vat/BE0453604761,Infobel,Avenue Louise 231 1050 Bruxelles,02/11/1994,BE0453604761,31/12/2024,,,,,Activités de conseil en informatique et de gestion d’installations informatiques,"11 (2024) 2022 2023 2024 8 9 9 10 10 11 11 12 10 9 11 Marge Brute1 311 537 € (2024) 2022 2023 2024 0 € 500,000 € 1,000,000 € 1,500,000 € 2,000,000 € 2,500,000 € 3,000,000 € 1,488,892 2,756,988 1,311,537"
https://www.infobel.com/fr/belgium/origines_restaurant/liege/BE107082736-043783471/businessdetails.aspx,2026-07-29,Origines Restaurant à Liège,,4000,Liège,,04 378 34 71,info@origines-restaurant.be,https://origines-restaurant.be/,BE0453604761,Lu: 12:00-15:00; Ma: 12:00-15:00; Me: 12:00-15:00; Je: 12:00-15:00; Ve: 12:00-23:00; Sa: 18:00-23:00,https://www.infobel.com/fr/belgium/financial/vat/BE0453604761,,,,,,,,,,,
https://www.infobel.com/fr/belgium/a_table/liege/BE107087582/businessdetails.aspx,2026-07-29,À Table! à Liège,Rue de l'Académie 53 4000 Liège LIEGE,4000,Liège,,0490 46 74 50,info@atable.coop,https://www.atablecoop.be/,BE1013446793,Lu: 11:00-15:00; Ma: 11:00-15:00; Me: 11:00-15:00; Je: 11:00-15:00; Ve: 11:00-15:00,https://www.infobel.com/fr/belgium/financial/vat/BE1013446793,A Table !,Rue de l'Académie 53 4000 Liège LIEGE,11/09/2024,BE1013446793,,Jean-michel Stassen; Didier Van Der Meeren; Thomas Jamart,Administrateur,Jean-michel,Stassen,Activités de traiteur événementiel,
https://www.infobel.com/fr/belgium/el_mosquito/liege/BE107083669-042210110/businessdetails.aspx,2026-07-29,El Mosquito à Liège,Avenue Louise 231 1050 Bruxelles,4000,Liège,,0493 57 72 68; 04 221 01 10,,https://search.infobelpro.com/belgium/fr/liege/liege,BE0453604761,,https://www.infobel.com/fr/belgium/financial/vat/BE0453604761,Infobel,Avenue Louise 231 1050 Bruxelles,02/11/1994,BE0453604761,31/12/2024,,,,,Activités de conseil en informatique et de gestion d’installations informatiques,"11 (2024) 2022 2023 2024 8 9 9 10 10 11 11 12 10 9 11 Marge Brute1 311 537 € (2024) 2022 2023 2024 0 € 500,000 € 1,000,000 € 1,500,000 € 2,000,000 € 2,500,000 € 3,000,000 € 1,488,892 2,756,988 1,311,537"
https://www.infobel.com/fr/belgium/chez_murat/liege/BE107079784/businessdetails.aspx,2026-07-29,Chez Murat à Liège,Rue Souverain Pont 9 4000 Liège LIEGE,4000,Liège,,0484 71 71 86,,https://www.facebook.com/GalerieChezMurat/,BE0508914359,Ma: 11:30-21:00; Me: 11:30-22:00; Je: 11:30-22:00; Ve: 11:30-23:00; Sa: 12:00-23:00; Di: 12:00-21:00,https://www.infobel.com/fr/belgium/financial/vat/BE0508914359,Nil Yaz,Rue Souverain Pont 9 4000 Liège LIEGE,05/01/2013,BE0508914359,,Eser Ayata,Administrateur,Eser,Ayata,"Restauration à service restreint, à l'exclusion de restauration mobile",
https://www.infobel.com/fr/belgium/kuore_liege/liege/BE107080937/businessdetails.aspx,2026-07-29,Kuore Liege à Liège,Avenue Louise 231 1050 Bruxelles,4000,Liège,,0470 04 04 15,,https://www.instagram.com/kuore.liege,BE0453604761,Ma: 12:00-15:30; Me: 12:00-15:30; Je: 12:00-15:30; Ve: 12:00-15:30; Sa: 12:00-16:30,https://www.infobel.com/fr/belgium/financial/vat/BE0453604761,Infobel,Avenue Louise 231 1050 Bruxelles,02/11/1994,BE0453604761,31/12/2024,,,,,Activités de conseil en informatique et de gestion d’installations informatiques,"11 (2024) 2022 2023 2024 8 9 9 10 10 11 11 12 10 9 11 Marge Brute1 311 537 € (2024) 2022 2023 2024 0 € 500,000 € 1,000,000 € 1,500,000 € 2,000,000 € 2,500,000 € 3,000,000 € 1,488,892 2,756,988 1,311,537"
https://www.infobel.com/fr/belgium/il_babylo_s/liege/BE107065664-042232951/businessdetails.aspx,2026-07-29,Il Babylo's à Liège,Avenue Louise 231 1050 Bruxelles,4000,Liège,,0470 36 31 91; 04 223 29 51,,https://search.infobelpro.com/belgium/fr/liege/liege,BE0453604761,,https://www.infobel.com/fr/belgium/financial/vat/BE0453604761,Infobel,Avenue Louise 231 1050 Bruxelles,02/11/1994,BE0453604761,31/12/2024,,,,,Activités de conseil en informatique et de gestion d’installations informatiques,"11 (2024) 2022 2023 2024 8 9 9 10 10 11 11 12 10 9 11 Marge Brute1 311 537 € (2024) 2022 2023 2024 0 € 500,000 € 1,000,000 € 1,500,000 € 2,000,000 € 2,500,000 € 3,000,000 € 1,488,892 2,756,988 1,311,537"
https://www.infobel.com/fr/belgium/le_memorial/liege/BE107052639-042250814/businessdetails.aspx,2026-07-29,Le Mémorial à Liège,Avenue Louise 231 1050 Bruxelles,4000,Liège,,04 225 08 14,,https://www.facebook.com/profile.php?id=61557584406449,BE0453604761,Lu: 10:00-22:00; Ma: 10:00-22:00; Me: 10:00-22:00; Je: 10:00-22:00; Ve: 10:00-22:00; Sa: 10:00-22:00; Di: 10:00-22:00,https://www.infobel.com/fr/belgium/financial/vat/BE0453604761,Infobel,Avenue Louise 231 1050 Bruxelles,02/11/1994,BE0453604761,31/12/2024,,,,,Activités de conseil en informatique et de gestion d’installations informatiques,"11 (2024) 2022 2023 2024 8 9 9 10 10 11 11 12 10 9 11 Marge Brute1 311 537 € (2024) 2022 2023 2024 0 € 500,000 € 1,000,000 € 1,500,000 € 2,000,000 € 2,500,000 € 3,000,000 € 1,488,892 2,756,988 1,311,537"
https://www.infobel.com/fr/belgium/quebequeries/liege/BE107062066/businessdetails.aspx,2026-07-29,Québequeries à Liège,Avenue Louise 231 1050 Bruxelles,4000,Liège,,0495 19 06 06,,https://search.infobelpro.com/belgium/fr/liege/liege,BE0453604761,Di: 07:30-15:00,https://www.infobel.com/fr/belgium/financial/vat/BE0453604761,Infobel,Avenue Louise 231 1050 Bruxelles,02/11/1994,BE0453604761,31/12/2024,,,,,Activités de conseil en informatique et de gestion d’installations informatiques,"11 (2024) 2022 2023 2024 8 9 9 10 10 11 11 12 10 9 11 Marge Brute1 311 537 € (2024) 2022 2023 2024 0 € 500,000 € 1,000,000 € 1,500,000 € 2,000,000 € 2,500,000 € 3,000,000 € 1,488,892 2,756,988 1,311,537"
https://www.infobel.com/fr/belgium/l_oasis_des_saveurs/liege/BE107039264/businessdetails.aspx,2026-07-29,L’Oasis des Saveurs à Liège,Avenue Louise 231 1050 Bruxelles,4020,Liège,,0470 32 33 20,,https://www.loasisdessaveurs-restaurant.com/,BE0453604761,Ma: 12:00-23:00; Me: 12:00-23:00; Je: 12:00-23:00; Ve: 12:00-23:00; Sa: 12:00-23:00; Di: 12:00-23:00,https://www.infobel.com/fr/belgium/financial/vat/BE0453604761,Infobel,Avenue Louise 231 1050 Bruxelles,02/11/1994,BE0453604761,31/12/2024,,,,,Activités de conseil en informatique et de gestion d’installations informatiques,"11 (2024) 2022 2023 2024 8 9 9 10 10 11 11 12 10 9 11 Marge Brute1 311 537 € (2024) 2022 2023 2024 0 € 500,000 € 1,000,000 € 1,500,000 € 2,000,000 € 2,500,000 € 3,000,000 € 1,488,892 2,756,988 1,311,537"
https://www.infobel.com/fr/belgium/campanile/liege/BE107013117-042240272/businessdetails.aspx,2026-07-29,Campanile à Liège,Avenue Louise 231 1050 Bruxelles,4000,Liège,,04 224 02 72; 04 224 03 80,,http://www.campanile-anvers.be/,BE0453604761,,https://www.infobel.com/fr/belgium/financial/vat/BE0453604761,Infobel,Avenue Louise 231 1050 Bruxelles,02/11/1994,BE0453604761,31/12/2024,,,,,Activités de conseil en informatique et de gestion d’installations informatiques,"11 (2024) 2022 2023 2024 8 9 9 10 10 11 11 12 10 9 11 Marge Brute1 311 537 € (2024) 2022 2023 2024 0 € 500,000 € 1,000,000 € 1,500,000 € 2,000,000 € 2,500,000 € 3,000,000 € 1,488,892 2,756,988 1,311,537"
https://www.infobel.com/fr/belgium/patisserie_jeanpierre/liege/BE107017582-042220533/businessdetails.aspx,2026-07-29,Patisserie Jeanpierre à Liège,Rue Saint-Gangulphe 11 -13 4000 Luik LUIK,4000,Liège,,04 222 05 33,info@patisseriejeanpierre.be,http://www.patisseriejeanpierre.be/,BE2198164906,Lu: 07:00-18:00; Ma: 07:00-18:00; Me: 07:00-18:00; Je: 07:00-18:00; Ve: 07:00-18:00; Sa: 07:00-18:00,https://www.infobel.com/fr/belgium/financial/vat/BE2198164906,Patisserie Jeanpierre,Rue Saint-Gangulphe 11 -13 4000 Luik LUIK,15/05/2011,BE2198164906,,,,,,Commerce de détail de pain et de pâtisserie (dépôts),
https://www.infobel.com/fr/belgium/le_cloitre_restaurant/liege/BE107013350-042792025/businessdetails.aspx,2026-07-29,Le Cloître - Restaurant à Liège,Avenue Louise 231 1050 Bruxelles,4000,Liège,,04 279 20 25,lecloitre@aigs.be,https://www.provincedeliege.be/fr/node/90,BE0453604761,Ma: 10:00-17:30; Me: 10:00-17:30; Je: 10:00-17:30; Ve: 10:00-17:30; Sa: 10:00-17:30; Di: 10:00-17:30,https://www.infobel.com/fr/belgium/financial/vat/BE0453604761,Infobel,Avenue Louise 231 1050 Bruxelles,02/11/1994,BE0453604761,31/12/2024,,,,,Activités de conseil en informatique et de gestion d’installations informatiques,"11 (2024) 2022 2023 2024 8 9 9 10 10 11 11 12 10 9 11 Marge Brute1 311 537 € (2024) 2022 2023 2024 0 € 500,000 € 1,000,000 € 1,500,000 € 2,000,000 € 2,500,000 € 3,000,000 € 1,488,892 2,756,988 1,311,537"
https://www.infobel.com/fr/belgium/casa_verde/liege/BE107015566-042697549/businessdetails.aspx,2026-07-29,Casa Verde à Liège - Rue Eugène Ysaye 8,Avenue Louise 231 1050 Bruxelles,4000,Liège,,04 269 75 49,info@casaverderestaurant.com,https://www.casaverderestaurant.com/,BE0453604761,Lu: 12:00-14:00; Ma: 12:00-14:00; Me: 12:00-14:00; Je: 12:00-14:00; Ve: 12:00-14:00; Sa: 18:00-21:30,https://www.infobel.com/fr/belgium/financial/vat/BE0453604761,Infobel,Avenue Louise 231 1050 Bruxelles,02/11/1994,BE0453604761,31/12/2024,,,,,Activités de conseil en informatique et de gestion d’installations informatiques,"11 (2024) 2022 2023 2024 8 9 9 10 10 11 11 12 10 9 11 Marge Brute1 311 537 € (2024) 2022 2023 2024 0 € 500,000 € 1,000,000 € 1,500,000 € 2,000,000 € 2,500,000 € 3,000,000 € 1,488,892 2,756,988 1,311,537"
https://www.infobel.com/fr/belgium/il_baro/liege/BE107010067-042370375/businessdetails.aspx,2026-07-29,Il baro à Liège,Avenue Louise 231 1050 Bruxelles,4000,Liège,,0471 80 86 32; 04 237 03 75,,http://ilbaro.be/,BE0453604761,,https://www.infobel.com/fr/belgium/financial/vat/BE0453604761,Infobel,Avenue Louise 231 1050 Bruxelles,02/11/1994,BE0453604761,31/12/2024,,,,,Activités de conseil en informatique et de gestion d’installations informatiques,"11 (2024) 2022 2023 2024 8 9 9 10 10 11 11 12 10 9 11 Marge Brute1 311 537 € (2024) 2022 2023 2024 0 € 500,000 € 1,000,000 € 1,500,000 € 2,000,000 € 2,500,000 € 3,000,000 € 1,488,892 2,756,988 1,311,537"
https://www.infobel.com/fr/belgium/ceinture_aliment_terre_liegeoise/liege/BE107003880-042231551/businessdetails.aspx,2026-07-29,Ceinture aliment-terre liégeoise à Liège,Avenue de Jupille 16 BP B 4020 Liège LIEGE,4020,Liège,,04 223 15 51,info@catl.be,http://www.catl.be/,BE0896055217,,https://www.infobel.com/fr/belgium/financial/vat/BE0896055217,CATL,Avenue de Jupille 16 BP B 4020 Liège LIEGE,15/02/2008,BE0896055217,31/12/2024,Christian Jonet; Céline Martin; Thomas Rulmont,Administrateur,Christian,Jonet,"Autres associations n.c.a. Marge Brute60 205 € (2024) 2022 2023 2024 -35,000 € -30,000 € -25,000 € -20,000 € -15,000 € -10,000 € -5,000 € 0 € 5,000 € 10,000 € -228 7,011 -30,387",
https://www.infobel.com/fr/belgium/quinze_restaurant/liege/BE106965447/businessdetails.aspx,2026-07-29,Quinze Restaurant à Liège,Boulevard de la Sauvenière 80 4000 Liège LIEGE,4000,Liège,,0494 44 19 01,quinze.restaurant@gmail.com,https://quinze.eu/,BE0767874467,Me: 19:00-22:00; Je: 19:00-22:00; Ve: 19:00-22:00,https://www.infobel.com/fr/belgium/financial/vat/BE0767874467,-,Boulevard de la Sauvenière 80 4000 Liège LIEGE,15/05/2021,BE0767874467,,Yoann Jüngling,Administrateur,Yoann,Jüngling,Restauration à service complet,
https://www.infobel.com/fr/belgium/le_simplement/liege/BE106963181/businessdetails.aspx,2026-07-29,Le Simplement à Liège,Rue de la Station 88 4032 Liège LIEGE,4032,Liège,,0487 52 95 20,resto.lesimplement@gmail.com,https://chezfanny.be/,BE1018400525,Ma: 12:00-14:00; Me: 12:00-14:00; Je: 12:00-14:00; Ve: 12:00-14:00; Sa: 18:00-22:00,https://www.infobel.com/fr/belgium/financial/vat/BE1018400525,Le Simplement,Rue de la Station 88 4032 Liège LIEGE,08/01/2025,BE1018400525,,Fanny Nazzarelli; Laurence Gridelet,Administrateur,Fanny,Nazzarelli,Restauration à service complet,
https://www.infobel.com/fr/belgium/le_danieli/liege/BE106987934-042233091/businessdetails.aspx,2026-07-29,Le Danieli à Liège,Rue Hors-Château 46 4000 Liège LIEGE,4000,Liège,,0471 95 27 25; 04 223 30 91,,https://restaurantdanieli.be/,BE2359695937,Lu: 12:00-14:00; Ma: 12:00-14:00; Me: 18:30-21:00; Je: 12:00-14:00; Ve: 12:00-14:00,https://www.infobel.com/fr/belgium/financial/vat/BE2359695937,Danieli,Rue Hors-Château 46 4000 Liège LIEGE,28/05/2024,BE2359695937,,,,,,"Commerce de gros de boissons, assortiment général",
https://www.infobel.com/fr/belgium/bistrot_arrose/liege/BE106957673/businessdetails.aspx,2026-07-29,Bistrot ArRosé à Liège,Bergerue 16 4000 Liège LIEGE,4000,Liège,,0470 97 30 67,julien@accort.be,https://www.bistrotarrose.be/,BE2358186596,Me: 12:00-14:30; Je: 12:00-14:30; Ve: 12:00-14:30; Sa: 12:00-14:30; Di: 10:30-14:00,https://www.infobel.com/fr/belgium/financial/vat/BE2358186596,Bistrot Arrosé,Bergerue 16 4000 Liège LIEGE,01/04/2024,BE2358186596,,,,,,Cafés-restaurants (tavernes),
https://www.infobel.com/fr/belgium/mosaic/liege/BE106960223/businessdetails.aspx,2026-07-29,Mosaïc à Liège,,4000,Liège,,0470 47 12 06,,https://mosaicliege.com/menu-restaurant,BE1013738783,Me: 19:00-21:30; Je: 19:00-21:30; Ve: 19:00-21:30,https://www.infobel.com/fr/belgium/financial/vat/BE1013738783,,,,,,,,,,,
https://www.infobel.com/fr/belgium/imane_s_food_house/liege/BE106966811/businessdetails.aspx,2026-07-29,imane's food house à Liège,Chaussée de Tongres 188 BP C 4000 Liège LIEGE,4000,Liège,,0467 82 86 55,,https://www.facebook.com/share/1XUX2H6VoM/,BE0774440872,Lu: 09:30-20:00; Ma: 09:30-20:00; Je: 09:30-20:00; Ve: 09:30-22:00; Sa: 09:30-22:00; Di: 09:30-20:00,https://www.infobel.com/fr/belgium/financial/vat/BE0774440872,Imane's Food House,Chaussée de Tongres 188 BP C 4000 Liège LIEGE,22/09/2021,BE0774440872,31/12/2023,Imane Yaagoubi,Administrateur,Imane,Yaagoubi,"Restauration à service restreint, à l'exclusion de restauration mobile","0 (2023) 2023 0 1 2 3 4 5 6 7 8 9 10 0 Marge Brute-6 896 € (2023) 2022 2023 -25,000 € -20,000 € -15,000 € -10,000 € -5,000 € 0 € -21,393 -6,896"
https://www.infobel.com/fr/belgium/sarang/liege/BE106966193/businessdetails.aspx,2026-07-29,SARANG à Liège,Boulevard de la Sauvenière 114 4000 Liège LIEGE,4000,Liège,,0460 97 60 92,,https://restaurantsarang.com/ad_campaign/landing.php?placement=pflo&campaign_id=402047449186&nav_source=unknown&extra_1=auto,BE1011180953,Ma: 18:00-21:30; Me: 18:00-21:30; Je: 18:00-21:30; Ve: 18:00-21:30; Sa: 18:00-21:30,https://www.infobel.com/fr/belgium/financial/vat/BE1011180953,Sarang,Boulevard de la Sauvenière 114 4000 Liège LIEGE,07/07/2024,BE1011180953,,Amour Furnémont,Administrateur,Amour,Furnémont,"Restauration à service restreint, à l'exclusion de restauration mobile",
https://www.infobel.com/fr/belgium/quick_pizza_1_fragnee/liege/BE106950343-042244414/businessdetails.aspx,2026-07-29,Quick Pizza 1 Fragnée à Liège,Avenue Louise 231 1050 Bruxelles,4000,Liège,,0497 74 87 56; 04 224 44 14,e@sentry.wixpress.com,http://www.quick-pizza.be/,BE0453604761,Lu: 17:00-00:00; Ma: 17:00-00:00; Me: 17:00-00:00; Je: 17:00-00:00; Ve: 17:00-00:00; Sa: 17:00-00:00; Di: 17:00-00:00,https://www.infobel.com/fr/belgium/financial/vat/BE0453604761,Infobel,Avenue Louise 231 1050 Bruxelles,02/11/1994,BE0453604761,31/12/2024,,,,,Activités de conseil en informatique et de gestion d’installations informatiques,"11 (2024) 2022 2023 2024 8 9 9 10 10 11 11 12 10 9 11 Marge Brute1 311 537 € (2024) 2022 2023 2024 0 € 500,000 € 1,000,000 € 1,500,000 € 2,000,000 € 2,500,000 € 3,000,000 € 1,488,892 2,756,988 1,311,537"
https://www.infobel.com/fr/belgium/klompers_thierry_clement/liege/BE106911785-042320752/businessdetails.aspx,2026-07-29,Klompers Thierry Clément à Liège,Avenue Louise 231 1050 Bruxelles,1393,évaluations),,04 232 07 52; 04 232 07 52,info@zoccochico.be,http://www.zoccochico.be/,BE0453604761,Ma: 11:30-13:30; Me: 11:30-13:30; Je: 11:30-13:30; Ve: 11:30-13:30; Sa: 11:30-13:30,https://www.infobel.com/fr/belgium/financial/vat/BE0453604761,Infobel,Avenue Louise 231 1050 Bruxelles,02/11/1994,BE0453604761,31/12/2024,,,,,Activités de conseil en informatique et de gestion d’installations informatiques,"11 (2024) 2022 2023 2024 8 9 9 10 10 11 11 12 10 9 11 Marge Brute1 311 537 € (2024) 2022 2023 2024 0 € 500,000 € 1,000,000 € 1,500,000 € 2,000,000 € 2,500,000 € 3,000,000 € 1,488,892 2,756,988 1,311,537"
https://www.infobel.com/fr/belgium/le_flambant_boeuf/liege/BE106937769-043653916/businessdetails.aspx,2026-07-29,Le Flambant Boeuf à Liège,Place du Haut Pré 10 4000 Liège LIEGE,4000,Liège,,0477 74 17 48; 04 365 39 16,,http://flambantboeuf.be,BE0783466426,,https://www.infobel.com/fr/belgium/financial/vat/BE0783466426,Le Flambant Boeuf,Place du Haut Pré 10 4000 Liège LIEGE,16/03/2022,BE0783466426,31/12/2024,andrina Leite Pereira; Pierre Thiry,Administrateur,andrina,Leite Pereira,Restauration à service complet,"4 (2023) 2023 0 1 2 3 4 5 6 7 8 9 10 4 Marge Brute499 € (2024) 2023 2024 2024 -80,000 € -70,000 € -60,000 € -50,000 € -40,000 € -30,000 € -20,000 € -10,000 € 0 € 10,000 € -44,275 -69,471 499"
https://www.infobel.com/fr/belgium/l_arborizo/liege/BE106925655/businessdetails.aspx,2026-07-29,L'Arborizo à Liège - Rue Saint-Gilles 27,Rue Saint-Gilles 27 4000 Liège LIEGE,4000,Liège,,0496 22 00 84,larborizo.resto@gmail.com,https://www.larborizo.be/,BE2348003972,Me: 18:00-21:30; Je: 18:00-21:30; Ve: 18:00-21:30; Sa: 12:00-14:00,https://www.infobel.com/fr/belgium/financial/vat/BE2348003972,L'Arborizo,Rue Saint-Gilles 27 4000 Liège LIEGE,10/08/2023,BE2348003972,,,,,,Activités de traiteur événementiel,
https://www.infobel.com/fr/belgium/fugazi_comptoir_bistrot/liege/BE106925652-042221660/businessdetails.aspx,2026-07-29,Fugazi Comptoir - Bistrot à Liège,Rue Souverain Pont 34 4000 Liège LIEGE,4000,Liège,,04 222 16 60,resa@fugazi.be,https://www.fugazi.be/,BE1005443206,Ma: 18:00-23:00; Me: 18:00-23:00; Je: 18:00-23:00; Ve: 18:00-23:00; Sa: 18:00-23:00,https://www.infobel.com/fr/belgium/financial/vat/BE1005443206,FUGAZI,Rue Souverain Pont 34 4000 Liège LIEGE,31/01/2024,BE1005443206,31/12/2024,Gabriel Caridi; Vincent Lauwers,Administrateur,Gabriel,Caridi,Restauration à service complet,"1 (2024) 2024 0 1 2 3 4 5 6 7 8 9 10 1 Marge Brute-16 016 € (2024) 2024 -18,000 € -16,000 € -14,000 € -12,000 € -10,000 € -8,000 € -6,000 € -4,000 € -2,000 € 0 € -16,016"
https://www.infobel.com/fr/belgium/blaes/liege/BE106902613/businessdetails.aspx,2026-07-29,Blaes à Liège,Rue Lulay des Fèbvres 20 4000 Liège LIEGE,4000,Liège,,0498 53 45 31,,http://www.blaesbar.be/,BE1004448955,Me: 17:00-00:00; Je: 17:00-00:00; Ve: 17:00-01:00; Sa: 15:00-01:00,https://www.infobel.com/fr/belgium/financial/vat/BE1004448955,BLAES BY BARTHO,Rue Lulay des Fèbvres 20 4000 Liège LIEGE,09/01/2024,BE1004448955,,Guillaume Bartholomé,Administrateur,Guillaume,Bartholomé,Cafés et bars,
https://www.infobel.com/fr/belgium/hector_chicken_liege/liege/BE106870193-042958630/businessdetails.aspx,2026-07-29,Hector Chicken Liège à Liège,Vinâve d'Ile 31 4000 Liège LIEGE,4000,Liège,,04 295 86 30,info@hector.be,https://hector.be/restaurant/liege/,BE2355897101,Lu: 11:00-23:00; Ma: 11:00-23:00; Me: 11:00-23:00; Je: 11:00-23:00; Ve: 11:00-23:00; Sa: 11:00-23:00; Di: 11:00-23:00,https://www.infobel.com/fr/belgium/financial/vat/BE2355897101,Hector Chicken,Vinâve d'Ile 31 4000 Liège LIEGE,26/03/2024,BE2355897101,,,,,,"Restauration à service restreint, à l'exclusion de restauration mobile",
https://www.infobel.com/fr/belgium/mogo/liege/BE106857690/businessdetails.aspx,2026-07-29,MOGO à Liège,Rue Pont d'Avroy 17 4000 Liège LIEGE,4000,Liège,,᠄部◶ 18 49 30,contact@mogomogo.be,http://www.mogomogo.be/,BE0803378249,Lu: 12:00-21:00; Ma: 12:00-21:00; Me: 12:00-21:00; Je: 12:00-21:00; Ve: 12:00-21:00; Sa: 12:00-21:00; Di: 12:00-20:00,https://www.infobel.com/fr/belgium/financial/vat/BE0803378249,MOGO,Rue Pont d'Avroy 17 4000 Liège LIEGE,29/06/2023,BE0803378249,31/12/2024,Jiang Chen Jiang; Wenjing Bing,Administrateur,Jiang,Chen Jiang,Fabrication de plats préparés,"1 (2024) 2024 0 1 2 3 4 5 6 7 8 9 10 1 Marge Brute67 759 € (2024) 2024 0 € 10,000 € 20,000 € 30,000 € 40,000 € 50,000 € 60,000 € 70,000 € 80,000 € 67,759"
https://www.infobel.com/fr/belgium/epicuria/liege/BE106741438-043432186/businessdetails.aspx,2026-07-29,EPICURIA à Liège,bld Raymond Poincaré 7 PB 232 4020 Luik LUIK,4020,Liège,,0495 23 19 76; 04 343 21 86; 04 343 28 37,info@cafe.com,https://yellow.pages.wwwcafe.de/la-brasserie-des-epicuriens/,BE2186677532,Lu: 10:00-20:00; Ma: 10:00-20:00; Me: 10:00-20:00; Je: 10:00-20:00; Ve: 10:00-21:00; Sa: 10:00-20:00,https://www.infobel.com/fr/belgium/financial/vat/BE2186677532,Epicuria,bld Raymond Poincaré 7 PB 232 4020 Luik LUIK,13/04/2010,BE2186677532,,,,,,"Commerce de gros de café, thé, cacao et épices",
https://www.infobel.com/fr/belgium/le_galopin/liege/BE106634426-042541600/businessdetails.aspx,2026-07-29,Le Galopin à Liège,Rue des Guillemins 10 4000 Liège LIEGE,4000,Liège,,0495 78 65 04; 04 254 16 00,,https://www.facebook.com/LeGalopinLiege/,BE1002796985,Lu: 07:30-19:30; Ma: 07:30-19:30; Me: 07:30-19:30; Je: 07:30-19:30; Ve: 07:30-19:30; Sa: 07:30-19:30,https://www.infobel.com/fr/belgium/financial/vat/BE1002796985,Le Galopin,Rue des Guillemins 10 4000 Liège LIEGE,29/11/2023,BE1002796985,31/12/2024,Viviane Cao; Viviane Cao,Administrateur,Viviane,Cao,"Cafés et bars Marge Brute-22 958 € (2024) 2024 -25,000 € -20,000 € -15,000 € -10,000 € -5,000 € 0 € -22,958",
https://www.infobel.com/fr/belgium/valide/liege/BE106595068/businessdetails.aspx,2026-07-29,Validé à Liège,Rue Grétry 135 4020 Liège LIEGE,4020,Liège,,0467 72 12 84,,https://www.facebook.com/valide.tacos,BE1032280829,Lu: 16:00-03:00; Ma: 16:00-03:00; Me: 16:00-03:00; Je: 16:00-03:00; Ve: 16:00-03:00; Sa: 16:00-03:00; Di: 16:00-03:00,https://www.infobel.com/fr/belgium/financial/vat/BE1032280829,Sjs Company,Rue Grétry 135 4020 Liège LIEGE,29/12/2025,BE1032280829,,Jawed Maikhel; Jawed Maikhel,Administrateur,Jawed,Maikhel,"Restauration à service restreint, à l'exclusion de restauration mobile",
https://www.infobel.com/fr/belgium/au_moriane/liege/BE106574792-043589112/businessdetails.aspx,2026-07-29,Au Moriane à Liège,En Neuvice 55 4000 Liège LIEGE,4000,Liège,,04 358 91 12,aumoriane@gmail.com,http://www.aumoriane.be/,BE0734665033,Je: 12:00-13:30; Ve: 12:00-13:30; Sa: 18:30-20:45,https://www.infobel.com/fr/belgium/financial/vat/BE0734665033,Au Moriane Restaurant,En Neuvice 55 4000 Liège LIEGE,19/09/2019,BE0734665033,31/12/2024,ébastien Lambert-carabin,Administrateur,ébastien,Lambert-carabin,Restauration à service complet,"4 (2024) 2022 2023 2024 0 1 2 3 4 5 6 7 8 9 10 4 4 4 Marge Brute-32 507 € (2024) 2022 2023 2024 -40,000 € -30,000 € -20,000 € -10,000 € 0 € 10,000 € 20,000 € 30,000 € 40,000 € 27,019 7,757 -32,507"
https://www.infobel.com/fr/belgium/baalbek/liege/BE106577199/businessdetails.aspx,2026-07-29,Baalbek à Liège,Chaussée de Tongres 355 4000 Liège LIEGE,4000,Liège,,0498 78 68 27,,https://www.facebook.com/share/19zUT8YTy4/,BE0790314923,Lu: 18:00-22:00; Ma: 18:00-22:00; Je: 18:00-22:00; Ve: 18:00-22:00; Sa: 18:00-22:00; Di: 18:00-22:00,https://www.infobel.com/fr/belgium/financial/vat/BE0790314923,BAALBEK,Chaussée de Tongres 355 4000 Liège LIEGE,01/09/2022,BE0790314923,30/09/2025,Jalal El Rifai,Administrateur,Jalal,El Rifai,"Restauration à service restreint, à l'exclusion de restauration mobile","0 (2025) 2023 2024 2025 0 1 2 3 4 5 6 7 8 9 10 0 0 0 Marge Brute9 525 € (2025) 2023 2024 2025 -30,000 € -25,000 € -20,000 € -15,000 € -10,000 € -5,000 € 0 € 5,000 € 10,000 € 15,000 € 369 -25,874 9,525"
https://www.infobel.com/fr/belgium/la_movida/liege/BE106574699/businessdetails.aspx,2026-07-29,La Movida à Liège,Rue Hors-Château 43 4000 Liège LIEGE,4000,Liège,,0470 73 70 86,,https://www.facebook.com/movidaliege,BE0874942572,Lu: 18:00-22:00; Je: 18:00-22:30; Ve: 18:00-22:30; Sa: 18:00-22:30,https://www.infobel.com/fr/belgium/financial/vat/BE0874942572,Bouazza Daoud,Rue Hors-Château 43 4000 Liège LIEGE,15/07/2005,BE0874942572,,Daoud Bouazza,Administrateur,Daoud,Bouazza,"Restauration à service restreint, à l'exclusion de restauration mobile",
https://www.infobel.com/fr/belgium/group_milord/liege/BE106563496/businessdetails.aspx,2026-07-29,Group Milord à Liège,Rue Frère Michel 21 4000 Liège LIEGE,4000,Liège,,0455 15 50 05,,http://www.facebook.com/people/LAlcazar/100079550187758,BE2336689418,Lu: 18:00-23:00; Ma: 18:00-23:00; Me: 18:00-23:00; Je: 18:00-23:00; Ve: 18:00-00:00; Sa: 18:00-00:00,https://www.infobel.com/fr/belgium/financial/vat/BE2336689418,L?alcazar,Rue Frère Michel 21 4000 Liège LIEGE,01/10/2022,BE2336689418,,,,,,"Vente au comptoir ou par téléphone, fax, internet d'aliments et de boissons : établissements de restauration rapide (snack-bars, sandwiches-bars, etc.)",
https://www.infobel.com/fr/belgium/les_cinq_etoiles/liege/BE106534566-043660695/businessdetails.aspx,2026-07-29,Les Cinq Etoiles à Liège,Quai des Ardennes 99 4031 Liège LIEGE,4031,Liège,,0488 92 65 45; 04 366 06 95,etoiles@gmail.com,http://www.lescinqetoilesliege.be/,BE0680533192,Lu: 12:00-14:00; Me: 18:00-22:00; Je: 12:00-14:00; Ve: 12:00-14:00; Sa: 12:00-14:00; Di: 12:00-14:00,https://www.infobel.com/fr/belgium/financial/vat/BE0680533192,Fang-Yuan,Quai des Ardennes 99 4031 Liège LIEGE,29/08/2017,BE0680533192,31/12/2024,Jinhua Ou; Jianbin Ou,Administrateur,Jinhua,Ou,Restauration à service complet,"2 (2024) 2022 2023 2024 0 1 2 3 4 5 6 7 8 9 10 1 2 2 Marge Brute90 579 € (2024) 2022 2023 2024 0 € 10,000 € 20,000 € 30,000 € 40,000 € 50,000 € 60,000 € 70,000 € 80,000 € 90,000 € 100,000 € 61,678 36,959 90,579"
https://www.infobel.com/fr/belgium/origo/liege/BE106540767/businessdetails.aspx,2026-07-29,Origo à Liège,,4000,Liège,,0499 31 65 95,,https://search.infobelpro.com/belgium/fr/liege/liege,BE1002160151,Je: 19:00-21:00; Ve: 19:00-21:00; Sa: 19:00-21:00,https://www.infobel.com/fr/belgium/financial/vat/BE1002160151,,,,,,,,,,,
https://www.infobel.com/fr/belgium/cote_cour_cote_jardin/liege/BE106540939-043621897/businessdetails.aspx,2026-07-29,Côté Cour Côté Jardin à Liège,bld de la Constitution 48 4020 Liège LIEGE,4020,Liège,,0470 65 35 65; 04 362 18 97,,http://www.vcsb.be/,BE2356126337,Je: 17:30-22:00; Ve: 08:00-15:00; Sa: 11:30-15:00; Di: 11:30-15:00,https://www.infobel.com/fr/belgium/financial/vat/BE2356126337,Côté Cour Côté Jardin,bld de la Constitution 48 4020 Liège LIEGE,30/01/2024,BE2356126337,,,,,,Fabrication artisanale de pain et de pâtisserie fraîche,
https://www.infobel.com/fr/belgium/rahman_saydur/liege/BE106481410-043683680/businessdetails.aspx,2026-07-29,Rahman Saydur à Liège,bld de la SauveniSre 186 4000 Liège LIEGE,4000,Liège,,04 368 36 80,,https://search.infobelpro.com/belgium/fr/liege/liege,BE0664775444,Lu: 12:00-00:00; Ma: 12:00-00:00; Me: 12:00-00:00; Je: 12:00-05:00; Ve: 12:00-05:00; Sa: 17:00-00:00; Di: 17:00-00:00,https://www.infobel.com/fr/belgium/financial/vat/BE0664775444,Begum Salma,bld de la SauveniSre 186 4000 Liège LIEGE,20/10/2016,BE0664775444,,alma Begum,Administrateur,alma,Begum,Commerce de détail non spécialisé dans lequel les produits alimentaires et le tabac prédominent,
https://www.infobel.com/fr/belgium/ellis_gourmet_burger/liege/BE106515117-043250097/businessdetails.aspx,2026-07-29,Ellis Gourmet Burger à Liège,Avenue Louise 231 1050 Bruxelles,4000,Liège,,04 325 00 97,,http://www.ellis.be/,BE0453604761,Lu: 11:30-22:00; Ma: 11:30-22:00; Me: 11:30-22:00; Je: 11:30-22:00; Ve: 11:30-23:00; Sa: 11:30-23:00; Di: 11:30-22:00,https://www.infobel.com/fr/belgium/financial/vat/BE0453604761,Infobel,Avenue Louise 231 1050 Bruxelles,02/11/1994,BE0453604761,31/12/2024,,,,,Activités de conseil en informatique et de gestion d’installations informatiques,"11 (2024) 2022 2023 2024 8 9 9 10 10 11 11 12 10 9 11 Marge Brute1 311 537 € (2024) 2022 2023 2024 0 € 500,000 € 1,000,000 € 1,500,000 € 2,000,000 € 2,500,000 € 3,000,000 € 1,488,892 2,756,988 1,311,537"
https://www.infobel.com/fr/belgium/barrio_liege/liege/BE106457009-042542905/businessdetails.aspx,2026-07-29,Barrio Liège à Liège,Rue Souverain Pont 21 4000 Liège LIEGE,4000,Liège,,0472 66 41 31; 04 254 29 05,info@barrioliege.be,https://barrioliege.be/,BE2330314439,Me: 18:00-22:00; Je: 18:00-22:00; Ve: 12:00-14:00; Sa: 12:00-14:00,https://www.infobel.com/fr/belgium/financial/vat/BE2330314439,Barrio,Rue Souverain Pont 21 4000 Liège LIEGE,07/04/2022,BE2330314439,,,,,,Autres activités de service de soutien aux entreprises n.c.a.,
https://www.infobel.com/fr/belgium/sottopiano/liege/BE106367106-042347934/businessdetails.aspx,2026-07-29,Sottopiano à Liège - Route du Condroz 119,Route du Condroz 119 4031 Liège LIEGE,4031,Liège,,04 234 79 34,,http://www.sottopiano.be/,BE0892027638,Lu: 12:00-14:00; Ma: 12:00-14:00; Me: 12:00-14:00; Je: 12:00-14:00; Ve: 12:00-14:00; Sa: 19:00-23:00,https://www.infobel.com/fr/belgium/financial/vat/BE0892027638,Italian's Job,Route du Condroz 119 4031 Liège LIEGE,13/09/2007,BE0892027638,31/12/2024,Aurélie Maria Anzalone,Administrateur,Aurélie,Maria Anzalone,Restauration à service complet,"15 (2024) 2022 2023 2024 0 2 4 6 8 10 12 14 16 18 12 16 15 Marge Brute5 789 € (2024) 2022 2023 2024 -250,000 € -200,000 € -150,000 € -100,000 € -50,000 € 0 € 50,000 € 100,000 € -212,879 44,607 5,789"
https://www.infobel.com/fr/belgium/gout_d_afrique/liege/BE106353877/businessdetails.aspx,2026-07-29,Goût d'Afrique à Liège,Rue Souverain Pont 49 4000 Liège LIEGE,4000,Liège,,0492 12 15 96,info@example.com,https://www.goutafrique.com/,BE0759529893,Lu: 12:00-00:00; Ma: 12:00-00:00; Me: 12:00-00:00; Je: 12:00-00:00; Ve: 12:00-00:00; Sa: 12:00-00:00; Di: 12:00-00:00,https://www.infobel.com/fr/belgium/financial/vat/BE0759529893,Gout d'Afrique,Rue Souverain Pont 49 4000 Liège LIEGE,07/12/2020,BE0759529893,30/09/2025,Ivan Deckers; Oumou Bakayoko; Lucien Cartelle,Administrateur,Ivan,Deckers,Restauration à service complet,1 (2025) 2025 0 1 2 3 4 5 6 7 8 9 10 1 Marge Brute-781 € (2025) 2024 2025 -900 € -800 € -700 € -600 € -500 € -400 € -300 € -200 € -100 € 0 € -639 -781
https://www.infobel.com/fr/belgium/meat_town/liege/BE106294422-042650301/businessdetails.aspx,2026-07-29,MEAT TOWN à Liège,Rue Grétry 94 4020 Liège LIEGE,4020,Liège,,0488 00 47 72; 04 265 03 01,,https://search.infobelpro.com/belgium/fr/liege/liege,BE0750517407,,https://www.infobel.com/fr/belgium/financial/vat/BE0750517407,Meat Town,Rue Grétry 94 4020 Liège LIEGE,10/07/2020,BE0750517407,31/12/2024,Güven Gunaydin,Administrateur,Güven,Gunaydin,"Restauration à service restreint, à l'exclusion de restauration mobile Marge Brute-11 957 € (2024) 2022 2023 2024 -20,000 € -10,000 € 0 € 10,000 € 20,000 € 30,000 € 40,000 € 36,307 -13,302 -11,957",
https://www.infobel.com/fr/belgium/ici_maintenant/liege/BE106263322/businessdetails.aspx,2026-07-29,ICI Maintenant à Liège,Place Vieille-Montagne 7 4000 Liège LIEGE,4000,Liège,,0497 44 78 21,info@www.icimaintenant.eu,http://www.icimaintenant.eu/,BE0758437555,,https://www.infobel.com/fr/belgium/financial/vat/BE0758437555,ICI MAINTENANT,Place Vieille-Montagne 7 4000 Liège LIEGE,16/11/2020,BE0758437555,31/12/2024,Rachel Rousseaux; Corentin De Vos; Caroline De Vos,Administrateur,Rachel,Rousseaux,"Location et exploitation de biens immobiliers résidentiels propres ou loués, sauf logements sociaux","0 (2022) 2022 0 1 2 3 4 5 6 7 8 9 10 0 Marge Brute2 067 € (2024) 2022 2023 2024 -18,000 € -16,000 € -14,000 € -12,000 € -10,000 € -8,000 € -6,000 € -4,000 € -2,000 € 0 € 2,000 € 4,000 € -15,770 -14,046 2,067"
https://www.infobel.com/fr/belgium/cosi_com_e/liege/BE106216605-042666510/businessdetails.aspx,2026-07-29,Cosí Com'è à Liège,Quai Orban 4 4020 Liège LIEGE,4020,Liège,,0494 64 84 22; 04 266 65 10,,https://search.infobelpro.com/belgium/fr/liege/liege,BE0550657122,,https://www.infobel.com/fr/belgium/financial/vat/BE0550657122,COSI COM'E,Quai Orban 4 4020 Liège LIEGE,11/04/2014,BE0550657122,31/12/2024,Jonathan Di Salvo; Alfonso Di Salvo,Administrateur,Jonathan,Di Salvo,"Location et exploitation de biens immobiliers résidentiels propres ou loués, sauf logements sociaux Marge Brute-10 058 € (2024) 2022 2023 2024 -14,000 € -12,000 € -10,000 € -8,000 € -6,000 € -4,000 € -2,000 € 0 € -10,781 -12,484 -10,058",
https://www.infobel.com/fr/belgium/squash_22/liege/BE106171328-042532555/businessdetails.aspx,2026-07-29,Squash 22 à Liège,Rue des Vingt-Deux 33 4000 Liège LIEGE,4000,Liège,,0475 90 15 21; 04 253 25 55; 04 254 24 56,annabelge@hotmail.com,http://www.squash22.be/,BE0434120035,Lu: 10:00-00:00; Ma: 10:00-00:00; Me: 10:00-00:00; Je: 10:00-00:00; Ve: 10:00-00:00; Sa: 09:00-20:00; Di: 09:00-20:00,https://www.infobel.com/fr/belgium/financial/vat/BE0434120035,Squash 22,Rue des Vingt-Deux 33 4000 Liège LIEGE,20/04/1988,BE0434120035,31/12/2024,Jan Lauwers; Jan Lauwers; Hadrien Collin,Administrateur,Jan,Lauwers,Gestion d’installations sportives,"6 (2024) 2022 2023 2024 4 5 6 7 8 9 10 6 5 6 Marge Brute275 954 € (2024) 2022 2023 2024 0 € 50,000 € 100,000 € 150,000 € 200,000 € 250,000 € 300,000 € 178,782 185,484 275,954"
https://www.infobel.com/fr/belgium/aux_saveurs_de_damas/liege/BE106165176/businessdetails.aspx,2026-07-29,Aux Saveurs de Damas à Liège,Rue Puits en Sock 91 4020 Liège LIEGE,4020,Liège,,0471 97 03 29,,https://www.facebook.com/saveursdamas/,BE0737961449,Ma: 11:30-21:00; Je: 11:30-21:00; Ve: 11:30-22:00; Sa: 11:30-22:00; Di: 11:00-14:30,https://www.infobel.com/fr/belgium/financial/vat/BE0737961449,AUX SAVEURS DE DAMAS,Rue Puits en Sock 91 4020 Liège LIEGE,22/11/2019,BE0737961449,31/12/2024,Bahaa Alnajar,Administrateur,Bahaa,Alnajar,"Restauration à service restreint, à l'exclusion de restauration mobile Marge Brute-2 161 € (2024) 2022 2023 2024 -3,000 € -2,000 € -1,000 € 0 € 1,000 € 2,000 € 3,000 € 4,000 € 5,000 € 2,859 4,654 -2,161",
https://www.infobel.com/fr/belgium/la_ouna/liege/BE106174498-042724624/businessdetails.aspx,2026-07-29,La Ouna à Liège,Boulevard Saucy 3 4020 Liège LIEGE,4020,Liège,,0492 48 25 82; 04 272 46 24,,https://search.infobelpro.com/belgium/fr/liege/liege,BE0766391753,Lu: 11:30-15:00; Ma: 11:30-15:00; Je: 11:30-15:00; Ve: 11:30-15:00; Sa: 11:30-22:00; Di: 11:30-21:30,https://www.infobel.com/fr/belgium/financial/vat/BE0766391753,LA OUNA,Boulevard Saucy 3 4020 Liège LIEGE,06/04/2021,BE0766391753,,Basem Hamandoush,Administrateur,Basem,Hamandoush,"Restauration à service restreint, à l'exclusion de restauration mobile",
https://www.infobel.com/fr/belgium/pane_e_vino/liege/BE106143826-042220042/businessdetails.aspx,2026-07-29,Pane e Vino à Liège,Place Verte 2 4000 Liège LIEGE,4000,Liège,,0497 94 26 70; 04 222 00 42,,http://www.restopaneevino.be,BE2359614179,Lu: 12:00-14:00; Ma: 12:00-14:00; Me: 12:00-14:00; Je: 12:00-14:30; Ve: 12:00-15:00; Sa: 18:00-22:00,https://www.infobel.com/fr/belgium/financial/vat/BE2359614179,Pane E Vino,Place Verte 2 4000 Liège LIEGE,17/05/2024,BE2359614179,,,,,,"Restauration à service restreint, à l'exclusion de restauration mobile",
https://www.infobel.com/fr/belgium/chez_philippe/liege/BE106110235-042370454/businessdetails.aspx,2026-07-29,Chez Philippe à Liège,Rue Haute-Sauvenière 39 4000 Liège LIEGE,4000,Liège,,0499 23 77 20; 04 237 04 54,,https://qr.wwwcafe.de/2025/08/12/chez-philippe/,BE0756803304,Lu: 18:30-22:30; Ma: 18:30-22:30; Me: 12:00-13:45; Je: 12:00-13:45; Ve: 12:00-13:45; Sa: 18:30-22:00,https://www.infobel.com/fr/belgium/financial/vat/BE0756803304,Chez Philippe,Rue Haute-Sauvenière 39 4000 Liège LIEGE,01/06/2021,BE0756803304,,Philippe Wellens,Administrateur,Philippe,Wellens,Restauration à service complet,
https://www.infobel.com/fr/belgium/tea_late/liege/BE106102248-042535153/businessdetails.aspx,2026-07-29,Tea Late à Liège,Rue des Carmes 10 4000 Liège LIEGE,4000,Liège,,04 253 51 53,,https://www.facebook.com/TeaLateLiege/,BE0701628615,,https://www.infobel.com/fr/belgium/financial/vat/BE0701628615,Juckel Sarah,Rue des Carmes 10 4000 Liège LIEGE,01/10/2018,BE0701628615,,arah Juckel,Administrateur,arah,Juckel,"Restauration à service restreint, à l'exclusion de restauration mobile",
https://www.infobel.com/fr/belgium/la_baguette_magique/liege/BE106079176-043652217/businessdetails.aspx,2026-07-29,La Baguette Magique à Liège,Rue du Sart-Tilman 372 4031 Liège LIEGE,4031,Liège,,04 365 22 17,,https://labaguettemagiquesarttilman.be/sandwiches-classique/,BE0870399509,Lu: 07:00-15:00; Ma: 07:00-15:00; Me: 07:00-15:00; Je: 07:00-15:00; Ve: 07:00-15:00,https://www.infobel.com/fr/belgium/financial/vat/BE0870399509,LA BAGUETTE MAGIQUE,Rue du Sart-Tilman 372 4031 Liège LIEGE,03/01/2005,BE0870399509,,KARIM BENKIRANE,Administrateur,KARIM,BENKIRANE,"Restauration à service restreint, à l'exclusion de restauration mobile",
https://www.infobel.com/fr/belgium/saveurs_de_bulgaria/liege/BE106057687-043435720/businessdetails.aspx,2026-07-29,Saveurs de Bulgaria à Liège,Rue de l'Ourthe 4 4020 Liège LIEGE,4020,Liège,,0478 30 70 00; 04 343 57 20,aa@sentry.wixpress.com,https://saveursbulgaria.wixsite.com/saveursdebulgaria,BE0896021266,Ma: 18:30-22:00; Je: 18:30-22:00; Ve: 18:30-23:00; Sa: 18:30-23:00; Di: 18:30-22:00,https://www.infobel.com/fr/belgium/financial/vat/BE0896021266,Todorova Galina,Rue de l'Ourthe 4 4020 Liège LIEGE,01/04/2008,BE0896021266,,Galina Todorova,Administrateur,Galina,Todorova,Restauration à service complet,
https://www.infobel.com/fr/belgium/carre_d_as_bowling/liege/BE106066092-042535675/businessdetails.aspx,2026-07-29,Carré d'As Bowling à Liège,Rue Paradis 54 4000 Liège LIEGE,3235,évaluations),,0473 65 16 31; 04 253 56 75; 04 254 12 09,,http://www.bowlingcarredas.be/,BE0458201373,Lu: 10:00-01:00; Ma: 10:00-01:00; Me: 10:00-01:00; Je: 10:00-01:00; Ve: 10:00-03:00; Sa: 10:00-03:00; Di: 11:00-01:00,https://www.infobel.com/fr/belgium/financial/vat/BE0458201373,Le Carre D'As Liege,Rue Paradis 54 4000 Liège LIEGE,13/06/1996,BE0458201373,31/12/2024,Mehmet Deveci; Mehmet Deveci; Mustafa Deveci,Administrateur,Mehmet,Deveci,Cafés et bars,"8 (2024) 2022 2023 2024 0 1 2 3 4 5 6 7 8 9 10 4 4 8 Marge Brute327 162 € (2024) 2022 2023 2024 0 € 100,000 € 200,000 € 300,000 € 400,000 € 500,000 € 600,000 € 700,000 € 321,339 619,113 327,162"
https://www.infobel.com/fr/belgium/mac_lam/liege/BE105979034-042295546/businessdetails.aspx,2026-07-29,Mac Lam à Liège,,4000,Liège,,04 229 55 46,,http://www.maclam-guillemins.be/,BE2296691170,Lu: 11:00-14:00; Me: 11:00-14:00; Je: 11:00-14:00; Ve: 11:00-14:00; Sa: 11:00-14:00; Di: 11:00-14:00,https://www.infobel.com/fr/belgium/financial/vat/BE2296691170,,,,,,,,,,,
https://www.infobel.com/fr/belgium/breaktime/liege/BE105946916-042658049/businessdetails.aspx,2026-07-29,BREAKTIME à Liège,Avenue Louise 231 1050 Bruxelles,4020,Liège,,04 265 80 49,,https://m.facebook.com/breaktimeliege/?locale2=fr_FR,BE0453604761,Lu: 10:00-02:00; Ma: 10:00-02:00; Me: 10:00-02:00; Je: 10:00-02:00; Ve: 10:00-02:00; Sa: 10:00-02:00; Di: 14:00-02:00,https://www.infobel.com/fr/belgium/financial/vat/BE0453604761,Infobel,Avenue Louise 231 1050 Bruxelles,02/11/1994,BE0453604761,31/12/2024,,,,,Activités de conseil en informatique et de gestion d’installations informatiques,"11 (2024) 2022 2023 2024 8 9 9 10 10 11 11 12 10 9 11 Marge Brute1 311 537 € (2024) 2022 2023 2024 0 € 500,000 € 1,000,000 € 1,500,000 € 2,000,000 € 2,500,000 € 3,000,000 € 1,488,892 2,756,988 1,311,537"
https://www.infobel.com/fr/belgium/vaudree_2_saint_gilles/liege/BE105942157-042231880/businessdetails.aspx,2026-07-29,Vaudrée-2 Saint-Gilles à Liège,Rue Saint-Gilles 149 4000 Liège LIEGE,4000,Liège,,04 223 18 80; 04 223 18 80,rs@gmail.com,https://vaudree2.github.io/saint-gilles/,BE0443703932,Ma: 11:00-23:00; Me: 11:00-23:00; Je: 11:00-23:00; Ve: 11:00-00:00; Sa: 11:00-00:00,https://www.infobel.com/fr/belgium/financial/vat/BE0443703932,Le Vaudree 2,Rue Saint-Gilles 149 4000 Liège LIEGE,20/03/1991,BE0443703932,31/12/2024,Alison Nivarlet; Rachid Bensaid,Administrateur,Alison,Nivarlet,Cafés et bars,"1 (2024) 2022 2023 2024 0 1 2 3 4 5 6 7 8 9 10 2 3 1 Marge Brute-53 590 € (2024) 2022 2023 2024 -60,000 € -50,000 € -40,000 € -30,000 € -20,000 € -10,000 € 0 € 10,000 € 20,000 € 7,206 -36,671 -53,590"
https://www.infobel.com/fr/belgium/sushi_delice/liege/BE105908715-042232323/businessdetails.aspx,2026-07-29,Sushi Délice à Liège,Rue du Vertbois 5 4000 Liège LIEGE,4000,Liège,,0494 11 35 35; 04 223 23 23,,http://www.sushidelice4000.be/,BE0785902017,Ma: 11:30-22:30; Me: 11:30-22:30; Je: 11:30-22:30; Ve: 11:30-22:30; Sa: 11:30-22:30; Di: 11:30-22:30,https://www.infobel.com/fr/belgium/financial/vat/BE0785902017,Wushan,Rue du Vertbois 5 4000 Liège LIEGE,10/05/2022,BE0785902017,31/12/2024,Wushan Zhuang; Wushan Zhuang,Administrateur,Wushan,Zhuang,Restauration à service complet,"5 (2024) 2022 2023 2024 0 1 2 3 4 5 6 7 8 9 10 2 3 5 Marge Brute303 477 € (2024) 2022 2023 2024 0 € 50,000 € 100,000 € 150,000 € 200,000 € 250,000 € 300,000 € 350,000 € 80,065 164,530 303,477"
https://www.infobel.com/fr/belgium/8tea5_liege/liege/BE105917292/businessdetails.aspx,2026-07-29,8tea5 Liège à Liège,Rue Pont d'Avroy 19 4000 Liège LIEGE,4000,Liège,,0485 18 49 30,,http://www.8tea5.com/,BE2283865790,Lu: 11:00-20:00; Ma: 11:00-20:00; Me: 11:00-20:00; Je: 11:00-20:00; Ve: 11:00-20:00; Sa: 11:00-20:00; Di: 12:00-19:00,https://www.infobel.com/fr/belgium/financial/vat/BE2283865790,8Tea5 Liege,Rue Pont d'Avroy 19 4000 Liège LIEGE,22/11/2018,BE2283865790,,,,,,Cafés et bars,
https://www.infobel.com/fr/belgium/veni_comedi/liege/BE105811010/businessdetails.aspx,2026-07-29,VENI COMEDI à Liège,Rue Velbruck 4 4000 Liège LIEGE,4000,Liège,,0492 85 52 15,veni.comedi@gmail.com,http://www.venicomedi.com/,BE2287631073,Lu: 11:00-14:00; Ma: 11:00-14:00; Me: 11:00-14:00; Je: 11:00-14:00; Ve: 11:00-14:00,https://www.infobel.com/fr/belgium/financial/vat/BE2287631073,Veni Comedi,Rue Velbruck 4 4000 Liège LIEGE,01/08/2019,BE2287631073,,,,,,"Restauration à service restreint, à l'exclusion de restauration mobile",
https://www.infobel.com/fr/belgium/chez_nathalie/liege/BE105739326-042221657/businessdetails.aspx,2026-07-29,Chez Nathalie à Liège - Rue des Fossés 31,Rue des Fossés 31 4000 Liège LIEGE,4000,Liège,,0473 69 37 06; 04 222 16 57,,https://m.facebook.com/restaurantcheznathalieliege/,BE0715673819,Ve: 18:00-23:00; Sa: 18:00-23:00,https://www.infobel.com/fr/belgium/financial/vat/BE0715673819,Chez Nathalie,Rue des Fossés 31 4000 Liège LIEGE,11/12/2018,BE0715673819,31/12/2024,Mehrdad Khani; Setareh Baghaie,Administrateur,Mehrdad,Khani,"Restauration à service restreint, à l'exclusion de restauration mobile Marge Brute-15 305 € (2024) 2022 2023 2024 -20,000 € -15,000 € -10,000 € -5,000 € 0 € 5,000 € 10,000 € 15,000 € 20,000 € 3,771 14,966 -15,305",
https://www.infobel.com/fr/belgium/une_gaufrette_saperlipopette/liege/BE105697791-042223713/businessdetails.aspx,2026-07-29,Une Gaufrette Saperlipopette à Liège - Rue des Mineurs 18,Rue des Mineurs 18 4000 Liège LIEGE,2248,évaluations),,0493 57 58 69; 04 222 37 13,bonjour@une-gaufrette-saperlipopette.be,https://une-gaufrette-saperlipopette.be/,BE2286039976,Lu: 10:00-18:00; Ma: 10:00-18:00; Me: 10:00-18:00; Je: 10:00-18:00; Ve: 10:00-18:00; Sa: 10:00-18:00; Di: 10:00-18:00,https://www.infobel.com/fr/belgium/financial/vat/BE2286039976,Une Gaufrette Saperlipopette,Rue des Mineurs 18 4000 Liège LIEGE,15/02/2019,BE2286039976,,,,,,Commerce de détail de pain et de pâtisserie (dépôts),
https://www.infobel.com/fr/belgium/mio_posto/liege/BE105652259-043770160/businessdetails.aspx,2026-07-29,Mio Posto à Liège,Rue Souverain Pont 29 4000 Liège LIEGE,4000,Liège,,04 377 01 60,resa@mioposto.be,http://www.mioposto.be/,BE0795490862,Ma: 18:00-22:00; Me: 18:00-22:00; Je: 18:00-22:30; Ve: 18:00-22:30; Sa: 18:00-22:30,https://www.infobel.com/fr/belgium/financial/vat/BE0795490862,MIO POSTO,Rue Souverain Pont 29 4000 Liège LIEGE,28/12/2022,BE0795490862,31/12/2024,Gabriel Caridi,Administrateur,Gabriel,Caridi,Restauration à service complet,"4 (2024) 2023 2024 0 1 2 3 4 5 6 7 8 9 10 4 4 Marge Brute-41 834 € (2024) 2023 2024 -45,000 € -40,000 € -35,000 € -30,000 € -25,000 € -20,000 € -15,000 € -10,000 € -5,000 € 0 € -19,060 -41,834"
https://www.infobel.com/fr/belgium/la_strada/liege/BE105663990-042271307/businessdetails.aspx,2026-07-29,La Strada à Liège - Vinâve d'Ile 15,Vinâve d'Ile 15 4000 Liège LIEGE,4000,Liège,,0477 95 78 20; 04 227 13 07,info@oye-oye.net,https://restaurant-la-strada.be/,BE0805545012,Ma: 12:00-14:30; Me: 12:00-14:30; Je: 12:00-14:30; Ve: 12:00-14:30; Sa: 12:00-14:30,https://www.infobel.com/fr/belgium/financial/vat/BE0805545012,Mecy,Vinâve d'Ile 15 4000 Liège LIEGE,06/09/2023,BE0805545012,31/12/2024,Paolo Parrinello,Administrateur,Paolo,Parrinello,"Restauration à service complet Marge Brute-9 494 € (2024) 2024 -10,000 € -9,000 € -8,000 € -7,000 € -6,000 € -5,000 € -4,000 € -3,000 € -2,000 € -1,000 € 0 € -9,494",
https://www.infobel.com/fr/belgium/de_yuan/liege/BE105557795-043438503/businessdetails.aspx,2026-07-29,De Yuan à Liège,Rue Grétry 28 4020 Liège LIEGE,4020,Liège,,0479 23 73 82; 04 343 85 03,,https://www.facebook.com/Restaurant-De-Yuan-213741582807812,BE0692621372,Lu: 12:00-15:00; Me: 12:00-15:00; Je: 12:00-15:00; Ve: 12:00-15:00; Sa: 12:00-15:00; Di: 12:00-15:00,https://www.infobel.com/fr/belgium/financial/vat/BE0692621372,Xu Gaopan,Rue Grétry 28 4020 Liège LIEGE,01/04/2018,BE0692621372,,Gaopan Xu,Administrateur,Gaopan,Xu,Restauration à service complet,
https://www.infobel.com/fr/belgium/atahualpa/liege/BE105572151-042321727/businessdetails.aspx,2026-07-29,Atahualpa à Liège,Rue Souverain Pont 16 4000 Liège LIEGE,4000,Liège,,04 232 17 27,info@atahualpa.be,http://www.atahualpa.be/,BE0666699311,Ma: 12:00-14:00; Me: 12:00-14:00; Je: 12:00-14:00; Ve: 12:00-14:00; Sa: 12:00-14:00,https://www.infobel.com/fr/belgium/financial/vat/BE0666699311,Inti Luna,Rue Souverain Pont 16 4000 Liège LIEGE,24/11/2016,BE0666699311,31/12/2024,Franklin David Claros Rios,Administrateur,Franklin,David Claros Rios,"Activités de société holding Marge Brute-8 941 € (2024) 2022 2023 2024 -10,000 € -9,000 € -8,000 € -7,000 € -6,000 € -5,000 € -4,000 € -3,000 € -2,000 € -1,000 € 0 € -1,182 -1,562 -8,941",
https://www.infobel.com/fr/belgium/ninja_ramen/liege/BE105569775-042261518/businessdetails.aspx,2026-07-29,Ninja Ramen à Liège,Rue des Clarisses 6 4000 Liège LIEGE,4000,Liège,,0470 13 92 88; 04 226 15 18,,https://www.ninjaramen.be/,BE2256920774,Lu: 11:30-14:30; Ma: 11:30-14:30; Me: 11:30-14:30; Je: 11:30-14:30; Ve: 11:30-14:30; Sa: 11:30-14:30,https://www.infobel.com/fr/belgium/financial/vat/BE2256920774,Ninja Ramen Clarisses,Rue des Clarisses 6 4000 Liège LIEGE,01/08/2016,BE2256920774,,,,,,Restauration à service complet,
https://www.infobel.com/fr/belgium/chez_liu/liege/BE105556104/businessdetails.aspx,2026-07-29,Chez Liu à Liège,Rue de la Régence 39 4000 Liège LIEGE,4000,Liège,,0466 16 01 19,,https://www.facebook.com/CHEZLIULIEGE/,BE0666602113,Lu: 12:00-15:00; Ma: 12:00-15:00; Me: 12:00-15:00; Je: 12:00-15:00; Ve: 12:00-15:00; Sa: 12:00-15:00,https://www.infobel.com/fr/belgium/financial/vat/BE0666602113,Wang Yafei,Rue de la Régence 39 4000 Liège LIEGE,23/11/2016,BE0666602113,,Yafei Wang,Administrateur,Yafei,Wang,Restauration à service complet,
https://www.infobel.com/fr/belgium/le_lunch/liege/BE105537488-043650187/businessdetails.aspx,2026-07-29,Le Lunch à Liège,Rue de l'Eglise 76 4032 Liège LIEGE,4032,Liège,,0477 38 16 99; 04 365 01 87,,https://www.facebook.com/Le-Lunch-Ch%C3%AAn%C3%A9e-106970530971264/,BE0669881010,Lu: 07:30-15:00; Ma: 07:30-15:00; Me: 07:30-15:00; Je: 07:30-15:00; Ve: 07:30-15:00,https://www.infobel.com/fr/belgium/financial/vat/BE0669881010,Piron Natacha,Rue de l'Eglise 76 4032 Liège LIEGE,01/01/2017,BE0669881010,,Natacha Piron,Administrateur,Natacha,Piron,"Restauration à service restreint, à l'exclusion de restauration mobile",
https://www.infobel.com/fr/belgium/la_dolce_vita/liege/BE105510620-042645202/businessdetails.aspx,2026-07-29,La Dolce Vita à Liège,Rue de Fragnée 138 4000 Liège LIEGE,4000,Liège,,0498 77 07 70; 04 264 52 02,,https://www.facebook.com/dolcevitaliege/,BE1026777266,Lu: 11:00-14:00; Ma: 11:00-14:00; Me: 11:00-14:00; Je: 11:00-14:00; Ve: 11:00-14:00,https://www.infobel.com/fr/belgium/financial/vat/BE1026777266,La Dolce Vita,Rue de Fragnée 138 4000 Liège LIEGE,01/09/2025,BE1026777266,,Antonio Marzano,Administrateur,Antonio,Marzano,"Restauration à service restreint, à l'exclusion de restauration mobile",
https://www.infobel.com/fr/belgium/merlix_cats_cafe/liege/BE105510539/businessdetails.aspx,2026-07-29,Merlix Cats Café à Liège,Rue des Clarisses 50 4000 Liège LIEGE,4000,Liège,,0455 11 35 44,,https://gofund.me/1b8f1128e,BE1034273485,Ma: 11:00-18:00; Me: 11:00-18:00; Je: 11:00-18:00; Ve: 11:00-19:00; Sa: 11:00-19:00,https://www.infobel.com/fr/belgium/financial/vat/BE1034273485,Merlix Cats Café,Rue des Clarisses 50 4000 Liège LIEGE,01/03/2026,BE1034273485,,Marie Olivier,Administrateur,Marie,Olivier,Cafés et bars,
https://www.infobel.com/fr/belgium/saveurs_et_delices/liege/BE105543602-043394471/businessdetails.aspx,2026-07-29,saveurs et delices à Liège,Rue Grétry 71 4020 Liège LIEGE,4020,Liège,,0485 26 42 91; 04 339 44 71,,https://www.facebook.com/Saveurs-D%C3%A9lices-104115690993956/,BE0656871132,Lu: 11:30-23:00; Ma: 11:30-23:00; Me: 11:30-23:00; Je: 11:30-23:00; Ve: 11:30-23:00; Sa: 09:00-23:00,https://www.infobel.com/fr/belgium/financial/vat/BE0656871132,Belabassi Izzeddine,Rue Grétry 71 4020 Liège LIEGE,01/07/2016,BE0656871132,,Izzeddine Belabassi,Administrateur,Izzeddine,Belabassi,"Restauration à service restreint, à l'exclusion de restauration mobile",
https://www.infobel.com/fr/belgium/la_duchesse_d_or/liege/BE105506556/businessdetails.aspx,2026-07-29,La Duchesse d''Or à Liège,Avenue Louise 231 1050 Bruxelles,4020,Liège,,0479 67 70 99,,https://search.infobelpro.com/belgium/fr/liege/liege,BE0453604761,Lu: 10:00-01:00; Ma: 06:00-23:30; Me: 06:30-01:00; Je: 06:30-04:00; Ve: 06:30-05:00; Sa: 06:30-05:00; Di: 06:30-05:30,https://www.infobel.com/fr/belgium/financial/vat/BE0453604761,Infobel,Avenue Louise 231 1050 Bruxelles,02/11/1994,BE0453604761,31/12/2024,,,,,Activités de conseil en informatique et de gestion d’installations informatiques,"11 (2024) 2022 2023 2024 8 9 9 10 10 11 11 12 10 9 11 Marge Brute1 311 537 € (2024) 2022 2023 2024 0 € 500,000 € 1,000,000 € 1,500,000 € 2,000,000 € 2,500,000 € 3,000,000 € 1,488,892 2,756,988 1,311,537"
https://www.infobel.com/fr/belgium/waffle_factory/liege/BE105511964-042656392/businessdetails.aspx,2026-07-29,Waffle Factory à Liège,,4000,Liège,,04 265 63 92,waffledeveloppement@gmail.com,https://www.wafflefactory.com/,BE0453604761,,https://www.infobel.com/fr/belgium/financial/vat/BE0453604761,,,,,,,,,,,
https://www.infobel.com/fr/belgium/rouge_du_poivre/liege/BE105509415-042576700/businessdetails.aspx,2026-07-29,Rouge Du Poivre à Liège,Rue de la Centrale 2 4000 Liège LIEGE,4000,Liège,,04 257 67 00,info@rougedupoivre.be,https://rougedupoivre.be/,BE2265969785,Lu: 12:00-14:30; Je: 12:00-14:30; Ve: 12:00-14:30; Sa: 19:00-21:00,https://www.infobel.com/fr/belgium/financial/vat/BE2265969785,Rouge du Poivre,Rue de la Centrale 2 4000 Liège LIEGE,17/07/2017,BE2265969785,,,,,,Restauration à service complet,
https://www.infobel.com/fr/belgium/messieurs/liege/BE105454713-043801622/businessdetails.aspx,2026-07-29,Messieurs à Liège,Rue Georges Clémenceau 17 4000 Liège LIEGE,4000,Liège,,04 380 16 22,hello@messieurs.eu,http://messieurs.eu/,BE2274793916,Lu: 11:30-15:00; Ma: 09:00-15:00; Me: 09:00-15:00; Je: 09:00-15:00; Ve: 09:00-15:00; Sa: 11:30-16:30,https://www.infobel.com/fr/belgium/financial/vat/BE2274793916,Messieurs,Rue Georges Clémenceau 17 4000 Liège LIEGE,28/05/2018,BE2274793916,,,,,,"Restauration à service restreint, à l'exclusion de restauration mobile",
https://www.infobel.com/fr/belgium/itachi/liege/BE105379848-043685131/businessdetails.aspx,2026-07-29,Itachi à Liège,Avenue Louise 231 1050 Bruxelles,4000,Liège,,0499 21 22 22; 04 368 51 31,,https://search.infobelpro.com/belgium/fr/liege/liege,BE0453604761,Ve: 19:00-00:00; Sa: 19:00-00:00; Di: 19:00-00:00,https://www.infobel.com/fr/belgium/financial/vat/BE0453604761,Infobel,Avenue Louise 231 1050 Bruxelles,02/11/1994,BE0453604761,31/12/2024,,,,,Activités de conseil en informatique et de gestion d’installations informatiques,"11 (2024) 2022 2023 2024 8 9 9 10 10 11 11 12 10 9 11 Marge Brute1 311 537 € (2024) 2022 2023 2024 0 € 500,000 € 1,000,000 € 1,500,000 € 2,000,000 € 2,500,000 € 3,000,000 € 1,488,892 2,756,988 1,311,537"
https://www.infobel.com/fr/belgium/il_campo/liege/BE105366798-042522100/businessdetails.aspx,2026-07-29,Il Campo à Liège,Avenue Louise 231 1050 Bruxelles,4000,Liège,,0492 77 28 87; 04 252 21 00,,https://search.infobelpro.com/belgium/fr/liege/liege,BE0453604761,Lu: 12:00-14:15; Ma: 12:00-14:30; Me: 18:15-22:15; Je: 12:00-14:15; Ve: 12:00-14:15; Sa: 12:00-14:15,https://www.infobel.com/fr/belgium/financial/vat/BE0453604761,Infobel,Avenue Louise 231 1050 Bruxelles,02/11/1994,BE0453604761,31/12/2024,,,,,Activités de conseil en informatique et de gestion d’installations informatiques,"11 (2024) 2022 2023 2024 8 9 9 10 10 11 11 12 10 9 11 Marge Brute1 311 537 € (2024) 2022 2023 2024 0 € 500,000 € 1,000,000 € 1,500,000 € 2,000,000 € 2,500,000 € 3,000,000 € 1,488,892 2,756,988 1,311,537"
https://www.infobel.com/fr/belgium/er_services/liege/BE105362351-042312929/businessdetails.aspx,2026-07-29,er Services à Liège,Avenue Louise 231 1050 Bruxelles,4000,Liège,,04 231 29 29,,http://www.tout-simplement.be,BE0453604761,Lu: 11:30-15:00; Ma: 11:30-15:00; Me: 11:30-15:00; Je: 11:30-15:00; Ve: 11:30-15:00,https://www.infobel.com/fr/belgium/financial/vat/BE0453604761,Infobel,Avenue Louise 231 1050 Bruxelles,02/11/1994,BE0453604761,31/12/2024,,,,,Activités de conseil en informatique et de gestion d’installations informatiques,"11 (2024) 2022 2023 2024 8 9 9 10 10 11 11 12 10 9 11 Marge Brute1 311 537 € (2024) 2022 2023 2024 0 € 500,000 € 1,000,000 € 1,500,000 € 2,000,000 € 2,500,000 € 3,000,000 € 1,488,892 2,756,988 1,311,537"
https://www.infobel.com/fr/belgium/la_piazza/liege/BE105330480-043609559/businessdetails.aspx,2026-07-29,La Piazza à Liège,Rue Saint-Léonard 15 4000 Liège LIEGE,1378,évaluations),,04 360 95 59,,https://www.lapiazza.fastoo.eu/la-piazza-livraison,BE0677603002,Ma: 12:00-14:00; Me: 12:00-14:30; Je: 12:00-14:00; Ve: 12:00-14:30; Sa: 12:00-14:30; Di: 17:30-22:30,https://www.infobel.com/fr/belgium/financial/vat/BE0677603002,LA PIAZZA,Rue Saint-Léonard 15 4000 Liège LIEGE,27/06/2017,BE0677603002,31/12/2024,Burim Pira,Administrateur,Burim,Pira,Restauration à service complet,"0 (2023) 2023 0 1 2 3 4 5 6 7 8 9 10 0 Marge Brute2 772 € (2024) 2022 2023 2024 0 € 500 € 1,000 € 1,500 € 2,000 € 2,500 € 3,000 € 3,500 € 4,000 € 4,500 € 5,000 € 2,061 4,419 2,772"
https://www.infobel.com/fr/belgium/liu_si_kit_erice/liege/BE105321960-043656588/businessdetails.aspx,2026-07-29,Liu Si Kit Erice à Liège,Place Andréa Jadoulle 26 4031 Liège LIEGE,4031,Liège,,04 365 65 88,,http://www.resto.be/restaurant/liege/4031-angleur/159003-la-saveur-dasie,BE2264500731,,https://www.infobel.com/fr/belgium/financial/vat/BE2264500731,Petit Hong Kong,Place Andréa Jadoulle 26 4031 Liège LIEGE,01/06/2017,BE2264500731,,,,,,"Organisation de noces, banquets, cocktails, buffets, lunches et réceptions diverses",
https://www.infobel.com/fr/belgium/c_si_bon/liege/BE105236336-042520440/businessdetails.aspx,2026-07-29,C si bon ! à Liège,Boulevard d'Avroy 238 4000 Liège LIEGE,4000,Liège,,0491 24 65 58; 04 252 04 40,,https://search.infobelpro.com/belgium/fr/liege/liege,BE0826716251,Lu: 12:00-15:00; Ma: 12:00-15:00; Me: 12:00-15:00; Je: 12:00-15:00; Ve: 12:00-15:00; Sa: 12:00-15:00; Di: 12:00-15:00,https://www.infobel.com/fr/belgium/financial/vat/BE0826716251,C Si Bon!,Boulevard d'Avroy 238 4000 Liège LIEGE,01/07/2010,BE0826716251,,Cécile Warnimont,Administrateur,Cécile,Warnimont,Autres formes d'enseignement,
https://www.infobel.com/fr/belgium/le_bi_stronome/liege/BE105287250-042502825/businessdetails.aspx,2026-07-29,Le Bi'stronome à Liège,Rue Fond Saint-Servais 18 4000 Liège LIEGE,4000,Liège,,04 250 28 25,info@lebistronome.be,http://www.lebistronome.be/,BE0822544459,Lu: 11:00-14:00; Ma: 11:00-14:00; Me: 11:00-14:00; Je: 11:00-14:00; Ve: 11:00-14:00,https://www.infobel.com/fr/belgium/financial/vat/BE0822544459,Le Bi'Stronome,Rue Fond Saint-Servais 18 4000 Liège LIEGE,01/04/2010,BE0822544459,,Pascal Laval,Administrateur,Pascal,Laval,"Restauration à service restreint, à l'exclusion de restauration mobile",
https://www.infobel.com/fr/belgium/aux_chandelles/liege/BE105281739-043415603/businessdetails.aspx,2026-07-29,Aux Chandelles à Liège,Rue de Herve 187 4030 Liège LIEGE,1262,évaluations),,0494 62 75 17; 04 341 56 03,info@aux-chandelles.be,http://www.aux-chandelles.be/,BE0675546206,Lu: 12:00-14:00; Je: 12:00-14:00; Ve: 12:00-14:00; Sa: 12:00-14:00; Di: 12:00-14:00,https://www.infobel.com/fr/belgium/financial/vat/BE0675546206,Chandelles,Rue de Herve 187 4030 Liège LIEGE,09/05/2017,BE0675546206,31/12/2024,Michaël Bellani; Angélique Annick Monique Honnay,Administrateur,Michaël,Bellani,Restauration à service complet,"3 (2024) 2022 2023 2024 0 1 2 3 4 5 6 7 8 9 10 4 3 3 Marge Brute39 071 € (2024) 2022 2023 2024 0 € 5,000 € 10,000 € 15,000 € 20,000 € 25,000 € 30,000 € 35,000 € 40,000 € 45,000 € 15,765 25,269 39,071"
https://www.infobel.com/fr/belgium/palais_de_ming/liege/BE105245541-042221800/businessdetails.aspx,2026-07-29,Palais de Ming à Liège - Rue de la Cathédrale 25,Rue de la Cathédrale 25 4000 Liège LIEGE,4000,Liège,,04 222 18 00; 04 221 08 98,,http://www.palaisdeming.be/,BE0477331456,Ma: 11:15-15:00; Me: 11:15-15:00; Je: 11:15-15:00; Ve: 11:15-15:00; Sa: 11:15-15:00; Di: 11:15-15:00,https://www.infobel.com/fr/belgium/financial/vat/BE0477331456,Palais de Ming,Rue de la Cathédrale 25 4000 Liège LIEGE,19/04/2002,BE0477331456,30/06/2025,Du Thong Tran; Mingh-Nghia Trieu; Anny Trieu,Administrateur,Du,Thong Tran,"Restauration à service complet Marge Brute15 321 € (2025) 2023 2024 2025 0 € 2,000 € 4,000 € 6,000 € 8,000 € 10,000 € 12,000 € 14,000 € 16,000 € 10,159 207 15,321",
https://www.infobel.com/fr/belgium/pizza_cosy/liege/BE105238873-043435950/businessdetails.aspx,2026-07-29,Pizza Cosy à Liège,Rue Grétry 121 4020 Liège LIEGE,4020,Liège,,04 343 59 50,,http://www.lecosy.be/,BE2349017128,,https://www.infobel.com/fr/belgium/financial/vat/BE2349017128,Pizza Cosy,Rue Grétry 121 4020 Liège LIEGE,14/07/2023,BE2349017128,,,,,,Restauration à service complet,
https://www.infobel.com/fr/belgium/jbc/liege/BE105234368-043441039/businessdetails.aspx,2026-07-29,JBC à Liège - Boulevard Raymond Poincaré 7,Centrum-Zuid 3401 3530 Houthalen-Helchteren LIMBURG,4020,Liège,,0486 19 19 99; 04 344 10 39,hello@exki.com,https://www.exki.com/restaurants,BE0429340608,Lu: 08:00-20:00; Ma: 08:00-20:00; Me: 08:00-20:00; Je: 08:00-20:00; Ve: 08:00-20:00; Sa: 08:00-20:00,https://www.infobel.com/fr/belgium/financial/vat/BE0429340608,Jbc,Centrum-Zuid 3401 3530 Houthalen-Helchteren LIMBURG,20/08/1986,BE0429340608,31/01/2025,,,,,"Commerce de détail de vêtements, de sous-vêtements et d'accessoires pour dame, homme, enfant et bébé, assortiment général","136 (2025) 2023 2024 2025 130 132 134 136 138 140 142 144 146 144 135 136 Marge Brute143 358 920 € (2025) 2023 2024 2025 -4,000,000 € -3,500,000 € -3,000,000 € -2,500,000 € -2,000,000 € -1,500,000 € -1,000,000 € -500,000 € 0 € -3,130,121 -3,821,113 -3,616,037"
https://www.infobel.com/fr/belgium/shun_da/liege/BE105244501-043428709/businessdetails.aspx,2026-07-29,Shun-da à Liège,Rue Grétry 81 4020 Liège LIEGE,4020,Liège,,0496 74 85 98; 04 342 87 09,,https://www.facebook.com/pages/Palais-du-Lotus/322686344450772,BE0862576557,Lu: 11:30-14:30; Ma: 11:30-14:30; Me: 11:30-14:30; Je: 11:30-14:30; Ve: 11:30-14:30; Sa: 11:30-14:30; Di: 11:30-14:30,https://www.infobel.com/fr/belgium/financial/vat/BE0862576557,SHUN-DA,Rue Grétry 81 4020 Liège LIEGE,19/12/2003,BE0862576557,31/12/2024,Weiwei Yao,Administrateur,Weiwei,Yao,"Restauration à service complet Marge Brute88 570 € (2024) 2022 2023 2024 -25,000 € -20,000 € -15,000 € -10,000 € -5,000 € 0 € -23,129 -16,034 -409",
https://www.infobel.com/fr/belgium/saint_lambert/liege/BE105234314-042221046/businessdetails.aspx,2026-07-29,Saint-Lambert à Liège,Place Saint-Lambert 0 4000 Liège LIEGE,4000,Liège,,04 222 10 46; 04 367 12 00,info@pointchaud.be,https://www.pointchaud.be/,BE2138191784,Lu: 05:30-19:00; Ma: 05:30-19:00; Me: 05:30-19:00; Je: 05:30-19:00; Ve: 05:30-19:00; Sa: 05:30-19:00; Di: 07:00-18:00,https://www.infobel.com/fr/belgium/financial/vat/BE2138191784,Saint-Lambert,Place Saint-Lambert 0 4000 Liège LIEGE,04/12/1990,BE2138191784,,,,,,Transport régulier de voyageurs par route,
https://www.infobel.com/fr/belgium/sushi_de_mes_envies/liege/BE105168006-042529439/businessdetails.aspx,2026-07-29,Sushi de mes envies à Liège,Rue des Glacis 17 4000 Liège LIEGE,4000,Liège,,04 252 94 39,,http://www.sushidemesenvies.be/,BE0506913189,Ma: 11:30-14:00; Me: 11:30-14:00; Je: 11:30-14:00; Ve: 11:30-14:00; Sa: 11:30-14:00; Di: 11:30-14:00,https://www.infobel.com/fr/belgium/financial/vat/BE0506913189,Yang Jianfu,Rue des Glacis 17 4000 Liège LIEGE,01/03/2015,BE0506913189,,Jianfu Yang,Administrateur,Jianfu,Yang,Restauration à service complet,
https://www.infobel.com/fr/belgium/kimon/liege/BE105167793-042504147/businessdetails.aspx,2026-07-29,Kimon à Liège,Avenue Louise 231 1050 Bruxelles,4000,Liège,,0472 73 70 55; 04 250 41 47,,https://www.facebook.com/L-Accro-Batte-322314031855219/?fref=nf,BE0453604761,Lu: 10:00-21:00; Je: 10:00-21:00; Ve: 10:00-23:00; Sa: 10:00-23:00; Di: 10:00-17:00,https://www.infobel.com/fr/belgium/financial/vat/BE0453604761,Infobel,Avenue Louise 231 1050 Bruxelles,02/11/1994,BE0453604761,31/12/2024,,,,,Activités de conseil en informatique et de gestion d’installations informatiques,"11 (2024) 2022 2023 2024 8 9 9 10 10 11 11 12 10 9 11 Marge Brute1 311 537 € (2024) 2022 2023 2024 0 € 500,000 € 1,000,000 € 1,500,000 € 2,000,000 € 2,500,000 € 3,000,000 € 1,488,892 2,756,988 1,311,537"
https://www.infobel.com/fr/belgium/massin_henri_philippe/liege/BE105111080-043622871/businessdetails.aspx,2026-07-29,Massin Henri-Philippe à Liège,Rue de Droixhe 34 4020 Liège LIEGE,4020,Liège,,0475 68 28 58; 04 362 28 71,,https://search.infobelpro.com/belgium/fr/liege/liege,BE2046504416,,https://www.infobel.com/fr/belgium/financial/vat/BE2046504416,Grill Le Parvis de l'Abattoir,Rue de Droixhe 34 4020 Liège LIEGE,16/02/1993,BE2046504416,,,,,,Cafés-restaurants (tavernes),
https://www.infobel.com/fr/belgium/pita_des_thiers/liege/BE105105992-043580853/businessdetails.aspx,2026-07-29,Pita des Thiers à Liège,,4032,Liège,,0484 76 42 04; 04 358 08 53,,https://www.facebook.com/Pitadesthiers/,BE0667952886,Lu: 11:30-14:00; Me: 11:30-14:00; Je: 11:30-14:00; Ve: 11:30-14:00; Sa: 11:30-14:00; Di: 17:00-22:00,https://www.infobel.com/fr/belgium/financial/vat/BE0667952886,,,,,,,,,,,
https://www.infobel.com/fr/belgium/chouiar_kamilia/liege/BE105080865/businessdetails.aspx,2026-07-29,Chouiar / Kamilia à Liège - Rue du Palais 62,Rue du Palais 62 4000 Liège LIEGE,4000,Liège,,0477 80 56 19,,https://search.infobelpro.com/belgium/fr/liege/liege,BE2228020417,Lu: 11:00-15:30; Ma: 11:00-15:30; Me: 11:00-15:30; Je: 11:00-15:30; Ve: 11:00-15:30,https://www.infobel.com/fr/belgium/financial/vat/BE2228020417,Pâtes et Vous,Rue du Palais 62 4000 Liège LIEGE,01/01/2013,BE2228020417,,,,,,"Vente au comptoir ou par téléphone, fax, internet d'aliments et de boissons : établissements de restauration rapide (snack-bars, sandwiches-bars, etc.)",
https://www.infobel.com/fr/belgium/tam_tam_bambou/liege/BE105057188-042232346/businessdetails.aspx,2026-07-29,Tam-Tam Bambou à Liège,Bergerue 12 -14 4000 Liège LIEGE,1751,évaluations),,04 223 23 46,,https://search.infobelpro.com/belgium/fr/liege/liege,BE2225881467,Lu: 14:00-01:00; Ma: 14:00-01:00; Me: 14:00-01:00; Je: 14:00-01:00; Ve: 14:00-02:00; Sa: 13:00-03:00; Di: 14:00-01:00,https://www.infobel.com/fr/belgium/financial/vat/BE2225881467,Tam-Tam Bambou,Bergerue 12 -14 4000 Liège LIEGE,27/01/2014,BE2225881467,,,,,,Cafés et bars,
https://www.infobel.com/fr/belgium/le_bar_a_boeuf/liege/BE105085276-042229433/businessdetails.aspx,2026-07-29,Le Bar à boeuf à Liège,Rue de la Goffe 20 /22 4000 Liège LIEGE,4000,Liège,,04 222 94 33,,https://search.infobelpro.com/belgium/fr/liege/liege,BE0542934338,,https://www.infobel.com/fr/belgium/financial/vat/BE0542934338,LE BAR A BOEUF,Rue de la Goffe 20 /22 4000 Liège LIEGE,04/12/2013,BE0542934338,31/12/2024,,,,,"Organisation de noces, banquets, cocktails, buffets, lunches et réceptions diverses Marge Brute-1 481 € (2024) 2022 2023 2024 -14,000 € -12,000 € -10,000 € -8,000 € -6,000 € -4,000 € -2,000 € 0 € -11,538 -5,762 -1,481",
https://www.infobel.com/fr/belgium/como_en_casa/liege/BE105022693-042320004/businessdetails.aspx,2026-07-29,Como en Casa à Liège - Impasse de la Couronne 11,Impasse de la Couronne 11 4000 Liège LIEGE,4000,Liège,,0498 11 09 80; 04 232 00 04,,https://comoencasa.be/,BE0816961417,Ma: 19:00-21:00; Me: 19:00-21:00; Je: 19:00-21:00; Ve: 19:00-22:00; Sa: 19:00-22:00,https://www.infobel.com/fr/belgium/financial/vat/BE0816961417,Como en Casa,Impasse de la Couronne 11 4000 Liège LIEGE,03/07/2009,BE0816961417,31/12/2024,Caroline Jacob; Mario Gotto,Administrateur,Caroline,Jacob,Cafés et bars,"10 (2024) 2022 2023 2024 0 1 2 3 4 5 6 7 8 9 10 7 5 10 Marge Brute6 199 € (2024) 2022 2023 2024 -20,000 € -15,000 € -10,000 € -5,000 € 0 € 5,000 € 10,000 € -18,044 -12,191 6,199"
https://www.infobel.com/fr/belgium/zhan_yuan_yu/liege/BE105042686-042233578/businessdetails.aspx,2026-07-29,ZHAN YUAN YU à Liège,Avenue Louise 231 1050 Bruxelles,4000,Liège,,04 223 35 78,,https://www.facebook.com/restaurantysing/?modal=admin_todo_tour,BE0453604761,,https://www.infobel.com/fr/belgium/financial/vat/BE0453604761,Infobel,Avenue Louise 231 1050 Bruxelles,02/11/1994,BE0453604761,31/12/2024,,,,,Activités de conseil en informatique et de gestion d’installations informatiques,"11 (2024) 2022 2023 2024 8 9 9 10 10 11 11 12 10 9 11 Marge Brute1 311 537 € (2024) 2022 2023 2024 0 € 500,000 € 1,000,000 € 1,500,000 € 2,000,000 € 2,500,000 € 3,000,000 € 1,488,892 2,756,988 1,311,537"
https://www.infobel.com/fr/belgium/g_a_s/liege/BE105011250-042506783/businessdetails.aspx,2026-07-29,G.A.S à Liège,Rue du Stalon 3 4000 Liège LIEGE,4000,Liège,,04 250 67 83,contact@maisondupeket.be,http://www.maisondupeket.be,BE0832015619,,https://www.infobel.com/fr/belgium/financial/vat/BE0832015619,g.A.S.,Rue du Stalon 3 4000 Liège LIEGE,16/12/2010,BE0832015619,31/12/2024,Grégory Marko Comeil Sorgic; Grégory Marko Comeil Sorgic; Anthony Jovan Armand Sorgic,Administrateur,Grégory,Marko Comeil Sorgic,Cafés et bars,"4 (2024) 2022 2023 2024 0 1 2 3 4 5 6 7 8 9 10 3 3 4 Marge Brute2 028 € (2024) 2022 2023 2024 -25,000 € -20,000 € -15,000 € -10,000 € -5,000 € 0 € 5,000 € -18,989 -12,338 2,028"
https://www.infobel.com/fr/belgium/madame_pita/liege/BE104995031-042527938/businessdetails.aspx,2026-07-29,Madame Pita à Liège,Rue Paradis 120 4000 Liège LIEGE,4000,Liège,,04 252 79 38,,http://www.madamepita.be,BE0599601738,Lu: 11:00-14:00; Ma: 11:00-14:00; Me: 11:00-14:00; Je: 11:00-14:00; Ve: 11:00-14:00; Sa: 16:30-22:00; Di: 16:30-22:00,https://www.infobel.com/fr/belgium/financial/vat/BE0599601738,Madame Pita,Rue Paradis 120 4000 Liège LIEGE,01/07/1991,BE0599601738,,Joëlle Longree; Joelle LONGREE; Joelle LONGREE,Administrateur,Joëlle,Longree,"Restauration à service restreint, à l'exclusion de restauration mobile",
https://www.infobel.com/fr/belgium/bo_bun/liege/BE104968934-042320192/businessdetails.aspx,2026-07-29,bo bun à Liège,Avenue Louise 231 1050 Bruxelles,4000,Liège,,04 232 01 92,,http://cms.le-bo-bun.webnode.be/,BE0453604761,,https://www.infobel.com/fr/belgium/financial/vat/BE0453604761,Infobel,Avenue Louise 231 1050 Bruxelles,02/11/1994,BE0453604761,31/12/2024,,,,,Activités de conseil en informatique et de gestion d’installations informatiques,"11 (2024) 2022 2023 2024 8 9 9 10 10 11 11 12 10 9 11 Marge Brute1 311 537 € (2024) 2022 2023 2024 0 € 500,000 € 1,000,000 € 1,500,000 € 2,000,000 € 2,500,000 € 3,000,000 € 1,488,892 2,756,988 1,311,537"
https://www.infobel.com/fr/belgium/amon_nanesse/liege/BE104936243-042506783/businessdetails.aspx,2026-07-29,Amon Nanesse à Liège,Avenue Louise 231 1050 Bruxelles,3924,évaluations),,04 250 67 83,contact@maisondupeket.be,http://www.maisondupeket.be/,BE0453604761,Lu: 12:00-13:45; Je: 12:00-13:45; Ve: 12:00-14:00; Sa: 12:00-13:45; Di: 12:00-13:45,https://www.infobel.com/fr/belgium/financial/vat/BE0453604761,Infobel,Avenue Louise 231 1050 Bruxelles,02/11/1994,BE0453604761,31/12/2024,,,,,Activités de conseil en informatique et de gestion d’installations informatiques,"11 (2024) 2022 2023 2024 8 9 9 10 10 11 11 12 10 9 11 Marge Brute1 311 537 € (2024) 2022 2023 2024 0 € 500,000 € 1,000,000 € 1,500,000 € 2,000,000 € 2,500,000 € 3,000,000 € 1,488,892 2,756,988 1,311,537"
https://www.infobel.com/fr/belgium/le_theme/liege/BE102161311-042220202/businessdetails.aspx,2026-07-29,Le Thème à Liège,Impasse de la Couronne 9 4000 Liège LIEGE,4000,Liège,,04 222 02 02,restaurantletheme@gmail.com,http://www.letheme.com/,BE0444781919,Ma: 19:00-22:00; Me: 19:00-22:00; Je: 19:00-22:00; Ve: 19:00-22:00; Sa: 19:00-22:00,https://www.infobel.com/fr/belgium/financial/vat/BE0444781919,Le Theme,Impasse de la Couronne 9 4000 Liège LIEGE,01/07/1991,BE0444781919,,Michel Bebelman,Administrateur,Michel,Bebelman,Production de plats préparés à base de viande,
https://www.infobel.com/fr/belgium/moment/liege/BE104973876-042674191/businessdetails.aspx,2026-07-29,moment à Liège,Rue Bonne Fortune 17 4000 Liège LIEGE,1396,évaluations),,0478 33 73 33; 04 267 41 91,info@moment-liege.be,http://www.moment-liege.be/,BE0548914585,Me: 12:00-23:00; Je: 12:00-23:00; Ve: 12:00-00:00; Sa: 12:00-00:00,https://www.infobel.com/fr/belgium/financial/vat/BE0548914585,BCB Liege,Rue Bonne Fortune 17 4000 Liège LIEGE,26/03/2014,BE0548914585,31/12/2024,Jonathan Servais; Jonathan Servais; Marie Anne Julie Halkein,Administrateur,Jonathan,Servais,Restauration à service complet,"4 (2024) 2022 2023 2024 0 1 2 3 4 5 6 7 8 9 10 2 4 4 Marge Brute568 € (2024) 2022 2023 2024 -50,000 € -40,000 € -30,000 € -20,000 € -10,000 € 0 € 10,000 € -42,672 5,285 568"
https://www.infobel.com/fr/belgium/la_pizzeria/liege/BE104909893-042220566/businessdetails.aspx,2026-07-29,La Pizzeria à Liège,Rue Crève-Coeur 3 4000 Liège LIEGE,1014,évaluations),,0485 49 21 63; 04 222 05 66,,https://www.facebook.com/La-pizzeria-301215986700460/,BE2291005485,Lu: 11:30-22:00; Ma: 11:30-22:00; Me: 11:30-22:00; Je: 11:30-22:00; Ve: 11:30-22:00; Sa: 11:30-22:00,https://www.infobel.com/fr/belgium/financial/vat/BE2291005485,La Pizzeria,Rue Crève-Coeur 3 4000 Liège LIEGE,01/08/2019,BE2291005485,,,,,,"Restauration à service restreint, à l'exclusion de restauration mobile",
https://www.infobel.com/fr/belgium/chez_carlo/liege/BE102138549-043661222/businessdetails.aspx,2026-07-29,Chez Carlo à Liège,Rue de Herve 318 4030 Liège LIEGE,4030,Liège,,04 366 12 22,,http://www.chezcarlo.be/,BE0834663521,Lu: 17:30-21:30; Ma: 17:30-22:00; Me: 17:30-22:00; Je: 17:30-22:00; Ve: 17:30-22:00; Sa: 17:30-22:00; Di: 17:30-22:00,https://www.infobel.com/fr/belgium/financial/vat/BE0834663521,Modica Charles,Rue de Herve 318 4030 Liège LIEGE,15/04/2011,BE0834663521,,Charles Modica,Administrateur,Charles,Modica,"Restauration à service restreint, à l'exclusion de restauration mobile",
https://www.infobel.com/fr/belgium/e_p_events/liege/BE101907121-043662820/businessdetails.aspx,2026-07-29,E.P. EVENTS à Liège,Allée des Erables 25 B 4000 Liège LIEGE,4031,Liège,,0497 50 26 17; 04 366 28 20; 04 252 57 50,,http://www.heliportbrasserie.be,BE0479416362,Lu: 12:00-14:30; Ma: 12:00-14:30; Me: 12:00-14:30; Je: 12:00-14:30; Ve: 12:00-14:30; Sa: 19:15-21:30; Di: 09:00-12:00,https://www.infobel.com/fr/belgium/financial/vat/BE0479416362,E.P. Events,Allée des Erables 25 B 4000 Liège LIEGE,22/01/2003,BE0479416362,31/12/2024,Frédéric Salpetier; Emmanuel Walter José Nava,Administrateur,Frédéric,Salpetier,Restauration à service complet,"9 (2024) 2022 2023 2024 0 1 2 3 4 5 6 7 8 9 10 10 7 9 Marge Brute9 880 € (2024) 2022 2023 2024 -70,000 € -60,000 € -50,000 € -40,000 € -30,000 € -20,000 € -10,000 € 0 € 10,000 € 20,000 € -65,766 10,382 9,880"
https://www.infobel.com/fr/belgium/goffin_christophe/liege/BE102158478-042222350/businessdetails.aspx,2026-07-29,Goffin Christophe à Liège,Avenue des Platanes 25 4650 Herve LIEGE,4000,Liège,,0475 74 07 84; 04 222 23 50; 04 222 23 50,,http://www.cotegout.be/,BE0751245994,Ma: 12:00-14:30; Me: 12:00-14:30; Je: 12:00-14:30; Ve: 12:00-14:30; Sa: 19:00-21:30,https://www.infobel.com/fr/belgium/financial/vat/BE0751245994,La Cachette,Avenue des Platanes 25 4650 Herve LIEGE,01/06/1990,BE0751245994,,Christophe GOFFIN; Christophe GOFFIN,Administrateur,Christophe,GOFFIN,Activités d’intermédiaire du commerce de gros en produits alimentaires et tabac,
https://www.infobel.com/fr/belgium/la_maison_du_peket/liege/BE102012779-042506783/businessdetails.aspx,2026-07-29,La Maison du Péket à Liège,Rue de l'Epée 4 4000 Liège LIEGE,3849,évaluations),,04 250 67 83,contact@maisondupeket.be,http://www.maisondupeket.be/,BE0806828776,Lu: 10:00-02:00; Ma: 10:00-02:00; Me: 10:00-02:00; Je: 10:00-02:00; Ve: 10:00-05:00; Sa: 10:00-05:00; Di: 10:00-02:00,https://www.infobel.com/fr/belgium/financial/vat/BE0806828776,La Maison Du Peket,Rue de l'Epée 4 4000 Liège LIEGE,22/09/2008,BE0806828776,31/12/2024,Anthony Jovan Armand Sorgic; Grégory Sorgic; Anthony Jovan Armand Sorgic,Administrateur,Anthony,Jovan Armand Sorgic,Cafés et bars,"8 (2024) 2022 2023 2024 0 2 4 6 8 10 12 11 9 8 Marge Brute2 468 € (2024) 2022 2023 2024 -25,000 € -20,000 € -15,000 € -10,000 € -5,000 € 0 € 5,000 € 10,000 € 15,000 € -22,336 9,229 2,468"
https://www.infobel.com/fr/belgium/la_cour_des_grands/liege/BE102012571-042681493/businessdetails.aspx,2026-07-29,La Cour des Grands à Liège,Avenue Louise 231 1050 Bruxelles,4000,Liège,,04 268 14 93,info@lacourdesgrands.be,http://www.lacourdesgrands.be/,BE0453604761,Je: 12:00-13:30; Ve: 12:00-13:30; Sa: 19:00-21:00,https://www.infobel.com/fr/belgium/financial/vat/BE0453604761,Infobel,Avenue Louise 231 1050 Bruxelles,02/11/1994,BE0453604761,31/12/2024,,,,,Activités de conseil en informatique et de gestion d’installations informatiques,"11 (2024) 2022 2023 2024 8 9 9 10 10 11 11 12 10 9 11 Marge Brute1 311 537 € (2024) 2022 2023 2024 0 € 500,000 € 1,000,000 € 1,500,000 € 2,000,000 € 2,500,000 € 3,000,000 € 1,488,892 2,756,988 1,311,537"
https://www.infobel.com/fr/belgium/sushi_maison/liege/BE101998654-042221188/businessdetails.aspx,2026-07-29,Sushi Maison à Liège,Boulevard de la Sauvenière 164 4000 Liège LIEGE,4000,Liège,,04 222 11 88,,https://commander.sushimaison.shop/fr/categories,BE0689890526,Ma: 11:30-14:30; Me: 11:30-14:30; Je: 11:30-14:30; Ve: 11:30-14:30; Sa: 11:30-14:30; Di: 11:30-14:30,https://www.infobel.com/fr/belgium/financial/vat/BE0689890526,Sushi Maison,Boulevard de la Sauvenière 164 4000 Liège LIEGE,07/02/2018,BE0689890526,30/09/2024,Anxing Han; Jinxiang Zhang; Jinxiang Zhang,Administrateur,Anxing,Han,Restauration à service complet,"6 (2024) 2022 2023 2024 0 1 2 3 4 5 6 7 8 9 10 4 5 6 Marge Brute105 161 € (2024) 2022 2023 2024 0 € 20,000 € 40,000 € 60,000 € 80,000 € 100,000 € 120,000 € 140,000 € 14,623 120,891 105,161"
https://www.infobel.com/fr/belgium/la_fontaine_d_athena/liege/BE101961834-042210626/businessdetails.aspx,2026-07-29,La Fontaine d'Athena à Liège,,1268,évaluations),,04 221 06 26,0@hotmail.com,http://www.fontainedathena.be/,BE0799788061,Lu: 12:00-14:00; Ma: 12:00-14:00; Je: 12:00-14:00; Ve: 12:00-14:00; Sa: 12:00-14:00; Di: 12:00-14:00,https://www.infobel.com/fr/belgium/financial/vat/BE0799788061,,,,,,,,,,,
https://www.infobel.com/fr/belgium/melting_pot/liege/BE101901447-043433553/businessdetails.aspx,2026-07-29,Melting Pot à Liège,Rue Lairesse 73 4020 Liège LIEGE,4020,Liège,,0483 02 39 41; 04 343 35 53,info@melting-pot.be,http://melting-pot.be/,BE0643618160,Ma: 19:00-22:00; Me: 19:00-22:00; Je: 19:00-22:00; Ve: 19:00-22:00; Sa: 19:00-22:00,https://www.infobel.com/fr/belgium/financial/vat/BE0643618160,Melting Pot,Rue Lairesse 73 4020 Liège LIEGE,25/11/2015,BE0643618160,31/12/2024,Alain Kabamba Kabambi; Alain Kabamba Kabambi,Administrateur,Alain,Kabamba Kabambi,"Restauration à service complet Marge Brute-5 757 € (2024) 2022 2023 2024 -8,000 € -6,000 € -4,000 € -2,000 € 0 € 2,000 € 4,000 € 6,000 € 8,000 € 10,000 € 12,000 € 10,349 5,739 -5,757",
https://www.infobel.com/fr/belgium/before/liege/BE101930209/businessdetails.aspx,2026-07-29,Before à Liège,Avenue Louise 231 1050 Bruxelles,4000,Liège,,0490 11 66 66,,https://www.facebook.com/beforebarlounge/,BE0453604761,,https://www.infobel.com/fr/belgium/financial/vat/BE0453604761,Infobel,Avenue Louise 231 1050 Bruxelles,02/11/1994,BE0453604761,31/12/2024,,,,,Activités de conseil en informatique et de gestion d’installations informatiques,"11 (2024) 2022 2023 2024 8 9 9 10 10 11 11 12 10 9 11 Marge Brute1 311 537 € (2024) 2022 2023 2024 0 € 500,000 € 1,000,000 € 1,500,000 € 2,000,000 € 2,500,000 € 3,000,000 € 1,488,892 2,756,988 1,311,537"
https://www.infobel.com/fr/belgium/star_of_india/liege/BE101974653-043755338/businessdetails.aspx,2026-07-29,Star of India à Liège,Place des Franchises 24 4000 Liège LIEGE,4000,Liège,,04 375 53 38,,http://starofindialiege.be/,BE0793491078,Lu: 12:00-14:00; Ma: 12:00-14:00; Ve: 12:00-14:00; Sa: 12:00-14:00; Di: 12:00-14:00,https://www.infobel.com/fr/belgium/financial/vat/BE0793491078,Star of India,Place des Franchises 24 4000 Liège LIEGE,01/12/2022,BE0793491078,,Mohmad Turkmane,Administrateur,Mohmad,Turkmane,Activités de traiteur événementiel,
https://www.infobel.com/fr/belgium/chez_natacha/liege/BE100855469-042530380/businessdetails.aspx,2026-07-29,Chez Natacha à Liège,Rue du Fourchufossé 5 4031 Liège LIEGE,4000,Liège,,04 253 03 80,,https://www.friteriecheznatacha.be/,BE0792594225,Lu: 12:00-14:00; Ma: 12:00-14:00; Me: 12:00-14:00; Je: 12:00-14:00; Ve: 12:00-14:00; Sa: 18:00-22:00; Di: 18:00-22:00,https://www.infobel.com/fr/belgium/financial/vat/BE0792594225,B&D Group,Rue du Fourchufossé 5 4031 Liège LIEGE,18/10/2022,BE0792594225,31/12/2024,David Dumont; Thomas Bietton,Administrateur,David,Dumont,"Restauration à service restreint, à l'exclusion de restauration mobile","0 (2024) 2024 0 1 2 3 4 5 6 7 8 9 10 0 Marge Brute1 465 € (2024) 2023 2024 0 € 2,000 € 4,000 € 6,000 € 8,000 € 10,000 € 12,000 € 10,586 1,465"
https://www.infobel.com/fr/belgium/zhan_chun/liege/BE101691682-042234600/businessdetails.aspx,2026-07-29,Zhan Chun à Liège,Rue de Barchon 1 4671 Blégny LIEGE,4000,Liège,,0483 24 39 47; 04 223 46 00,,https://www.restaurantwang.be,BE0807062467,,https://www.infobel.com/fr/belgium/financial/vat/BE0807062467,Anciaux-zeevaert,Rue de Barchon 1 4671 Blégny LIEGE,09/10/2008,BE0807062467,30/09/2025,Frédéric Jean Albert Anciaux,Administrateur,Frédéric,Jean Albert Anciaux,Activités de conseil en informatique et de gestion d’installations informatiques Marge Brute-109 € (2025) 2023 2024 2025 -200 € -100 € 0 € 100 € 200 € 300 € 400 € 500 € 600 € 498 340 -109,
https://www.infobel.com/fr/belgium/a_la_maison/liege/BE101688562/businessdetails.aspx,2026-07-29,À la maison à Liège,Rue des Glacis 89 4000 Liège LIEGE,4000,Liège,,0498 78 00 19,,https://search.infobelpro.com/belgium/fr/liege/liege,BE0544614220,,https://www.infobel.com/fr/belgium/financial/vat/BE0544614220,A la Maison,Rue des Glacis 89 4000 Liège LIEGE,21/01/2014,BE0544614220,,Maxime Jamaer; Brigitte Cornet; Léna Laporte,Administrateur,Maxime,Jamaer,Autres débits de boissons,
https://www.infobel.com/fr/belgium/la_frite_ardente/liege/BE101715027-043622741/businessdetails.aspx,2026-07-29,La frite ardente à Liège,Rue de Visé 461 4020 Liège LIEGE,4020,Liège,,0491 07 51 69; 04 362 27 41,,https://www.facebook.com/lafriteardente,BE2230049794,Lu: 17:30-21:00; Ma: 11:30-14:00; Me: 11:30-14:00; Je: 11:30-14:00; Ve: 11:30-14:00; Sa: 17:30-21:00; Di: 17:30-21:00,https://www.infobel.com/fr/belgium/financial/vat/BE2230049794,La Frite Ardente,Rue de Visé 461 4020 Liège LIEGE,19/05/2014,BE2230049794,,,,,,"Restauration à service restreint, à l'exclusion de restauration mobile",
https://www.infobel.com/fr/belgium/le_plaza/liege/BE101715280-042230373/businessdetails.aspx,2026-07-29,Le Plaza à Liège,Rue Grande Tour 4 4000 Liège LIEGE,4000,Liège,,0498 08 50 54; 04 223 03 73,,https://www.facebook.com/LePlazaLiege/,BE0550618619,Ma: 10:30-19:00; Me: 10:30-19:00; Je: 10:30-19:00; Ve: 10:30-21:00; Sa: 10:30-22:00; Di: 10:30-16:30,https://www.infobel.com/fr/belgium/financial/vat/BE0550618619,Collin Jean-Luc,Rue Grande Tour 4 4000 Liège LIEGE,01/07/2014,BE0550618619,,Jean-Luc Collin,Administrateur,Jean-Luc,Collin,Restauration à service complet,
https://www.infobel.com/fr/belgium/la_grange/liege/BE101592158-042460874/businessdetails.aspx,2026-07-29,La Grange à Liège,Chaussée de Tongres 269 BP 50 4000 Liège LIEGE,4000,Liège,,0496 23 33 69; 04 246 08 74,,https://www.companyweb.be/societe/la-grange/sprl/435436562,BE0435436562,,https://www.infobel.com/fr/belgium/financial/vat/BE0435436562,Le Willy'S Café,Chaussée de Tongres 269 BP 50 4000 Liège LIEGE,28/09/1988,BE0435436562,31/12/2024,Marie Dethier,Administrateur,Marie,Dethier,Restauration à service complet,"7 (2024) 2022 2023 2024 0 1 2 3 4 5 6 7 8 9 10 2 5 7 Marge Brute-629 € (2024) 2022 2023 2024 -12,000 € -10,000 € -8,000 € -6,000 € -4,000 € -2,000 € 0 € -10,456 -7,373 -629"
https://www.infobel.com/fr/belgium/antipasti_di_sophie/liege/BE100820024-043836704/businessdetails.aspx,2026-07-29,Antipasti di Sophie à Liège,Rue Lulay des Fèbvres 9 -11 4000 Liège LIEGE,4000,Liège,,0496 23 57 57; 04 383 67 04,,http://www.facebook.com/Antipasti-di-sophie-764734886974072,BE2368319831,Ma: 10:00-17:30; Me: 10:00-17:00; Je: 10:00-17:00; Ve: 10:00-17:00; Sa: 10:00-22:00,https://www.infobel.com/fr/belgium/financial/vat/BE2368319831,Antipasti Di Sophie,Rue Lulay des Fèbvres 9 -11 4000 Liège LIEGE,17/12/2024,BE2368319831,,,,,,Autres commerces de détail alimentaires n.c.a.,
https://www.infobel.com/fr/belgium/como_en_casa/liege/BE100780196-042320004/businessdetails.aspx,2026-07-29,Como en Casa à Liège - Visé-Voie 80,Visé Voie 80 4000 Liège LIEGE,4000,Liège,,0498 11 09 80; 04 232 00 04,,https://comoencasa.be/,BE2179905942,Ma: 19:00-21:00; Me: 19:00-21:00; Je: 19:00-21:00; Ve: 19:00-22:00; Sa: 19:00-22:00,https://www.infobel.com/fr/belgium/financial/vat/BE2179905942,Como en Casa,Visé Voie 80 4000 Liège LIEGE,21/08/2009,BE2179905942,,,,,,"Restauration à service restreint, à l'exclusion de restauration mobile",
https://www.infobel.com/fr/belgium/bodega_fininvest/liege/BE100792049-042224642/businessdetails.aspx,2026-07-29,BODEGA FININVEST à Liège,Place du Marché 37 4000 Liège LIEGE,1835,évaluations),,0496 25 00 90; 04 222 46 42,,https://www.facebook.com/labodegaliege/,BE0507738877,Lu: 10:00-22:00; Ma: 10:00-22:00; Me: 10:00-22:00; Je: 10:00-22:00; Ve: 10:00-23:00; Sa: 10:00-23:00; Di: 10:00-22:00,https://www.infobel.com/fr/belgium/financial/vat/BE0507738877,Sprl Bodega Fininvest,Place du Marché 37 4000 Liège LIEGE,24/12/2014,BE0507738877,31/12/2024,Alexandre Leroy,Administrateur,Alexandre,Leroy,Cafés et bars,"2 (2024) 2022 2023 2024 0 1 2 3 4 5 6 7 8 9 10 3 4 2 Marge Brute38 222 € (2024) 2022 2023 2024 -100,000 € -80,000 € -60,000 € -40,000 € -20,000 € 0 € 20,000 € 40,000 € 60,000 € -17,991 -85,571 38,222"
https://www.infobel.com/fr/belgium/hotel_riad_nour/liege/BE100763476-043415625/businessdetails.aspx,2026-07-29,Hotel Riad Nour à Liège,Rue des Vennes 166 4020 Liège LIEGE,4020,Liège,,04 341 56 25,,https://riad-nour.be/,BE2256780521,Lu: 09:00-12:00; Ma: 09:00-12:00; Me: 09:00-12:00; Je: 09:00-12:00; Ve: 09:00-12:00; Sa: 09:00-12:00; Di: 09:00-12:00,https://www.infobel.com/fr/belgium/financial/vat/BE2256780521,Hotel Riad,Rue des Vennes 166 4020 Liège LIEGE,29/09/2016,BE2256780521,,,,,,Hôtels et hébergement similaire,
https://www.infobel.com/fr/belgium/ma_ferme_en_ville/liege/BE100754085-042221660/businessdetails.aspx,2026-07-29,Ma Ferme En Ville à Liège,Avenue Louise 231 1050 Bruxelles,4000,Liège,,0479 42 99 13; 04 222 16 60,,https://www.mafermeenville.be/,BE0453604761,Ma: 09:30-16:00; Me: 09:30-16:00; Je: 09:30-16:00; Ve: 09:30-16:00; Sa: 09:30-18:00,https://www.infobel.com/fr/belgium/financial/vat/BE0453604761,Infobel,Avenue Louise 231 1050 Bruxelles,02/11/1994,BE0453604761,31/12/2024,,,,,Activités de conseil en informatique et de gestion d’installations informatiques,"11 (2024) 2022 2023 2024 8 9 9 10 10 11 11 12 10 9 11 Marge Brute1 311 537 € (2024) 2022 2023 2024 0 € 500,000 € 1,000,000 € 1,500,000 € 2,000,000 € 2,500,000 € 3,000,000 € 1,488,892 2,756,988 1,311,537"
https://www.infobel.com/fr/belgium/la_chine/liege/BE100710014-043421880/businessdetails.aspx,2026-07-29,La Chine ???? à Liège,Rue Puits en Sock 69 BP 11 4020 Liège LIEGE,4020,Liège,,0476 93 07 61; 04 342 18 80,,http://www.resto.be/restaurant/liege/4020-liege/159721-la-chine/,BE0835525336,Lu: 11:45-14:30; Ma: 11:45-14:30; Je: 11:45-14:30; Ve: 11:45-14:30; Sa: 11:45-14:30; Di: 11:45-14:30,https://www.infobel.com/fr/belgium/financial/vat/BE0835525336,Ye Qing,Rue Puits en Sock 69 BP 11 4020 Liège LIEGE,16/05/2011,BE0835525336,,Qing Ye; Qing Ye Qing,Administrateur,Qing,Ye,Restauration à service complet,
https://www.infobel.com/fr/belgium/la_cafetaria/liege/BE100693259-042625746/businessdetails.aspx,2026-07-29,La Cafétaria à Liège,Rue Pont d'Avroy 42 4000 Liège LIEGE,2208,évaluations),,04 262 57 46,info@oye-oye.net,https://restaurant-cafetaria.be/,BE0825336970,Lu: 11:30-22:30; Ma: 11:30-22:30; Me: 11:30-22:30; Je: 11:30-22:30; Ve: 11:30-23:30; Sa: 11:30-23:30; Di: 11:30-22:30,https://www.infobel.com/fr/belgium/financial/vat/BE0825336970,La Cafetaria,Rue Pont d'Avroy 42 4000 Liège LIEGE,22/04/2010,BE0825336970,31/12/2024,,,,,Cafés et bars,"23 (2024) 2022 2023 2024 0 5 10 15 20 25 30 18 26 23 Marge Brute133 910 € (2024) 2022 2023 2024 0 € 20,000 € 40,000 € 60,000 € 80,000 € 100,000 € 120,000 € 140,000 € 160,000 € 76,121 59,604 133,910"
https://www.infobel.com/fr/belgium/jacques_pelzer_jazz_club/liege/BE100583017-042271255/businessdetails.aspx,2026-07-29,Jacques Pelzer Jazz Club à Liège,Boulevard Ernest Solvay 493 4000 Liège LIEGE,4000,Liège,,04 227 12 55,,http://www.jacquespelzerjazzclub.com/,BE0870002205,Me: 19:00-00:00,https://www.infobel.com/fr/belgium/financial/vat/BE0870002205,JP's,Boulevard Ernest Solvay 493 4000 Liège LIEGE,15/11/2004,BE0870002205,,Lucien Gryglewicz; André Klénès; Alain Pierre,Administrateur,Lucien,Gryglewicz,Autres activités récréatives et de loisirs n.c.a.,
https://www.infobel.com/fr/belgium/au_rendez_vous_du_couscous/liege/BE100546301-042474354/businessdetails.aspx,2026-07-29,Au Rendez-vous Du Couscous à Liège,Chaussée de Tongres 63 BP A 4000 Liège LIEGE,4000,Liège,,04 247 43 54,,http://www.aurendezvousducouscous.be/,BE0459521662,Me: 18:00-21:00; Je: 11:00-14:00; Ve: 11:00-14:00; Sa: 11:00-14:00; Di: 11:00-14:00,https://www.infobel.com/fr/belgium/financial/vat/BE0459521662,Max,Chaussée de Tongres 63 BP A 4000 Liège LIEGE,16/12/1996,BE0459521662,31/12/2024,Geoffrey Brasseur,Administrateur,Geoffrey,Brasseur,"Restauration à service complet Marge Brute19 056 € (2024) 2022 2023 2024 -10,000 € -5,000 € 0 € 5,000 € 10,000 € 15,000 € 20,000 € 25,000 € 3,726 -7,232 19,056",
https://www.infobel.com/fr/belgium/miam_s/liege/BE100498852-042722479/businessdetails.aspx,2026-07-29,MIAM'S à Liège,,4000,Liège,,0490 45 29 08; 04 272 24 79,foodtruckmiamsburger@hotmail.com,http://www.miamsburgers.com/,BE0810470335,Lu: 00:00-01:00; Ma: 00:00-01:00; Me: 00:00-01:00; Je: 00:00-04:00; Ve: 00:00-06:00; Sa: 00:00-06:00; Di: 00:00-06:00,https://www.infobel.com/fr/belgium/financial/vat/BE0810470335,,,,,,,,,,,
https://www.infobel.com/fr/belgium/memo_2000/liege/BE100499007-042250814/businessdetails.aspx,2026-07-29,,,,,,,,,,,,,,,,,,,,,,
https://www.infobel.com/fr/belgium/casino_de_chaudfontaine/liege/BE100499782-043650741/businessdetails.aspx,2026-07-29,,,,,,,,,,,,,,,,,,,,,,
https://www.infobel.com/fr/belgium/la_cene/liege/BE100499842-043431038/businessdetails.aspx,,,,,,,,,,,,,,,,,,,,,,,
https://www.infobel.com/fr/belgium/selys/liege/BE100427600-042676804/businessdetails.aspx,,,,,,,,,,,,,,,,,,,,,,,
https://www.infobel.com/fr/belgium/point_chaud/liege/BE100346642-043435976/businessdetails.aspx,,,,,,,,,,,,,,,,,,,,,,,
https://www.infobel.com/fr/belgium/mendy_s/liege/BE100331438-043444851/businessdetails.aspx,,,,,,,,,,,,,,,,,,,,,,,
https://www.infobel.com/fr/belgium/pizza_win_win/liege/BE100302132-042693684/businessdetails.aspx,,,,,,,,,,,,,,,,,,,,,,,
https://www.infobel.com/fr/belgium/la_valaisanne/liege/BE100317974-042234454/businessdetails.aspx,,,,,,,,,,,,,,,,,,,,,,,
https://www.infobel.com/fr/belgium/p_m/liege/BE100328470-042222602/businessdetails.aspx,,,,,,,,,,,,,,,,,,,,,,,
https://www.infobel.com/fr/belgium/abdellah_amarjouf/liege/BE100269364-043410200/businessdetails.aspx,,,,,,,,,,,,,,,,,,,,,,,
https://www.infobel.com/fr/belgium/the_kitchen/liege/BE100211040-042502074/businessdetails.aspx,,,,,,,,,,,,,,,,,,,,,,,
https://www.infobel.com/fr/belgium/kuca_beata/liege/BE100145482-042231393/businessdetails.aspx,,,,,,,,,,,,,,,,,,,,,,,
https://www.infobel.com/fr/belgium/le_mekong/liege/BE100131370-043412369/businessdetails.aspx,,,,,,,,,,,,,,,,,,,,,,,
https://www.infobel.com/fr/belgium/ali_baba/liege/BE100131340-043420041/businessdetails.aspx,,,,,,,,,,,,,,,,,,,,,,,
https://www.infobel.com/fr/belgium/adriatic/liege/BE100130957-043440832/businessdetails.aspx,,,,,,,,,,,,,,,,,,,,,,,
https://www.infobel.com/fr/belgium/la_cite_du_dragon/liege/BE100128259-042231323/businessdetails.aspx,,,,,,,,,,,,,,,,,,,,,,,
https://www.infobel.com/fr/belgium/chez_nathalie/liege/BE100128059-042221657/businessdetails.aspx,,,,,,,,,,,,,,,,,,,,,,,
https://www.infobel.com/fr/belgium/le_phenicien/liege/BE100128027-042237986/businessdetails.aspx,,,,,,,,,,,,,,,,,,,,,,,
https://www.infobel.com/fr/belgium/cafe_lequet/liege/BE100128275-042222134/businessdetails.aspx,,,,,,,,,,,,,,,,,,,,,,,
https://www.infobel.com/fr/belgium/asti/liege/BE100128104-042232989/businessdetails.aspx,,,,,,,,,,,,,,,,,,,,,,,
https://www.infobel.com/fr/belgium/maison_leblanc/liege/BE100128096-042233143/businessdetails.aspx,,,,,,,,,,,,,,,,,,,,,,,
https://www.infobel.com/fr/belgium/pita_2000/liege/BE100131879-043440771/businessdetails.aspx,,,,,,,,,,,,,,,,,,,,,,,
https://www.infobel.com/fr/belgium/la_cantinetta/liege/BE100132322-043439640/businessdetails.aspx,,,,,,,,,,,,,,,,,,,,,,,
https://www.infobel.com/fr/belgium/namaste_india/liege/BE100129234-042334885/businessdetails.aspx,,,,,,,,,,,,,,,,,,,,,,,
https://www.infobel.com/fr/belgium/restaurant_l_ecuyer/liege/BE100129053-042520884/businessdetails.aspx,,,,,,,,,,,,,,,,,,,,,,,
https://www.infobel.com/fr/belgium/mad_cafe/liege/BE100128891-042231619/businessdetails.aspx,,,,,,,,,,,,,,,,,,,,,,,
https://www.infobel.com/fr/belgium/la_palma/liege/BE100130329-042267913/businessdetails.aspx,,,,,,,,,,,,,,,,,,,,,,,
https://www.infobel.com/fr/belgium/le_caffettino/liege/BE100128738-042224725/businessdetails.aspx,,,,,,,,,,,,,,,,,,,,,,,
https://www.infobel.com/fr/belgium/exki_place_cathedrale/liege/BE100128725-042214229/businessdetails.aspx,,,,,,,,,,,,,,,,,,,,,,,
https://www.infobel.com/fr/belgium/le_numidie/liege/BE100128612-042233685/businessdetails.aspx,,,,,,,,,,,,,,,,,,,,,,,
https://www.infobel.com/fr/belgium/le_dernier_ragot/liege/BE100128571-042212294/businessdetails.aspx,,,,,,,,,,,,,,,,,,,,,,,
https://www.infobel.com/fr/belgium/pizzeria_pugliese/liege/BE100127907-042221479/businessdetails.aspx,,,,,,,,,,,,,,,,,,,,,,,
https://www.infobel.com/fr/belgium/sirtaki/liege/BE100095065-042250725/businessdetails.aspx,,,,,,,,,,,,,,,,,,,,,,,
https://www.infobel.com/fr/belgium/l_ecailler/liege/BE100093381-042221749/businessdetails.aspx,,,,,,,,,,,,,,,,,,,,,,,
https://www.infobel.com/fr/belgium/pizzeria_sogno/liege/BE100059162-043656522/businessdetails.aspx,,,,,,,,,,,,,,,,,,,,,,,
https://www.infobel.com/fr/belgium/casa_borghese/liege/BE100000184-043629599/businessdetails.aspx,,,,,,,,,,,,,,,,,,,,,,,
https://www.infobel.com/fr/belgium/la_roussette_de_savoie/liege/BE100696795-042210821/businessdetails.aspx,,,,,,,,,,,,,,,,,,,,,,,
https://www.infobel.com/fr/belgium/viri/liege/BE100699097-042244989/businessdetails.aspx,,,,,,,,,,,,,,,,,,,,,,,
https://www.infobel.com/fr/belgium/kyoto/liege/BE100667254-043674666/businessdetails.aspx,,,,,,,,,,,,,,,,,,,,,,,
https://www.infobel.com/fr/belgium/din_o_burger/liege/BE100642518-042543415/businessdetails.aspx,,,,,,,,,,,,,,,,,,,,,,,
https://www.infobel.com/fr/belgium/l_atelier_du_gout/liege/BE100606560-042221541/businessdetails.aspx,,,,,,,,,,,,,,,,,,,,,,,
https://www.infobel.com/fr/belgium/clafa/liege/BE100641091-042524376/businessdetails.aspx,,,,,,,,,,,,,,,,,,,,,,,
https://www.infobel.com/fr/belgium/maquin_frederic/liege/BE100641029-042534184/businessdetails.aspx,,,,,,,,,,,,,,,,,,,,,,,
https://www.infobel.com/fr/belgium/rive_gauche/liege/BE100630134-042320363/businessdetails.aspx,,,,,,,,,,,,,,,,,,,,,,,
https://www.infobel.com/fr/belgium/black_white_burger/liege/BE106996261/businessdetails.aspx,,,,,,,,,,,,,,,,,,,,,,,
https://www.infobel.com/fr/belgium/davinci_pizzeria/liege/BE107327913/businessdetails.aspx,,,,,,,,,,,,,,,,,,,,,,,
https://www.infobel.com/fr/belgium/turk_raki/liege/BE107324946-042230407/businessdetails.aspx,,,,,,,,,,,,,,,,,,,,,,,
https://www.infobel.com/fr/belgium/griik_street_food/liege/BE107095435/businessdetails.aspx,,,,,,,,,,,,,,,,,,,,,,,
https://www.infobel.com/fr/belgium/alhalabi/liege/BE107078006-043783389/businessdetails.aspx,,,,,,,,,,,,,,,,,,,,,,,
https://www.infobel.com/fr/belgium/le_plan_a_liege/liege/BE107040698/businessdetails.aspx,,,,,,,,,,,,,,,,,,,,,,,
https://www.infobel.com/fr/belgium/inhadda/liege/BE106961926/businessdetails.aspx,,,,,,,,,,,,,,,,,,,,,,,
https://www.infobel.com/fr/belgium/ruan_thai/liege/BE106944102-043413272/businessdetails.aspx,,,,,,,,,,,,,,,,,,,,,,,
https://www.infobel.com/fr/belgium/kaito/liege/BE106604635/businessdetails.aspx,,,,,,,,,,,,,,,,,,,,,,,
https://www.infobel.com/fr/belgium/central_cafe_et_restaurant/liege/BE106609300/businessdetails.aspx,,,,,,,,,,,,,,,,,,,,,,,
https://www.infobel.com/fr/belgium/wuli_wok/liege/BE106048719-042229998/businessdetails.aspx,,,,,,,,,,,,,,,,,,,,,,,
https://www.infobel.com/fr/belgium/poupoule/liege/BE105939700-043392219/businessdetails.aspx,,,,,,,,,,,,,,,,,,,,,,,
https://www.infobel.com/fr/belgium/la_plage/liege/BE100129470-042241113/businessdetails.aspx,,,,,,,,,,,,,,,,,,,,,,,
https://www.infobel.com/fr/belgium/peribro/liege/BE105927361/businessdetails.aspx,,,,,,,,,,,,,,,,,,,,,,,
https://www.infobel.com/fr/belgium/manhattan_pizza/liege/BE107350020-043432924/businessdetails.aspx,,,,,,,,,,,,,,,,,,,,,,,
https://www.infobel.com/fr/belgium/tony_bang_bang/liege/BE107352042/businessdetails.aspx,,,,,,,,,,,,,,,,,,,,,,,
https://www.infobel.com/fr/belgium/snack_zarda/liege/BE107347976/businessdetails.aspx,,,,,,,,,,,,,,,,,,,,,,,
https://www.infobel.com/fr/belgium/time_to_eat_liege/liege/BE107350617/businessdetails.aspx,,,,,,,,,,,,,,,,,,,,,,,
https://www.infobel.com/fr/belgium/asian_fusion/liege/BE107321791/businessdetails.aspx,,,,,,,,,,,,,,,,,,,,,,,
https://www.infobel.com/fr/belgium/venezia/liege/BE107322650/businessdetails.aspx,,,,,,,,,,,,,,,,,,,,,,,
https://www.infobel.com/fr/belgium/messieurs/liege/BE107311691-042212242/businessdetails.aspx,,,,,,,,,,,,,,,,,,,,,,,
https://www.infobel.com/fr/belgium/les_puces_de_marolles/liege/BE107262017-042652861/businessdetails.aspx,,,,,,,,,,,,,,,,,,,,,,,
https://www.infobel.com/fr/belgium/elouaaliti_said_pizzeria/liege/BE107244826-042224047/businessdetails.aspx,,,,,,,,,,,,,,,,,,,,,,,
https://www.infobel.com/fr/belgium/guernica/liege/BE107244215-042210199/businessdetails.aspx,,,,,,,,,,,,,,,,,,,,,,,
https://www.infobel.com/fr/belgium/qualia/liege/BE107251310-043376237/businessdetails.aspx,,,,,,,,,,,,,,,,,,,,,,,
https://www.infobel.com/fr/belgium/lily_bea/liege/BE107246703/businessdetails.aspx,,,,,,,,,,,,,,,,,,,,,,,
https://www.infobel.com/fr/belgium/taverne_royale/liege/BE107236901-042234354/businessdetails.aspx,,,,,,,,,,,,,,,,,,,,,,,
https://www.infobel.com/fr/belgium/casa_tournesols/liege/BE107235078/businessdetails.aspx,,,,,,,,,,,,,,,,,,,,,,,
https://www.infobel.com/fr/belgium/yuan_lai/liege/BE107132875/businessdetails.aspx,,,,,,,,,,,,,,,,,,,,,,,
https://www.infobel.com/fr/belgium/bar_a_pates_de_liege/liege/BE107129625/businessdetails.aspx,,,,,,,,,,,,,,,,,,,,,,,
https://www.infobel.com/fr/belgium/lau/liege/BE107117935/businessdetails.aspx,,,,,,,,,,,,,,,,,,,,,,,
https://www.infobel.com/fr/belgium/sebastian/liege/BE107119755/businessdetails.aspx,,,,,,,,,,,,,,,,,,,,,,,
https://www.infobel.com/fr/belgium/maki_king/liege/BE107119450-042782268/businessdetails.aspx,,,,,,,,,,,,,,,,,,,,,,,
https://www.infobel.com/fr/belgium/o_tacos/liege/BE107127168-043805088/businessdetails.aspx,,,,,,,,,,,,,,,,,,,,,,,
https://www.infobel.com/fr/belgium/la_mie_salee/liege/BE107123469-042210333/businessdetails.aspx,,,,,,,,,,,,,,,,,,,,,,,
https://www.infobel.com/fr/belgium/isola_bella/vennes/BE107112799-043444779/businessdetails.aspx,,,,,,,,,,,,,,,,,,,,,,,
https://www.infobel.com/fr/belgium/le_pot_d_or/liege/BE107122352-042222822/businessdetails.aspx,,,,,,,,,,,,,,,,,,,,,,,
https://www.infobel.com/fr/belgium/gecko_s_taco_shop/liege/BE107122323-042721759/businessdetails.aspx,,,,,,,,,,,,,,,,,,,,,,,
https://www.infobel.com/fr/belgium/pizzeria_ciao_napoli/liege/BE107120108-043518031/businessdetails.aspx,,,,,,,,,,,,,,,,,,,,,,,
https://www.infobel.com/fr/belgium/arabesque_chicha_bar/liege/BE107113794-042720032/businessdetails.aspx,,,,,,,,,,,,,,,,,,,,,,,
https://www.infobel.com/fr/belgium/5_5_salads_bar/liege/BE107111399/businessdetails.aspx,,,,,,,,,,,,,,,,,,,,,,,
https://www.infobel.com/fr/belgium/ki_mi_restaurant_asiatique_brasserie/liege/BE107109570-042782268/businessdetails.aspx,,,,,,,,,,,,,,,,,,,,,,,
https://www.infobel.com/fr/belgium/afrovibe/liege/BE107094517-043784475/businessdetails.aspx,,,,,,,,,,,,,,,,,,,,,,,
https://www.infobel.com/fr/belgium/tasty_food_angleur/liege/BE107107128/businessdetails.aspx,,,,,,,,,,,,,,,,,,,,,,,
https://www.infobel.com/fr/belgium/brunch_time_s/liege/BE107089228-042310963/businessdetails.aspx,,,,,,,,,,,,,,,,,,,,,,,
https://www.infobel.com/fr/belgium/sakura/liege/BE107086650/businessdetails.aspx,,,,,,,,,,,,,,,,,,,,,,,
https://www.infobel.com/fr/belgium/osteria_fratelli/liege/BE107085067-042234992/businessdetails.aspx,,,,,,,,,,,,,,,,,,,,,,,
https://www.infobel.com/fr/belgium/belles_gourmandes_internationales/liege/BE107074730-042221149/businessdetails.aspx,,,,,,,,,,,,,,,,,,,,,,,
https://www.infobel.com/fr/belgium/premium_food/liege/BE107055020-043689202/businessdetails.aspx,,,,,,,,,,,,,,,,,,,,,,,
https://www.infobel.com/fr/belgium/le_155_quebec_a_table/liege/BE107049546/businessdetails.aspx,,,,,,,,,,,,,,,,,,,,,,,
https://www.infobel.com/fr/belgium/passerelle/liege/BE107057236-042282264/businessdetails.aspx,,,,,,,,,,,,,,,,,,,,,,,
https://www.infobel.com/fr/belgium/alla_grappa_pizza/liege/BE107064361-042221636/businessdetails.aspx,,,,,,,,,,,,,,,,,,,,,,,
https://www.infobel.com/fr/belgium/di_cienzo_raphael/liege/BE107056107-042259565/businessdetails.aspx,,,,,,,,,,,,,,,,,,,,,,,
https://www.infobel.com/fr/belgium/face_b/liege/BE107055400/businessdetails.aspx,,,,,,,,,,,,,,,,,,,,,,,
https://www.infobel.com/fr/belgium/bhati_zara/liege/BE107026060/businessdetails.aspx,,,,,,,,,,,,,,,,,,,,,,,
https://www.infobel.com/fr/belgium/adonis/liege/BE107011455/businessdetails.aspx,,,,,,,,,,,,,,,,,,,,,,,
https://www.infobel.com/fr/belgium/le_royal/liege/BE107015467-043438759/businessdetails.aspx,,,,,,,,,,,,,,,,,,,,,,,
https://www.infobel.com/fr/belgium/belle_ile/liege/BE106983050-042431766/businessdetails.aspx,,,,,,,,,,,,,,,,,,,,,,,
https://www.infobel.com/fr/belgium/matin_liegeois/liege/BE106962325-042220322/businessdetails.aspx,,,,,,,,,,,,,,,,,,,,,,,
https://www.infobel.com/fr/belgium/hot_n_cheese/liege/BE106966132/businessdetails.aspx,,,,,,,,,,,,,,,,,,,,,,,
https://www.infobel.com/fr/belgium/aloha_sushi/liege/BE106974314-043370679/businessdetails.aspx,,,,,,,,,,,,,,,,,,,,,,,
https://www.infobel.com/fr/belgium/baobab/liege/BE106964563/businessdetails.aspx,,,,,,,,,,,,,,,,,,,,,,,
https://www.infobel.com/fr/belgium/boulevard_des_saveurs/liege/BE106960758-042866798/businessdetails.aspx,,,,,,,,,,,,,,,,,,,,,,,
https://www.infobel.com/fr/belgium/eat_chill/liege/BE106959654/businessdetails.aspx,,,,,,,,,,,,,,,,,,,,,,,
https://www.infobel.com/fr/belgium/mads/liege/BE106929877-043376237/businessdetails.aspx,,,,,,,,,,,,,,,,,,,,,,,
https://www.infobel.com/fr/belgium/la_cigaliere/liege/BE106949056-042214292/businessdetails.aspx,,,,,,,,,,,,,,,,,,,,,,,
https://www.infobel.com/fr/belgium/cofrites/liege/BE106933004-042664723/businessdetails.aspx,,,,,,,,,,,,,,,,,,,,,,,
https://www.infobel.com/fr/belgium/greek_and_potatoes/liege/BE106940595/businessdetails.aspx,,,,,,,,,,,,,,,,,,,,,,,
https://www.infobel.com/fr/belgium/bar_a_pates_de_rocourt/liege/BE106884077/businessdetails.aspx,,,,,,,,,,,,,,,,,,,,,,,
https://www.infobel.com/fr/belgium/le_shanghai/liege/BE106856443-080341841/businessdetails.aspx,,,,,,,,,,,,,,,,,,,,,,,
https://www.infobel.com/fr/belgium/snack_pita_kiwi/liege/BE106812163-043384538/businessdetails.aspx,,,,,,,,,,,,,,,,,,,,,,,
https://www.infobel.com/fr/belgium/india_house_miah_nanu_cie/liege/BE106619646-042232394/businessdetails.aspx,,,,,,,,,,,,,,,,,,,,,,,
https://www.infobel.com/fr/belgium/mediterraneo/liege/BE106630524-043444504/businessdetails.aspx,,,,,,,,,,,,,,,,,,,,,,,
https://www.infobel.com/fr/belgium/1001_nuits_jupille/liege/BE106613908/businessdetails.aspx,,,,,,,,,,,,,,,,,,,,,,,
https://www.infobel.com/fr/belgium/o_jabb/liege/BE106572873/businessdetails.aspx,,,,,,,,,,,,,,,,,,,,,,,
https://www.infobel.com/fr/belgium/san_daniele/liege/BE106594880-042321511/businessdetails.aspx,,,,,,,,,,,,,,,,,,,,,,,
https://www.infobel.com/fr/belgium/utamu_coffee_n_pastries/liege/BE106585176/businessdetails.aspx,,,,,,,,,,,,,,,,,,,,,,,
https://www.infobel.com/fr/belgium/tandoori/liege/BE106574167/businessdetails.aspx,,,,,,,,,,,,,,,,,,,,,,,
https://www.infobel.com/fr/belgium/asian_kitchen/liege/BE106515478-043413153/businessdetails.aspx,,,,,,,,,,,,,,,,,,,,,,,
https://www.infobel.com/fr/belgium/u_exhibitions/liege/BE106504717-042211266/businessdetails.aspx,,,,,,,,,,,,,,,,,,,,,,,
https://www.infobel.com/fr/belgium/tq/liege/BE106514247-042229200/businessdetails.aspx,,,,,,,,,,,,,,,,,,,,,,,
https://www.infobel.com/fr/belgium/pamasco/liege/BE106508661/businessdetails.aspx,,,,,,,,,,,,,,,,,,,,,,,
https://www.infobel.com/fr/belgium/xho/liege/BE106369742/businessdetails.aspx,,,,,,,,,,,,,,,,,,,,,,,
https://www.infobel.com/fr/belgium/steaqhouse/liege/BE106341210-043720003/businessdetails.aspx,,,,,,,,,,,,,,,,,,,,,,,
https://www.infobel.com/fr/belgium/o_rodizio/liege/BE106264900-042234729/businessdetails.aspx,,,,,,,,,,,,,,,,,,,,,,,
https://www.infobel.com/fr/belgium/iadanza_mario/liege/BE106207284-042220042/businessdetails.aspx,,,,,,,,,,,,,,,,,,,,,,,
https://www.infobel.com/fr/belgium/asie/liege/BE106242424/businessdetails.aspx,,,,,,,,,,,,,,,,,,,,,,,
https://www.infobel.com/fr/belgium/chez_edmond/liege/BE106158679/businessdetails.aspx,,,,,,,,,,,,,,,,,,,,,,,
https://www.infobel.com/fr/belgium/viatour/liege/BE106129881-042524646/businessdetails.aspx,,,,,,,,,,,,,,,,,,,,,,,
https://www.infobel.com/fr/belgium/zoff/liege/BE106115740-042224725/businessdetails.aspx,,,,,,,,,,,,,,,,,,,,,,,
https://www.infobel.com/fr/belgium/akbulut_hayrettin/liege/BE106101734/businessdetails.aspx,,,,,,,,,,,,,,,,,,,,,,,
https://www.infobel.com/fr/belgium/le_shan_sui/liege/BE106077629-042528821/businessdetails.aspx,,,,,,,,,,,,,,,,,,,,,,,
https://www.infobel.com/fr/belgium/t_q/liege/BE105846354-042229200/businessdetails.aspx,,,,,,,,,,,,,,,,,,,,,,,
https://www.infobel.com/fr/belgium/brasserie_du_lion/liege/BE105700200-042623301/businessdetails.aspx,,,,,,,,,,,,,,,,,,,,,,,
https://www.infobel.com/fr/belgium/s_d_i_l_restaurant/liege/BE105627901-043412369/businessdetails.aspx,,,,,,,,,,,,,,,,,,,,,,,
https://www.infobel.com/fr/belgium/il_gusto_chicken/liege/BE105676233/businessdetails.aspx,,,,,,,,,,,,,,,,,,,,,,,
https://www.infobel.com/fr/belgium/chez_phillippou/liege/BE105595022-042221822/businessdetails.aspx,,,,,,,,,,,,,,,,,,,,,,,
https://www.infobel.com/fr/belgium/pan_y_sopa/liege/BE105530994-042215921/businessdetails.aspx,,,,,,,,,,,,,,,,,,,,,,,
https://www.infobel.com/fr/belgium/fantomas/liege/BE105476126-043371536/businessdetails.aspx,,,,,,,,,,,,,,,,,,,,,,,
https://www.infobel.com/fr/belgium/domino_s_pizza/liege/BE105459774-042269140/businessdetails.aspx,,,,,,,,,,,,,,,,,,,,,,,
https://www.infobel.com/fr/belgium/patisserie_stoffels/liege/BE105441647-042234556/businessdetails.aspx,,,,,,,,,,,,,,,,,,,,,,,
https://www.infobel.com/fr/belgium/la_rustica/liege/BE105390187-043414590/businessdetails.aspx,,,,,,,,,,,,,,,,,,,,,,,
https://www.infobel.com/fr/belgium/f_c_mercato/liege/BE105356310-042542300/businessdetails.aspx,,,,,,,,,,,,,,,,,,,,,,,
https://www.infobel.com/fr/belgium/pita_pizza_rocourt/liege/BE105270678-042223683/businessdetails.aspx,,,,,,,,,,,,,,,,,,,,,,,
https://www.infobel.com/fr/belgium/bistrot_mentin/liege/BE105322170/businessdetails.aspx,,,,,,,,,,,,,,,,,,,,,,,
https://www.infobel.com/fr/belgium/pizzeria_la_casa_vostra/liege/BE105273435-043432594/businessdetails.aspx,,,,,,,,,,,,,,,,,,,,,,,
https://www.infobel.com/fr/belgium/ing_thai_issane/liege/BE105221116-043429389/businessdetails.aspx,,,,,,,,,,,,,,,,,,,,,,,
https://www.infobel.com/fr/belgium/tokyo_sushi_bar/liege/BE105187392-042229888/businessdetails.aspx,,,,,,,,,,,,,,,,,,,,,,,
https://www.infobel.com/fr/belgium/merdin/liege/BE105174216/businessdetails.aspx,,,,,,,,,,,,,,,,,,,,,,,
https://www.infobel.com/fr/belgium/donuts/liege/BE105158261-042890732/businessdetails.aspx,,,,,,,,,,,,,,,,,,,,,,,
https://www.infobel.com/fr/belgium/la_taverne_d_avroy/liege/BE105145541-042231233/businessdetails.aspx,,,,,,,,,,,,,,,,,,,,,,,
https://www.infobel.com/fr/belgium/le_neuvice/liege/BE105022739-043677945/businessdetails.aspx,,,,,,,,,,,,,,,,,,,,,,,
https://www.infobel.com/fr/belgium/traiteur_shanghai/liege/BE102328473-042699113/businessdetails.aspx,,,,,,,,,,,,,,,,,,,,,,,
https://www.infobel.com/fr/belgium/snack_vitez/liege/BE102110424-042270225/businessdetails.aspx,,,,,,,,,,,,,,,,,,,,,,,
https://www.infobel.com/fr/belgium/hong_sha_long/liege/BE102071002-043400106/businessdetails.aspx,,,,,,,,,,,,,,,,,,,,,,,
https://www.infobel.com/fr/belgium/mediterraneo/liege/BE101787669-043444504/businessdetails.aspx,,,,,,,,,,,,,,,,,,,,,,,
https://www.infobel.com/fr/belgium/transeurope/liege/BE101798603-042342418/businessdetails.aspx,,,,,,,,,,,,,,,,,,,,,,,
https://www.infobel.com/fr/belgium/boubkiri_adil/liege/BE101921792-042663043/businessdetails.aspx,,,,,,,,,,,,,,,,,,,,,,,
https://www.infobel.com/fr/belgium/le_wembley/liege/BE101803274-042529503/businessdetails.aspx,,,,,,,,,,,,,,,,,,,,,,,
https://www.infobel.com/fr/belgium/patza/liege/BE100842974-043423845/businessdetails.aspx,,,,,,,,,,,,,,,,,,,,,,,
https://www.infobel.com/fr/belgium/la_brasserie_cathedrale/liege/BE100762796-043620427/businessdetails.aspx,,,,,,,,,,,,,,,,,,,,,,,
https://www.infobel.com/fr/belgium/boulevard_au/liege/BE100529925-042212713/businessdetails.aspx,,,,,,,,,,,,,,,,,,,,,,,
https://www.infobel.com/fr/belgium/soleils_du_monde/liege/BE100532680-043415110/businessdetails.aspx,,,,,,,,,,,,,,,,,,,,,,,
https://www.infobel.com/fr/belgium/penelope/liege/BE100531778-043429745/businessdetails.aspx,,,,,,,,,,,,,,,,,,,,,,,
https://www.infobel.com/fr/belgium/la_chaise_au_plafond/liege/BE100494118-042370800/businessdetails.aspx,,,,,,,,,,,,,,,,,,,,,,,
https://www.infobel.com/fr/belgium/albafer/liege/BE100498726-042232989/businessdetails.aspx,,,,,,,,,,,,,,,,,,,,,,,
https://www.infobel.com/fr/belgium/le_saint_gregory/liege/BE100455448-042231364/businessdetails.aspx,,,,,,,,,,,,,,,,,,,,,,,
https://www.infobel.com/fr/belgium/ratatouille_la/liege/BE100428416-043659679/businessdetails.aspx,,,,,,,,,,,,,,,,,,,,,,,
https://www.infobel.com/fr/belgium/il_bacio/liege/BE100346749-043434348/businessdetails.aspx,,,,,,,,,,,,,,,,,,,,,,,
https://www.infobel.com/fr/belgium/caffe_internazionale/liege/BE100351389-042230670/businessdetails.aspx,,,,,,,,,,,,,,,,,,,,,,,
https://www.infobel.com/fr/belgium/l_asie_gourmet_liege/liege/BE100319355-042524025/businessdetails.aspx,,,,,,,,,,,,,,,,,,,,,,,
https://www.infobel.com/fr/belgium/sushi_world_liege/liege/BE100276321-043729094/businessdetails.aspx,,,,,,,,,,,,,,,,,,,,,,,
https://www.infobel.com/fr/belgium/i_can_doo/liege/BE100130533-042259565/businessdetails.aspx,,,,,,,,,,,,,,,,,,,,,,,
https://www.infobel.com/fr/belgium/cosyl/liege/BE100128201-042212655/businessdetails.aspx,,,,,,,,,,,,,,,,,,,,,,,
https://www.infobel.com/fr/belgium/papathanassiu_dimitrios/liege/BE100128270-042210626/businessdetails.aspx,,,,,,,,,,,,,,,,,,,,,,,
https://www.infobel.com/fr/belgium/koliba/liege/BE100128803-042222241/businessdetails.aspx,,,,,,,,,,,,,,,,,,,,,,,
https://www.infobel.com/fr/belgium/taverne_des_artistes/liege/BE100128036-043611501/businessdetails.aspx,,,,,,,,,,,,,,,,,,,,,,,
https://www.infobel.com/fr/belgium/haagen_dazs/liege/BE100670186-043445327/businessdetails.aspx,,,,,,,,,,,,,,,,,,,,,,,
https://www.infobel.com/fr/belgium/chez_max/liege/BE107236394/businessdetails.aspx,,,,,,,,,,,,,,,,,,,,,,,
https://www.infobel.com/fr/belgium/nassim_fish/liege/BE107078059/businessdetails.aspx,,,,,,,,,,,,,,,,,,,,,,,
https://www.infobel.com/fr/belgium/restaurants_universitaires_de_liege/liege/BE106529806/businessdetails.aspx,,,,,,,,,,,,,,,,,,,,,,,
https://www.infobel.com/fr/belgium/c3m_events/liege/BE105861314/businessdetails.aspx,,,,,,,,,,,,,,,,,,,,,,,
https://www.infobel.com/fr/belgium/gupta_bikash/liege/BE107345700-043441828/businessdetails.aspx,,,,,,,,,,,,,,,,,,,,,,,
https://www.infobel.com/fr/belgium/restaurant_chez_emile/liege/BE107343717-042231233/businessdetails.aspx,,,,,,,,,,,,,,,,,,,,,,,
https://www.infobel.com/fr/belgium/sky_bar/liege/BE107350791-042441200/businessdetails.aspx,,,,,,,,,,,,,,,,,,,,,,,
https://www.infobel.com/fr/belgium/makisu_liege/liege/BE106933739-028978900/businessdetails.aspx,,,,,,,,,,,,,,,,,,,,,,,
https://www.infobel.com/fr/belgium/au_point_de_vue/liege/BE107339990-042236482/businessdetails.aspx,,,,,,,,,,,,,,,,,,,,,,,
https://www.infobel.com/fr/belgium/d_acri_claudio/liege/BE107338046-042472210/businessdetails.aspx,,,,,,,,,,,,,,,,,,,,,,,
https://www.infobel.com/fr/belgium/point_chaud/liege/BE107319369-042241161/businessdetails.aspx,,,,,,,,,,,,,,,,,,,,,,,
https://www.infobel.com/fr/belgium/kci/liege/BE107314683-043435976/businessdetails.aspx,,,,,,,,,,,,,,,,,,,,,,,
https://www.infobel.com/fr/belgium/hot_dog_boy/liege/BE107310361/businessdetails.aspx,,,,,,,,,,,,,,,,,,,,,,,
https://www.infobel.com/fr/belgium/danish_bar/liege/BE107281251/businessdetails.aspx,,,,,,,,,,,,,,,,,,,,,,,
https://www.infobel.com/fr/belgium/immo_laos/liege/BE107283598-042250725/businessdetails.aspx,,,,,,,,,,,,,,,,,,,,,,,
https://www.infobel.com/fr/belgium/c_c_patri/liege/BE107277806-042220042/businessdetails.aspx,,,,,,,,,,,,,,,,,,,,,,,
https://www.infobel.com/fr/belgium/les_princes_eveques/liege/BE107285398-042253948/businessdetails.aspx,,,,,,,,,,,,,,,,,,,,,,,
https://www.infobel.com/fr/belgium/domino_steak_house/liege/BE107285646-042222950/businessdetails.aspx,,,,,,,,,,,,,,,,,,,,,,,
https://www.infobel.com/fr/belgium/yust_liege/liege/BE107259036-042955750/businessdetails.aspx,,,,,,,,,,,,,,,,,,,,,,,
https://www.infobel.com/fr/belgium/galet/liege/BE107249464-024288025/businessdetails.aspx,,,,,,,,,,,,,,,,,,,,,,,
https://www.infobel.com/fr/belgium/tartin_emoi/liege/BE107244327/businessdetails.aspx,,,,,,,,,,,,,,,,,,,,,,,
https://www.infobel.com/fr/belgium/les_comtes_de_mean/liege/BE107250541-042229494/businessdetails.aspx,,,,,,,,,,,,,,,,,,,,,,,
https://www.infobel.com/fr/belgium/rive_gauche/liege/BE107252094-042320363/businessdetails.aspx,,,,,,,,,,,,,,,,,,,,,,,
https://www.infobel.com/fr/belgium/sirtaki/liege/BE107245196-042250725/businessdetails.aspx,,,,,,,,,,,,,,,,,,,,,,,
https://www.infobel.com/fr/belgium/la_piazza/liege/BE107248558-043609559/businessdetails.aspx,,,,,,,,,,,,,,,,,,,,,,,
https://www.infobel.com/fr/belgium/le_shanghai/liege/BE107245159-042222263/businessdetails.aspx,,,,,,,,,,,,,,,,,,,,,,,
https://www.infobel.com/fr/belgium/pizzeria_pugliese/liege/BE107240955-042221479/businessdetails.aspx,,,,,,,,,,,,,,,,,,,,,,,
https://www.infobel.com/fr/belgium/pizza_shani/liege/BE107133152-043400713/businessdetails.aspx,,,,,,,,,,,,,,,,,,,,,,,
https://www.infobel.com/fr/belgium/shizu_fusion/liege/BE107135504-042229494/businessdetails.aspx,,,,,,,,,,,,,,,,,,,,,,,
https://www.infobel.com/fr/belgium/the_lab/liege/BE107131220/businessdetails.aspx,,,,,,,,,,,,,,,,,,,,,,,
https://www.infobel.com/fr/belgium/le_robert/liege/BE107138364-043667634/businessdetails.aspx,,,,,,,,,,,,,,,,,,,,,,,
https://www.infobel.com/fr/belgium/guapa_juice/liege/BE107132459-043427667/businessdetails.aspx,,,,,,,,,,,,,,,,,,,,,,,
https://www.infobel.com/fr/belgium/o_brasero/liege/BE107135900-042638096/businessdetails.aspx,,,,,,,,,,,,,,,,,,,,,,,
https://www.infobel.com/fr/belgium/da_toto/liege/BE107131704/businessdetails.aspx,,,,,,,,,,,,,,,,,,,,,,,
https://www.infobel.com/fr/belgium/la_pizza_ardente/liege/BE107130284-042431045/businessdetails.aspx,,,,,,,,,,,,,,,,,,,,,,,
https://www.infobel.com/fr/belgium/la_cuisine_de_yannick/liege/BE107123615-042214314/businessdetails.aspx,,,,,,,,,,,,,,,,,,,,,,,
https://www.infobel.com/fr/belgium/beer_shop_e_by_vaudree2/liege/BE107130653-042231880/businessdetails.aspx,,,,,,,,,,,,,,,,,,,,,,,
https://www.infobel.com/fr/belgium/grand_cafe_of_the_station/liege/BE107123006-042224359/businessdetails.aspx,,,,,,,,,,,,,,,,,,,,,,,
https://www.infobel.com/fr/belgium/le_cabochon/liege/BE107117596-043403506/businessdetails.aspx,,,,,,,,,,,,,,,,,,,,,,,
https://www.infobel.com/fr/belgium/uguzon/liege/BE107108078-042233035/businessdetails.aspx,,,,,,,,,,,,,,,,,,,,,,,
https://www.infobel.com/fr/belgium/glouton/liege/BE107104533/businessdetails.aspx,,,,,,,,,,,,,,,,,,,,,,,
https://www.infobel.com/fr/belgium/g_du_bol/liege/BE107100355/businessdetails.aspx,,,,,,,,,,,,,,,,,,,,,,,
